code,name,energy_kcal,protein_g,fat_g,carb_g,sugar_g,fiber_g,calcium_mg,iron_mg,sodium_mg,bdd_pct,state,group,cuisine,portion_g_cooked,aliases,note
idn-ikan-nike-segar,Ikan Nike Segar,90.0,15.0,3.0,0.0,0.0,0.0,400,2.2,90,100,Mentah,Bahan Pokok,,80,Duwo Ikan Nike,Fresh Nike Whitebait · Duwo Ikan Nike · 1 porsi · Gorontalo/Ikan · src:USDA analog · conf:medium
idn-gula-merah-jawa,Gula Merah Jawa,386.0,0.5,0.2,95.0,85.0,0.0,75,2.6,30,100,Mentah,Bahan Pokok,,15,Gula Jawa Gula Kelapa Gula Merah,Javanese Palm Sugar Block · Gula Jawa Gula Kelapa Gula Merah · 1 sdm (15 g) · Jawa Tengah/Bumbu & Saus · src:TKPI · conf:high
idn-horog-horog,Horog-Horog,185.0,0.6,0.3,45.0,0.5,0.8,10,0.4,25,100,Mentah,Bahan Pokok,,100,Horog Horog Jepara Horok-Horok,Jepara Palm Starch Rice Substitute · Horog Horog Jepara Horok-Horok · 1 porsi (100 g) · Jawa Tengah/Serealia & Umbi · src:Recipe calc · conf:medium
idn-baking-powder,Baking Powder,53.0,0.0,0.0,13.0,0.0,0.2,5876,1.2,10600,100,Mentah,Bahan Pokok,,5,Bahan Pengembang Baking Powder Double Acting,Baking Powder · Bahan Pengembang Baking Powder Double Acting · 1 sdt (5 g) · Nasional/Bumbu & Saus · src:USDA analog · conf:medium
idn-bihun-rebus,Bihun Rebus,109.0,0.9,0.2,24.9,0.1,1.0,4,0.1,19,100,Olahan,Bahan Pokok,,150,Bihun Putih Rebus Mihun Rebus,Cooked Rice Vermicelli · Bihun Putih Rebus Mihun Rebus · 1 porsi · Nasional/Mie & Bihun · src:USDA analog · conf:high
idn-bubur-nasi-putih,Bubur Nasi Putih,65.0,1.2,0.1,14.5,0.1,0.1,8,0.2,2,100,Mentah,Bahan Pokok,,250,Bubur Polos Bubur Putih Congee,Plain Rice Porridge · Bubur Polos Bubur Putih Congee · 1 mangkok · Nasional/Nasi · src:Recipe calc · conf:high
idn-butter-asin,Butter Asin,717.0,0.9,81.1,0.1,0.1,0.0,24,0.0,643,100,Mentah,Bahan Pokok,,14,Butter Garam Mentega Asin Salted Butter,Salted Butter · Butter Garam Mentega Asin Salted Butter · 1 sdm (14 g) · Nasional/Roti & Pastry · src:USDA analog · conf:high
idn-cuka-masak,Cuka Masak,18.0,0.0,0.0,0.1,0.1,0.0,6,0.1,2,100,Mentah,Bahan Pokok,,15,Cuka Cuka Dapur Vinegar,Cooking Vinegar · Cuka Cuka Dapur Vinegar · 1 sdm (15 g) · Nasional/Bumbu & Saus · src:USDA analog · conf:high
idn-garam-dapur,Garam Dapur,0.0,0.0,0.0,0.0,0.0,0.0,24,0.3,38758,100,Mentah,Bahan Pokok,,5,Garam Garam Beryodium,Table Salt · Garam Garam Beryodium · 1 sdt (5 g) · Nasional/Bumbu & Saus · src:USDA analog · conf:high
idn-gula-batu,Gula Batu,387.0,0.0,0.0,99.5,99.5,0.0,1,0.1,1,100,Mentah,Bahan Pokok,,10,Gula Kristal Batu Rock Sugar,Rock Sugar · Gula Kristal Batu Rock Sugar · 1 bongkah (10 g) · Nasional/Bumbu & Saus · src:USDA analog · conf:high
idn-gula-halus,Gula Halus,389.0,0.0,0.0,99.8,97.0,0.0,1,0.1,2,100,Mentah,Bahan Pokok,,12,Gula Bubuk Gula Donat Icing Sugar,Powdered Icing Sugar · Gula Bubuk Gula Donat Icing Sugar · 1 sdm (12 g) · Nasional/Bumbu & Saus · src:USDA analog · conf:high
idn-gula-pasir,Gula Pasir,387.0,0.0,0.0,99.8,99.8,0.0,1,0.1,1,100,Mentah,Bahan Pokok,,5,Gula Kristal Gula Putih,Granulated White Sugar · Gula Kristal Gula Putih · 1 sdt · Nasional/Bubur · src:USDA analog · conf:high
idn-jagung-manis-rebus,Jagung Manis Rebus,96.0,3.4,1.5,21.0,4.5,2.4,3,0.5,1,100,Olahan,Bahan Pokok,,130,Jagung Manis Kukus Sweet Corn Rebus,Boiled Sweet Corn · Jagung Manis Kukus Sweet Corn Rebus · 1 tongkol sedang · Nasional/Bubur · src:USDA analog · conf:high
idn-kentang-rebus,Kentang Rebus,87.0,1.9,0.1,20.1,0.9,1.8,8,0.3,4,100,Olahan,Bahan Pokok,,120,Kentang Kukus,Boiled Potato · Kentang Kukus · 1 buah sedang · Nasional/Bubur · src:USDA analog · conf:high
idn-ketupat,Ketupat,140.0,2.4,0.3,31.0,0.1,0.4,10,0.4,60,100,Mentah,Bahan Pokok,,130,Ketupat Polos Kupat,Woven Palm-Leaf Rice Cake · Ketupat Polos Kupat · 1 buah · Nasional/Nasi · src:NilaiGizi · conf:high
idn-kwetiau-rebus,Kwetiau Rebus,110.0,1.8,0.2,25.0,0.2,0.9,5,0.2,20,100,Olahan,Bahan Pokok,,180,Kwetiau Putih Kwetiaw Rebus,Cooked Flat Rice Noodles · Kwetiau Putih Kwetiaw Rebus · 1 porsi · Nasional/Mie & Bihun · src:USDA analog · conf:high
idn-lemak-babi,Lemak Babi,898.0,0.0,99.5,0.0,0.0,0.0,0,0.0,0,100,Mentah,Bahan Pokok,,13,Gajih Babi Lard Minyak Babi,Lard · Gajih Babi Lard Minyak Babi · 1 sdm (13 g) · Nasional/Babi · src:USDA analog · conf:high
idn-lemak-sapi,Lemak Sapi,900.0,0.0,100.0,0.0,0.0,0.0,0,0.0,0,100,Mentah,Bahan Pokok,,13,Gajih Sapi Lemak Daging Sapi Tallow,Beef Tallow · Gajih Sapi Lemak Daging Sapi Tallow · 1 sdm (13 g) · Nasional/Daging Sapi · src:USDA analog · conf:high
idn-lontong,Lontong,130.0,2.2,0.2,28.8,0.1,0.3,8,0.3,80,100,Mentah,Bahan Pokok,,120,Buras Lontong Polos,Compressed Boiled Rice Cake · Buras Lontong Polos · 1 buah · Nasional/Nasi · src:NilaiGizi · conf:high
idn-makaroni-rebus,Makaroni Rebus,158.0,5.8,0.9,30.9,0.6,1.8,7,1.3,1,100,Olahan,Bahan Pokok,,140,Macaroni Makaroni Matang,Cooked Macaroni · Macaroni Makaroni Matang · 1 porsi · Nasional/Bubur · src:USDA analog · conf:high
idn-mentega-putih,Mentega Putih,884.0,0.0,100.0,0.0,0.0,0.0,0,0.0,0,100,Mentah,Bahan Pokok,,13,Roombutter Putih Shortening,Vegetable Shortening · Roombutter Putih Shortening · 1 sdm (13 g) · Nasional/Bumbu & Saus · src:USDA analog · conf:high
idn-mentega-tawar,Mentega Tawar,717.0,0.9,81.1,0.1,0.1,0.0,24,0.0,11,100,Mentah,Bahan Pokok,,14,Butter Tawar Unsalted Butter,Unsalted Butter · Butter Tawar Unsalted Butter · 1 sdm (14 g) · Nasional/Bumbu & Saus · src:USDA analog · conf:high
idn-mie-instan-goreng,Mie Instan Goreng,180.0,4.5,7.0,25.0,2.0,1.0,10,1.5,520,100,Olahan,Bahan Pokok,,210,Indomie Goreng Mi Instan Goreng,Cooked Fried-Style Instant Noodles · Indomie Goreng Mi Instan Goreng · 1 porsi · Nasional/Mie Instan · src:Recipe calc · conf:medium
idn-mie-instan-kuah,Mie Instan Kuah,85.0,2.2,3.2,11.8,0.8,0.6,8,0.8,335,100,Mentah,Bahan Pokok,,400,Indomie Kuah Mi Instan Rebus,Cooked Instant Noodle Soup · Indomie Kuah Mi Instan Rebus · 1 mangkok · Nasional/Mie Instan · src:Recipe calc · conf:medium
idn-mie-shirataki,Mie Shirataki,8.0,0.2,0.0,3.0,0.0,2.9,20,0.1,10,100,Mentah,Bahan Pokok,,180,Mi Shirataki Mie Konjac,Konjac Shirataki Noodles · Mi Shirataki Mie Konjac · 1 porsi · Nasional/Mie & Bihun · src:USDA analog · conf:medium
idn-mie-telur-rebus,Mie Telur Rebus,138.0,4.5,2.1,25.2,0.5,1.2,12,1.3,5,100,Olahan,Bahan Pokok,,150,Mi Telur Rebus Mie Kuning Rebus,Boiled Egg Noodles · Mi Telur Rebus Mie Kuning Rebus · 1 porsi · Nasional/Mie & Bihun · src:USDA analog · conf:high
idn-minyak-canola,Minyak Canola,884.0,0.0,100.0,0.0,0.0,0.0,0,0.0,0,100,Mentah,Bahan Pokok,,14,Canola Oil Minyak Kanola,Canola Oil · Canola Oil Minyak Kanola · 1 sdm (14 g) · Nasional/Bumbu & Saus · src:USDA analog · conf:high
idn-minyak-goreng-sawit,Minyak Goreng Sawit,884.0,0.0,100.0,0.0,0.0,0.0,0,0.0,0,100,Olahan,Bahan Pokok,,14,Minyak Goreng Minyak Sawit,Palm Cooking Oil · Minyak Goreng Minyak Sawit · 1 sdm · Nasional/Sayuran · src:USDA analog · conf:high
idn-minyak-jagung,Minyak Jagung,884.0,0.0,100.0,0.0,0.0,0.0,0,0.0,0,100,Mentah,Bahan Pokok,,14,Corn Oil Minyak Jagung Murni,Corn Oil · Corn Oil Minyak Jagung Murni · 1 sdm (14 g) · Nasional/Bumbu & Saus · src:USDA analog · conf:high
idn-minyak-kelapa-murni-vco,Minyak Kelapa Murni VCO,892.0,0.0,99.1,0.0,0.0,0.0,0,0.1,0,100,Mentah,Bahan Pokok,,14,Minyak Kelapa Dara VCO Virgin Coconut Oil,Virgin Coconut Oil · Minyak Kelapa Dara VCO Virgin Coconut Oil · 1 sdm (14 g) · Nasional/Bumbu & Saus · src:USDA analog · conf:high
idn-minyak-zaitun-extra-virgin,Minyak Zaitun Extra Virgin,884.0,0.0,100.0,0.0,0.0,0.0,1,0.6,2,100,Mentah,Bahan Pokok,,14,EVOO Olive Oil Extra Virgin,Extra Virgin Olive Oil · EVOO Olive Oil Extra Virgin · 1 sdm (14 g) · Nasional/Bumbu & Saus · src:USDA analog · conf:high
idn-nasi-coklat,Nasi Coklat,130.0,2.9,1.0,27.3,0.3,1.8,12,0.5,2,100,Mentah,Bahan Pokok,,100,Nasi Beras Coklat Nasi Pecah Kulit,Steamed Brown Rice · Nasi Beras Coklat Nasi Pecah Kulit · 1 centong sedang · Nasional/Nasi · src:USDA analog · conf:high
idn-nasi-merah,Nasi Merah,123.0,2.7,1.0,25.6,0.4,2.0,15,0.8,2,100,Mentah,Bahan Pokok,,100,Nasi Beras Merah Sego Abang,Steamed Red Rice · Nasi Beras Merah Sego Abang · 1 centong sedang · Nasional/Nasi · src:TKPI · conf:high
idn-nasi-shirataki,Nasi Shirataki,10.0,0.2,0.0,3.0,0.0,2.5,20,0.1,10,100,Mentah,Bahan Pokok,,150,Beras Konjac Beras Shirataki,Konjac Shirataki Rice · Beras Konjac Beras Shirataki · 1 porsi · Nasional/Nasi · src:USDA analog · conf:medium
idn-oatmeal-matang,Oatmeal Matang,71.0,2.5,1.5,12.0,0.3,1.7,9,0.9,4,100,Mentah,Bahan Pokok,,240,Bubur Oat Havermut Matang,Cooked Oatmeal · Bubur Oat Havermut Matang · 1 mangkok · Nasional/Bubur · src:USDA analog · conf:high
idn-pisang-rebus,Pisang Rebus,120.0,1.0,0.3,29.0,14.0,2.3,5,0.6,3,100,Olahan,Bahan Pokok,,90,Pisang Kepok Rebus Pisang Kukus,Boiled Plantain Banana · Pisang Kepok Rebus Pisang Kukus · 1 buah sedang · Nasional/Buah · src:USDA analog · conf:medium
idn-quaker-rolled-oats,Quaker Rolled Oats,380.0,13.0,7.0,67.7,1.0,10.0,50,4.3,5,100,Mentah,Bahan Pokok,,40,Oat Kering Quaker Rolled Oats Quaker,Quaker Whole Rolled Oats Dry · Oat Kering Quaker Rolled Oats Quaker · 1 sajian (40 g) · Nasional/Bubur · src:FatSecret ID · conf:high
idn-ragi-instan,Ragi Instan,325.0,40.4,7.6,41.2,0.0,26.9,30,2.2,51,100,Mentah,Bahan Pokok,,11,Fermipan Ragi Roti Yeast,Instant Dry Yeast · Fermipan Ragi Roti Yeast · 1 sachet (11 g) · Nasional/Bumbu & Saus · src:USDA analog · conf:medium
idn-santan-bubuk-instan,Santan Bubuk Instan,690.0,6.0,65.0,20.0,8.0,3.0,30,1.5,60,100,Mentah,Bahan Pokok,,20,Santan Bubuk Santan Instan Bubuk,Instant Coconut Milk Powder · Santan Bubuk Santan Instan Bubuk · 2 sdm (20 g) · Nasional/Bumbu & Saus · src:Estimate · conf:medium
idn-santan-encer,Santan Encer,122.0,2.0,10.0,7.6,1.5,0.3,8,0.7,10,100,Mentah,Bahan Pokok,,120,Santan Cair Santan Peras Kedua,Thin Coconut Milk · Santan Cair Santan Peras Kedua · 1/2 gelas · Nasional/Bumbu & Saus · src:TKPI · conf:high
idn-santan-kental,Santan Kental,324.0,4.2,34.3,5.6,3.3,0.7,18,1.6,15,100,Mentah,Bahan Pokok,,60,Santan Murni Santan Peras Pertama,Thick Coconut Milk · Santan Murni Santan Peras Pertama · 1/4 gelas · Nasional/Bumbu & Saus · src:TKPI · conf:high
idn-singkong-rebus,Singkong Rebus,150.0,1.0,0.3,36.0,1.7,1.8,25,0.7,8,100,Olahan,Bahan Pokok,,100,Ketela Pohon Rebus Ubi Kayu Rebus,Boiled Cassava · Ketela Pohon Rebus Ubi Kayu Rebus · 1 potong sedang · Nasional/Bubur · src:TKPI · conf:high
idn-sohun-rebus,Sohun Rebus,83.0,0.1,0.0,20.3,0.1,0.3,3,0.4,3,100,Olahan,Bahan Pokok,,120,Bihun Tang Hoon Soun Suun Rebus,Cooked Mung Bean Glass Noodles · Bihun Tang Hoon Soun Suun Rebus · 1 porsi · Nasional/Mie & Bihun · src:USDA analog · conf:high
idn-susu-bubuk-full-cream,Susu Bubuk Full Cream,496.0,26.3,26.7,38.4,38.4,0.0,912,0.5,371,100,Mentah,Bahan Pokok,,25,Milk Powder Susu Bubuk Susu Bubuk Kering,Full Cream Milk Powder (Dry) · Milk Powder Susu Bubuk Susu Bubuk Kering · 4 sdm (25 g) · Nasional/Roti & Pastry · src:USDA analog · conf:high
idn-susu-bubuk-skim,Susu Bubuk Skim,362.0,36.2,0.8,52.0,52.0,0.0,1257,0.3,535,100,Mentah,Bahan Pokok,,25,Skim Milk Powder Susu Bubuk Tanpa Lemak,Skim Milk Powder (Dry) · Skim Milk Powder Susu Bubuk Tanpa Lemak · 4 sdm (25 g) · Nasional/Roti & Pastry · src:USDA analog · conf:high
idn-talas-rebus,Talas Rebus,142.0,0.5,0.1,34.6,0.5,5.1,18,0.7,15,100,Olahan,Bahan Pokok,,100,Keladi Rebus Talas Kukus,Boiled Taro · Keladi Rebus Talas Kukus · 1 potong sedang · Nasional/Bubur · src:USDA analog · conf:high
idn-tepung-beras,Tepung Beras,366.0,5.9,1.4,80.1,0.1,2.4,10,0.4,0,100,Mentah,Bahan Pokok,,20,Rice Flour Tepung Beras Putih,Rice Flour · Rice Flour Tepung Beras Putih · 2 sdm (20 g) · Nasional/Bumbu & Saus · src:USDA analog · conf:high
idn-tepung-bumbu-sajiku-serbaguna,Tepung Bumbu Sajiku Serbaguna,349.0,8.0,1.0,77.0,2.0,2.0,20,1.5,2500,100,Mentah,Bahan Pokok,,75,Sajiku Tepung Bumbu Tepung Sajiku,Sajiku All-Purpose Seasoned Flour · Sajiku Tepung Bumbu Tepung Sajiku · 1 sachet (75 g) · Nasional/Bumbu & Saus · src:Estimate · conf:medium
idn-tepung-maizena,Tepung Maizena,381.0,0.3,0.1,91.3,0.0,0.9,2,0.5,9,100,Mentah,Bahan Pokok,,10,Corn Starch Maizena Tepung Jagung,Cornstarch · Corn Starch Maizena Tepung Jagung · 1 sdm (10 g) · Nasional/Bumbu & Saus · src:USDA analog · conf:high
idn-tepung-panir,Tepung Panir,370.0,11.0,2.0,76.0,4.0,4.0,180,3.5,700,100,Mentah,Bahan Pokok,,20,Breadcrumb Panko Tepung Roti,Breadcrumbs · Breadcrumb Panko Tepung Roti · 2 sdm (20 g) · Nasional/Bumbu & Saus · src:NilaiGizi · conf:high
idn-tepung-tapioka,Tepung Tapioka,358.0,0.2,0.0,88.7,3.3,0.9,20,1.6,1,100,Mentah,Bahan Pokok,,10,Tapioca Tepung Kanji Tepung Sagu Tani,Tapioca Starch · Tapioca Tepung Kanji Tepung Sagu Tani · 1 sdm (10 g) · Nasional/Bumbu & Saus · src:USDA analog · conf:high
idn-tepung-terigu-protein-sedang,Tepung Terigu Protein Sedang,364.0,10.3,1.0,76.3,0.3,2.7,15,1.2,2,100,Mentah,Bahan Pokok,,20,All Purpose Flour Segitiga Biru Terigu Serbaguna,All Purpose Wheat Flour · All Purpose Flour Segitiga Biru Terigu Serbaguna · 2 sdm (20 g) · Nasional/Ikan · src:USDA analog · conf:high
idn-ubi-jalar-bakar,Ubi Jalar Bakar,90.0,2.0,0.1,20.7,8.5,3.3,30,0.7,30,100,Olahan,Bahan Pokok,,110,Ubi Bakar Ubi Panggang,Baked Sweet Potato · Ubi Bakar Ubi Panggang · 1 buah sedang · Nasional/Bubur · src:USDA analog · conf:high
idn-ubi-jalar-rebus,Ubi Jalar Rebus,76.0,1.4,0.1,17.7,5.7,2.5,27,0.7,27,100,Olahan,Bahan Pokok,,120,Ubi Manis Rebus Ubi Rebus,Boiled Sweet Potato · Ubi Manis Rebus Ubi Rebus · 1 buah sedang · Nasional/Bubur · src:USDA analog · conf:high
idn-wijen-hitam-sangrai,Wijen Hitam Sangrai,573.0,17.7,49.7,23.4,0.3,11.8,975,14.6,11,100,Mentah,Bahan Pokok,,9,Black Sesame Wijen Hitam,Roasted Black Sesame Seeds · Black Sesame Wijen Hitam · 1 sdm (9 g) · Nasional/Kacang & Biji · src:USDA analog · conf:high
idn-ubi-nuabosi,Ubi Nuabosi,155.0,1.0,0.3,37.0,1.8,1.8,30,0.7,12,100,Mentah,Bahan Pokok,,150,Singkong Nuabosi Ubi Nuabosi Ende,Ende Steamed Nuabosi Cassava · Singkong Nuabosi Ubi Nuabosi Ende · 1 potong · Nusa Tenggara Timur/Bubur · src:Recipe calc · conf:medium
idn-ikan-roa-asap,Ikan Roa Asap,240.0,45.0,6.5,0.0,0.0,0.0,250,3.5,950,100,Olahan,Bahan Pokok,,25,Ikan Galafea Ikan Julung-Julung Asap Sagela,Smoked Halfbeak Fish · Ikan Galafea Ikan Julung-Julung Asap Sagela · 1 ekor · Sulawesi Utara/Ikan · src:Recipe calc · conf:medium
idn-ikan-tuna-segar,Ikan Tuna Segar,109.0,23.5,1.5,0.0,0.0,0.0,8,1.1,45,100,Mentah,Bahan Pokok,,100,Ikan Madidihang Tuna Sirip Kuning,Fresh Yellowfin Tuna · Ikan Madidihang Tuna Sirip Kuning · 1 potong sedang · Sulawesi Utara/Ikan · src:TKPI · conf:high
idn-kacang-kenari,Kacang Kenari,610.0,13.0,58.0,10.0,3.0,5.0,80,3.0,10,100,Mentah,Bahan Pokok,,30,Buah Kenari Kenari,Canarium Nut · Buah Kenari Kenari · 1 genggam · Sulawesi Utara/Kacang & Biji · src:USDA analog · conf:medium
idn-salak-bali,Salak Bali,57.0,0.5,0.1,13.6,11.5,1.3,94,2.1,1,100,Mentah,Buah & Sayur,,100,Salak Bali Segar Salak Gula Pasir,Bali Snake Fruit · Salak Bali Segar Salak Gula Pasir · 4 buah (isi 100 g) · Bali/Buah · src:TKPI · conf:medium
idn-salak-pondoh,Salak Pondoh,87.0,0.8,0.4,20.1,17.0,1.5,38,3.9,1,100,Mentah,Buah & Sayur,,100,Salak Salak Sleman,Pondoh Snake Fruit · Salak Salak Sleman · 4 buah (isi 100 g) · DI Yogyakarta/Buah · src:TKPI · conf:medium
idn-jeruk-keprok,Jeruk Keprok,44.0,0.8,0.3,10.9,9.0,1.6,33,0.4,5,100,Mentah,Buah & Sayur,,90,Jeruk Garut Jeruk Keprok Garut,Mandarin Orange (Keprok) · Jeruk Garut Jeruk Keprok Garut · 1 buah (isi 90 g) · Jawa Barat/Buah · src:TKPI · conf:high
idn-mangga-gedong,Mangga Gedong,60.0,0.8,0.2,15.0,13.7,1.6,13,0.2,2,100,Mentah,Buah & Sayur,,130,Mangga Gedong Gincu,Gedong Mango · Mangga Gedong Gincu · 1 buah (isi 130 g) · Jawa Barat/Buah · src:TKPI · conf:high
idn-mangga-indramayu,Mangga Indramayu,72.0,0.8,0.2,18.7,16.5,2.5,13,1.9,3,100,Mentah,Buah & Sayur,,180,Mangga Cengkir Mangga Dermayu,Indramayu Mango · Mangga Cengkir Mangga Dermayu · 1 buah (isi 180 g) · Jawa Barat/Buah · src:TKPI · conf:medium
idn-pisang-uli,Pisang Uli,134.0,1.1,0.5,35.5,22.0,1.4,31,0.9,39,100,Mentah,Buah & Sayur,,60,Pisang Uli Segar,Uli Banana · Pisang Uli Segar · 2 buah (isi 60 g) · Jawa Barat/Buah · src:TKPI · conf:medium
idn-talas-mentah,Talas Mentah,108.0,1.4,0.4,25.0,1.0,3.0,47,0.7,10,100,Mentah,Buah & Sayur,,100,Keladi Talas Bogor Segar,Raw Taro · Keladi Talas Bogor Segar · 1 potong (100 g) · Jawa Barat/Sayuran · src:TKPI · conf:medium
idn-apel-malang,Apel Malang,57.0,0.5,0.4,12.8,10.5,2.0,9,0.6,4,100,Mentah,Buah & Sayur,,130,Apel Batu Apel Manalagi,Malang Apple · Apel Batu Apel Manalagi · 1 buah (isi 130 g) · Jawa Timur/Buah · src:TKPI · conf:high
idn-mangga-golek,Mangga Golek,63.0,0.5,0.2,16.7,14.5,2.3,14,0.7,3,100,Mentah,Buah & Sayur,,200,Mangga Golek Segar,Golek Mango · Mangga Golek Segar · 1 buah (isi 200 g) · Jawa Timur/Buah · src:TKPI · conf:high
idn-mangga-harum-manis,Mangga Harum Manis,60.0,0.8,0.2,15.0,13.7,1.7,15,0.2,2,100,Mentah,Buah & Sayur,,200,Harumanis Mangga Arumanis,Harum Manis Mango · Harumanis Mangga Arumanis · 1 buah sedang (isi 200 g) · Jawa Timur/Buah · src:TKPI · conf:high
idn-mangga-manalagi,Mangga Manalagi,68.0,0.6,0.3,17.2,15.0,1.8,17,0.5,4,100,Mentah,Buah & Sayur,,180,Mangga Manalagi Segar,Manalagi Mango · Mangga Manalagi Segar · 1 buah (isi 180 g) · Jawa Timur/Buah · src:Estimate · conf:medium
idn-jeruk-siam,Jeruk Siam,47.0,0.8,0.3,11.8,9.6,1.8,37,0.2,2,100,Mentah,Buah & Sayur,,90,Jeruk Pontianak Jeruk Siem,Siam Tangerine · Jeruk Pontianak Jeruk Siem · 1 buah (isi 90 g) · Kalimantan Barat/Buah · src:USDA analog · conf:medium
idn-buah-pala-segar,Buah Pala Segar,42.0,0.3,0.2,10.9,7.5,1.5,32,1.5,1,100,Mentah,Buah & Sayur,,30,Daging Buah Pala,Fresh Nutmeg Flesh · Daging Buah Pala · 1 buah (isi 30 g) · Maluku/Buah · src:TKPI · conf:medium
idn-alpukat-mentega,Alpukat Mentega,168.0,2.0,15.6,8.6,0.8,6.8,12,0.6,7,100,Mentah,Buah & Sayur,,80,Alpukat Mentega Segar Avokad Mentega,Butter Avocado · Alpukat Mentega Segar Avokad Mentega · 1/2 buah (isi 80 g) · Nasional/Buah · src:Estimate · conf:medium
idn-anggur-hijau,Anggur Hijau,69.0,0.7,0.2,18.1,15.5,0.9,10,0.4,2,100,Mentah,Buah & Sayur,,80,Anggur Hijau Segar Green Globe,Green Grapes · Anggur Hijau Segar Green Globe · 1 genggam (80 g) · Nasional/Buah · src:USDA analog · conf:high
idn-anggur-hitam,Anggur Hitam,68.0,0.7,0.4,17.2,15.0,0.9,11,0.4,2,100,Mentah,Buah & Sayur,,80,Anggur Hitam Segar,Black Grapes · Anggur Hitam Segar · 1 genggam (80 g) · Nasional/Buah · src:USDA analog · conf:medium
idn-anggur-merah,Anggur Merah,69.0,0.7,0.2,18.1,15.5,0.9,10,0.4,2,100,Mentah,Buah & Sayur,,80,Anggur Merah Segar,Red Grapes · Anggur Merah Segar · 1 genggam (80 g) · Nasional/Buah · src:USDA analog · conf:high
idn-apel-fuji,Apel Fuji,52.0,0.3,0.2,13.8,10.4,2.4,6,0.1,1,100,Mentah,Buah & Sayur,,150,Apel Fuji Impor Apel Merah,Fuji Apple · Apel Fuji Impor Apel Merah · 1 buah (isi 150 g) · Nasional/Buah · src:USDA analog · conf:high
idn-apel-hijau,Apel Hijau,55.0,0.4,0.2,14.5,10.5,2.6,6,0.2,2,100,Mentah,Buah & Sayur,,150,Apel Granny Smith Apel Hijau Impor,Green Apple (Granny Smith) · Apel Granny Smith Apel Hijau Impor · 1 buah (isi 150 g) · Nasional/Buah · src:USDA analog · conf:high
idn-asparagus-mentah,Asparagus Mentah,20.0,2.2,0.1,3.9,1.9,2.1,24,2.1,2,100,Mentah,Buah & Sayur,,60,Asparagus Hijau Segar,Raw Asparagus · Asparagus Hijau Segar · 6 batang (60 g) · Nasional/Sayuran · src:USDA analog · conf:high
idn-bawang-bombay-mentah,Bawang Bombay Mentah,43.0,1.4,0.2,10.3,4.5,2.0,32,0.5,12,100,Mentah,Buah & Sayur,,100,Bombay Onion,Raw Onion · Bombay Onion · 1 buah sedang (isi 100 g) · Nasional/Sayuran · src:TKPI · conf:high
idn-bawang-merah-mentah,Bawang Merah Mentah,46.0,1.5,0.3,9.2,4.0,1.7,36,0.8,7,100,Mentah,Buah & Sayur,,15,Bawang Merah Segar Brambang,Raw Shallot · Bawang Merah Segar Brambang · 3 siung (15 g) · Nasional/Sayuran · src:TKPI · conf:high
idn-bawang-putih-mentah,Bawang Putih Mentah,112.0,4.5,0.2,21.3,1.5,2.1,42,1.0,46,100,Mentah,Buah & Sayur,,6,Bawang Putih Segar Garlic,Raw Garlic · Bawang Putih Segar Garlic · 2 siung (6 g) · Nasional/Sayuran · src:TKPI · conf:high
idn-bayam-hijau-rebus,Bayam Hijau Rebus,23.0,2.5,0.6,3.7,0.5,2.1,150,0.5,16,100,Olahan,Buah & Sayur,,80,Bayam Rebus Tanpa Bumbu,Boiled Green Amaranth · Bayam Rebus Tanpa Bumbu · 1 porsi (80 g) · Nasional/Sayuran · src:TKPI · conf:high
idn-bayam-mentah,Bayam Mentah,16.0,0.9,0.4,2.9,0.5,1.6,166,3.5,16,100,Mentah,Buah & Sayur,,50,Bayam Cabut Bayam Hijau Segar,Raw Amaranth Spinach · Bayam Cabut Bayam Hijau Segar · 1 genggam (50 g) · Nasional/Sayuran · src:TKPI · conf:high
idn-bayam-merah-mentah,Bayam Merah Mentah,41.0,2.2,0.8,6.3,0.9,2.2,520,7.0,20,100,Mentah,Buah & Sayur,,50,Bayam Merah Segar,Raw Red Amaranth · Bayam Merah Segar · 1 genggam (50 g) · Nasional/Sayuran · src:TKPI · conf:medium
idn-bengkuang-mentah,Bengkuang Mentah,38.0,0.7,0.1,8.8,1.8,4.9,12,0.6,4,100,Mentah,Buah & Sayur,,150,Bangkuang Bengkoang,Raw Jicama · Bangkuang Bengkoang · 1/2 buah (150 g) · Nasional/Sayuran · src:USDA analog · conf:high
idn-biji-chia,Biji Chia,486.0,16.5,30.7,42.1,0.0,34.4,631,7.7,16,100,Mentah,Buah & Sayur,,12,Biji Selasih Chia Chia Chia Seed,Chia Seeds · Biji Selasih Chia Chia Chia Seed · 1 sdm (12 g) · Nasional/Kacang & Biji · src:USDA analog · conf:high
idn-biji-flax,Biji Flax,534.0,18.3,42.2,28.9,1.6,27.3,255,5.7,30,100,Mentah,Buah & Sayur,,10,Biji Rami Flaxseed Linseed,Flaxseed · Biji Rami Flaxseed Linseed · 1 sdm (10 g) · Nasional/Kacang & Biji · src:USDA analog · conf:high
idn-biji-labu-kwaci,Biji Labu Kwaci,574.0,29.8,46.0,14.7,1.4,6.5,52,8.1,18,100,Mentah,Buah & Sayur,,30,Biji Labu Panggang Kwaci Labu Pumpkin Seed,Roasted Pumpkin Seed Kernels · Biji Labu Panggang Kwaci Labu Pumpkin Seed · 1 genggam (30 g) · Nasional/Kacang & Biji · src:USDA analog · conf:high
idn-biji-wijen-sangrai,Biji Wijen Sangrai,565.0,17.0,48.0,25.7,0.5,14.0,989,14.6,11,100,Mentah,Buah & Sayur,,9,Biji Wijen Sesame Seed Wijen Sangrai,Roasted Sesame Seeds · Biji Wijen Sesame Seed Wijen Sangrai · 1 sdm (9 g) · Nasional/Kacang & Biji · src:USDA analog · conf:high
idn-bit-mentah,Bit Mentah,41.0,1.6,0.1,9.6,6.8,2.6,27,1.0,29,100,Mentah,Buah & Sayur,,100,Beetroot Buah Bit,Raw Beetroot · Beetroot Buah Bit · 1 buah (isi 100 g) · Nasional/Sayuran · src:TKPI · conf:high
idn-blewah,Blewah,34.0,0.8,0.2,8.2,7.9,0.9,9,0.2,16,100,Mentah,Buah & Sayur,,150,Blewah Segar Timun Blewah,Indonesian Cantaloupe · Blewah Segar Timun Blewah · 1 potong (150 g) · Nasional/Buah · src:USDA analog · conf:medium
idn-blueberry-segar,Blueberry Segar,57.0,0.7,0.3,14.5,10.0,2.4,6,0.3,1,100,Mentah,Buah & Sayur,,50,Bluberi Blueberry,Fresh Blueberry · Bluberi Blueberry · 1 genggam (50 g) · Nasional/Buah · src:USDA analog · conf:high
idn-brokoli-mentah,Brokoli Mentah,34.0,2.8,0.4,6.6,1.7,2.6,47,0.7,33,100,Mentah,Buah & Sayur,,80,Brokoli Hijau Brokoli Segar,Raw Broccoli · Brokoli Hijau Brokoli Segar · 1 porsi (80 g) · Nasional/Sayuran · src:USDA analog · conf:high
idn-buah-naga-merah,Buah Naga Merah,60.0,1.2,0.4,13.0,9.8,3.2,13,0.4,10,100,Mentah,Buah & Sayur,,150,Dragon Fruit Merah Pitaya Merah,Red Dragon Fruit · Dragon Fruit Merah Pitaya Merah · 1/2 buah (150 g) · Nasional/Buah · src:TKPI · conf:high
idn-buah-naga-putih,Buah Naga Putih,57.0,1.0,0.4,12.5,7.5,3.2,13,0.5,7,100,Mentah,Buah & Sayur,,150,Dragon Fruit Putih Pitaya Putih,White Dragon Fruit · Dragon Fruit Putih Pitaya Putih · 1/2 buah (150 g) · Nasional/Buah · src:TKPI · conf:high
idn-buncis-mentah,Buncis Mentah,34.0,2.4,0.3,7.2,2.5,3.4,101,0.7,8,100,Mentah,Buah & Sayur,,60,Buncis Segar Kacang Buncis,Raw French Beans · Buncis Segar Kacang Buncis · 1 porsi (60 g) · Nasional/Sayuran · src:TKPI · conf:high
idn-cabai-merah-besar,Cabai Merah Besar,36.0,1.0,0.3,7.3,4.0,1.4,29,0.5,23,100,Mentah,Buah & Sayur,,20,Cabe Merah Besar Lombok Merah,Fresh Large Red Chili · Cabe Merah Besar Lombok Merah · 2 buah (20 g) · Nasional/Sayuran · src:TKPI · conf:high
idn-cabai-merah-keriting,Cabai Merah Keriting,38.0,1.6,0.8,6.3,3.5,1.6,49,1.1,7,100,Mentah,Buah & Sayur,,15,Cabe Keriting Lombok Keriting,Fresh Curly Red Chili · Cabe Keriting Lombok Keriting · 3 buah (15 g) · Nasional/Sayuran · src:TKPI · conf:high
idn-daun-bawang-segar,Daun Bawang Segar,41.0,2.0,0.3,7.8,2.3,2.1,60,2.3,30,100,Mentah,Buah & Sayur,,15,Daun Bawang Prei Loncang,Fresh Spring Onion · Daun Bawang Prei Loncang · 1 batang (15 g) · Nasional/Sayuran · src:TKPI · conf:high
idn-daun-katuk-mentah,Daun Katuk Mentah,59.0,6.4,1.0,9.9,1.2,1.5,233,3.5,21,100,Mentah,Buah & Sayur,,40,Daun Katuk Segar Sayur Katuk,Raw Katuk Leaves · Daun Katuk Segar Sayur Katuk · 1 genggam (40 g) · Nasional/Sayuran · src:TKPI · conf:high
idn-daun-pepaya-mentah,Daun Pepaya Mentah,87.0,8.0,2.0,11.9,1.5,1.5,353,0.8,4,100,Mentah,Buah & Sayur,,50,Daun Pepaya Segar,Raw Papaya Leaves · Daun Pepaya Segar · 1 genggam (50 g) · Nasional/Sayuran · src:TKPI · conf:medium
idn-daun-singkong-mentah,Daun Singkong Mentah,50.0,6.2,1.1,7.1,1.0,2.4,166,1.3,17,100,Mentah,Buah & Sayur,,50,Daun Kasbi Daun Singkong Segar,Raw Cassava Leaves · Daun Kasbi Daun Singkong Segar · 1 ikat kecil (50 g) · Nasional/Sayuran · src:TKPI · conf:high
idn-durian-lokal,Durian Lokal,134.0,2.5,3.0,28.0,20.0,3.5,7,1.3,1,100,Mentah,Buah & Sayur,,75,Durian Durian Kampung,Local Durian · Durian Durian Kampung · 3 biji (75 g) · Nasional/Buah · src:TKPI · conf:high
idn-durian-montong,Durian Montong,147.0,1.5,5.3,27.1,19.0,3.8,6,0.4,2,100,Mentah,Buah & Sayur,,80,Durian Bangkok Durian Monthong,Monthong Durian · Durian Bangkok Durian Monthong · 2 biji (80 g) · Nasional/Buah · src:USDA analog · conf:high
idn-durian-musang-king,Durian Musang King,158.0,1.6,6.2,27.0,19.0,3.8,6,0.4,2,100,Mentah,Buah & Sayur,,80,Durian Mao Shan Wang Musang King,Musang King Durian · Durian Mao Shan Wang Musang King · 2 biji (80 g) · Nasional/Buah · src:Estimate · conf:medium
idn-edamame-segar,Edamame Segar,121.0,11.9,5.2,9.9,2.2,5.2,63,2.3,6,100,Mentah,Buah & Sayur,,80,Edamame Kupas Kedelai Jepang,Fresh Edamame · Edamame Kupas Kedelai Jepang · 1 porsi (80 g) · Nasional/Sayuran · src:USDA analog · conf:high
idn-jagung-manis-pipil-mentah,Jagung Manis Pipil Mentah,86.0,3.2,1.2,19.0,3.2,2.7,2,0.5,15,100,Mentah,Buah & Sayur,,100,Jagung Manis Segar Pipilan Jagung,Raw Sweet Corn Kernels · Jagung Manis Segar Pipilan Jagung · 1 mangkok (100 g) · Nasional/Sayuran · src:USDA analog · conf:high
idn-jambu-biji-merah,Jambu Biji Merah,68.0,2.6,0.9,14.3,8.9,5.4,14,1.1,10,100,Mentah,Buah & Sayur,,150,Jambu Batu Jambu Klutuk Merah,Red Guava · Jambu Batu Jambu Klutuk Merah · 1 buah (isi 150 g) · Nasional/Buah · src:TKPI · conf:high
idn-jambu-biji-putih,Jambu Biji Putih,68.0,2.6,0.9,15.4,10.5,5.4,31,0.2,20,100,Mentah,Buah & Sayur,,150,Jambu Biji Putih Segar,White Guava · Jambu Biji Putih Segar · 1 buah (isi 150 g) · Nasional/Buah · src:TKPI · conf:medium
idn-jambu-kristal,Jambu Kristal,68.0,2.6,0.3,14.3,8.5,5.4,15,0.8,10,100,Mentah,Buah & Sayur,,150,Guava Kristal Jambu Kristal Segar,Crystal Guava · Guava Kristal Jambu Kristal Segar · 1 buah (isi 150 g) · Nasional/Buah · src:Estimate · conf:medium
idn-jamur-enoki-segar,Jamur Enoki Segar,37.0,2.7,0.3,7.8,0.2,2.7,0,1.1,3,100,Mentah,Buah & Sayur,,60,Enoki Jamur Jarum,Fresh Enoki Mushroom · Enoki Jamur Jarum · 1 porsi (60 g) · Nasional/Sayuran · src:USDA analog · conf:high
idn-jamur-kancing-segar,Jamur Kancing Segar,22.0,3.1,0.3,3.3,1.7,1.0,3,0.5,5,100,Mentah,Buah & Sayur,,80,Champignon Jamur Kancing,Fresh Button Mushroom · Champignon Jamur Kancing · 1 porsi (80 g) · Nasional/Sayuran · src:USDA analog · conf:high
idn-jamur-shitake-segar,Jamur Shitake Segar,34.0,2.2,0.5,6.8,2.4,2.5,2,0.4,9,100,Mentah,Buah & Sayur,,60,Jamur Hioko Shiitake,Fresh Shiitake Mushroom · Jamur Hioko Shiitake · 1 porsi (60 g) · Nasional/Sayuran · src:USDA analog · conf:high
idn-jeruk-manis,Jeruk Manis,45.0,0.9,0.2,11.2,9.3,1.4,33,0.4,4,100,Mentah,Buah & Sayur,,100,Jeruk Baby Jeruk Peras,Sweet Orange · Jeruk Baby Jeruk Peras · 1 buah sedang (isi 100 g) · Nasional/Buah · src:TKPI · conf:high
idn-kacang-almond-mentah,Kacang Almond Mentah,579.0,21.2,49.9,21.6,4.4,12.5,269,3.7,1,100,Mentah,Buah & Sayur,,30,Almond Mentah Almond Segar Raw Almond,Raw Almonds · Almond Mentah Almond Segar Raw Almond · 1 genggam (30 g) · Nasional/Kacang & Biji · src:USDA analog · conf:high
idn-kacang-hazelnut,Kacang Hazelnut,628.0,15.0,60.8,16.7,4.3,9.7,114,4.7,0,100,Mentah,Buah & Sayur,,30,Filbert Hazelnut Kacang Hazel,Hazelnuts · Filbert Hazelnut Kacang Hazel · 1 genggam (30 g) · Nasional/Kacang & Biji · src:USDA analog · conf:medium
idn-kacang-macadamia,Kacang Macadamia,718.0,7.9,75.8,13.8,4.6,8.6,85,3.7,5,100,Mentah,Buah & Sayur,,30,Kacang Makadamia Macadamia,Macadamia Nuts · Kacang Makadamia Macadamia · 1 genggam (30 g) · Nasional/Kacang & Biji · src:USDA analog · conf:medium
idn-kacang-panjang-mentah,Kacang Panjang Mentah,31.0,2.3,0.1,5.3,2.5,2.7,60,0.6,30,100,Mentah,Buah & Sayur,,60,Kacang Panjang Segar,Raw Yardlong Beans · Kacang Panjang Segar · 1 ikat kecil (60 g) · Nasional/Sayuran · src:TKPI · conf:high
idn-kacang-pistachio-panggang,Kacang Pistachio Panggang,572.0,21.1,46.0,27.5,7.7,10.3,107,4.1,428,100,Olahan,Buah & Sayur,,30,Kacang Pistasio Pistachio Pistachio Panggang,Roasted Pistachios · Kacang Pistasio Pistachio Pistachio Panggang · 1 genggam (30 g) · Nasional/Kacang & Biji · src:USDA analog · conf:high
idn-kacang-polong-segar,Kacang Polong Segar,81.0,5.4,0.4,14.5,5.7,5.7,25,1.5,5,100,Mentah,Buah & Sayur,,80,Green Peas Kacang Ercis,Fresh Green Peas · Green Peas Kacang Ercis · 1 porsi (80 g) · Nasional/Sayuran · src:USDA analog · conf:high
idn-kacang-walnut,Kacang Walnut,654.0,15.2,65.2,13.7,2.6,6.7,98,2.9,2,100,Mentah,Buah & Sayur,,30,Kacang Kenari Inggris Kacang Wallnut Walnut,Walnuts · Kacang Kenari Inggris Kacang Wallnut Walnut · 1 genggam (30 g) · Nasional/Kacang & Biji · src:USDA analog · conf:high
idn-kangkung-mentah,Kangkung Mentah,28.0,3.4,0.7,3.9,0.6,2.0,67,2.3,65,100,Mentah,Buah & Sayur,,75,Kangkung Air Kangkung Segar,Raw Water Spinach · Kangkung Air Kangkung Segar · 1 genggam (75 g) · Nasional/Sayuran · src:TKPI · conf:high
idn-kelapa-muda-daging,Kelapa Muda Daging,68.0,1.0,0.9,14.0,7.0,2.0,7,1.0,18,100,Mentah,Buah & Sayur,,80,Daging Kelapa Muda Degan,Young Coconut Meat · Daging Kelapa Muda Degan · 1 porsi (80 g) · Nasional/Buah · src:TKPI · conf:medium
idn-kemangi-segar,Kemangi Segar,23.0,3.2,0.6,2.7,0.3,1.6,177,3.2,4,100,Mentah,Buah & Sayur,,20,Daun Kemangi Selasih,Fresh Lemon Basil · Daun Kemangi Selasih · 1 genggam (20 g) · Nasional/Sayuran · src:USDA analog · conf:medium
idn-kembang-kol-mentah,Kembang Kol Mentah,25.0,2.4,0.2,4.9,1.9,1.6,22,1.1,47,100,Mentah,Buah & Sayur,,80,Blumkol Kembang Kol Segar,Raw Cauliflower · Blumkol Kembang Kol Segar · 1 porsi (80 g) · Nasional/Sayuran · src:TKPI · conf:high
idn-kentang-mentah,Kentang Mentah,62.0,2.1,0.2,13.5,1.0,1.7,63,0.7,7,100,Mentah,Buah & Sayur,,150,Kentang Granola Kentang Segar,Raw Potato · Kentang Granola Kentang Segar · 1 buah sedang (isi 150 g) · Nasional/Sayuran · src:TKPI · conf:high
idn-kol-mentah,Kol Mentah,29.0,1.4,0.2,5.3,3.2,1.9,46,0.5,28,100,Mentah,Buah & Sayur,,70,Kol Segar Kubis Putih,Raw White Cabbage · Kol Segar Kubis Putih · 1 mangkok iris (70 g) · Nasional/Sayuran · src:TKPI · conf:high
idn-labu-kuning-mentah,Labu Kuning Mentah,51.0,1.7,0.5,10.0,4.5,2.7,40,0.7,5,100,Mentah,Buah & Sayur,,100,Labu Parang Waluh,Raw Pumpkin · Labu Parang Waluh · 1 potong (100 g) · Nasional/Sayuran · src:TKPI · conf:high
idn-labu-siam-mentah,Labu Siam Mentah,30.0,0.6,0.1,6.7,2.5,1.7,14,0.5,3,100,Mentah,Buah & Sayur,,150,Jipang Manisah,Raw Chayote · Jipang Manisah · 1 buah (isi 150 g) · Nasional/Sayuran · src:TKPI · conf:high
idn-langsat,Langsat,56.0,0.9,0.2,14.3,11.5,1.4,17,1.1,1,100,Mentah,Buah & Sayur,,60,Langsat Segar,Langsat · Langsat Segar · 10 buah (isi 60 g) · Nasional/Buah · src:TKPI · conf:medium
idn-lengkeng,Lengkeng,60.0,1.3,0.1,15.1,13.0,1.1,1,0.1,0,100,Mentah,Buah & Sayur,,50,Kelengkeng Klengkeng,Longan · Kelengkeng Klengkeng · 10 buah (isi 50 g) · Nasional/Buah · src:USDA analog · conf:high
idn-lobak-mentah,Lobak Mentah,21.0,0.9,0.1,4.2,2.5,1.4,35,0.6,49,100,Mentah,Buah & Sayur,,100,Lobak Putih Segar,Raw Daikon Radish · Lobak Putih Segar · 1 buah (isi 100 g) · Nasional/Sayuran · src:TKPI · conf:high
idn-mangga-kweni,Mangga Kweni,86.0,0.7,0.5,19.8,17.0,2.5,11,0.2,1,100,Mentah,Buah & Sayur,,150,Kuweni Mangga Kwini,Kweni Mango · Kuweni Mangga Kwini · 1 buah (isi 150 g) · Nasional/Buah · src:TKPI · conf:medium
idn-melon-hijau,Melon Hijau,36.0,0.5,0.1,9.1,8.1,0.8,6,0.2,18,100,Mentah,Buah & Sayur,,150,Melon Melon Sky Rocket,Honeydew Melon · Melon Melon Sky Rocket · 1 potong (150 g) · Nasional/Buah · src:USDA analog · conf:high
idn-melon-orange,Melon Orange,34.0,0.8,0.2,8.2,7.9,0.9,9,0.2,16,100,Mentah,Buah & Sayur,,150,Melon Jingga Rock Melon,Cantaloupe Melon · Melon Jingga Rock Melon · 1 potong (150 g) · Nasional/Buah · src:USDA analog · conf:high
idn-nangka-matang,Nangka Matang,95.0,1.2,0.3,23.3,19.1,3.7,20,0.9,2,100,Mentah,Buah & Sayur,,60,Nangka Nangka Masak,Ripe Jackfruit · Nangka Nangka Masak · 5 ulas (60 g) · Nasional/Buah · src:TKPI · conf:high
idn-nangka-muda-mentah,Nangka Muda Mentah,57.0,2.0,0.4,11.3,4.0,3.0,45,0.5,1,100,Mentah,Buah & Sayur,,100,Gori Tewel,Raw Young Jackfruit · Gori Tewel · 1 porsi (100 g) · Nasional/Buah · src:TKPI · conf:medium
idn-okra-mentah,Okra Mentah,33.0,1.9,0.2,7.5,1.5,3.2,82,0.6,7,100,Mentah,Buah & Sayur,,60,Bendi Okra Hijau,Raw Okra · Bendi Okra Hijau · 6 buah (60 g) · Nasional/Sayuran · src:USDA analog · conf:high
idn-oyong-mentah,Oyong Mentah,19.0,0.8,0.2,4.1,1.8,1.3,19,0.9,23,100,Mentah,Buah & Sayur,,100,Blustru Gambas,Raw Sponge Gourd · Blustru Gambas · 1 buah (isi 100 g) · Nasional/Sayuran · src:TKPI · conf:high
idn-pakcoy-mentah,Pakcoy Mentah,13.0,1.5,0.2,2.2,1.2,1.0,105,0.8,65,100,Mentah,Buah & Sayur,,75,Pak Choy Sawi Sendok,Raw Bok Choy · Pak Choy Sawi Sendok · 1 porsi (75 g) · Nasional/Sayuran · src:USDA analog · conf:high
idn-paprika-hijau,Paprika Hijau,20.0,0.9,0.2,4.6,2.4,1.7,10,0.3,3,100,Mentah,Buah & Sayur,,60,Paprika Hijau Segar,Green Bell Pepper · Paprika Hijau Segar · 1/2 buah (60 g) · Nasional/Sayuran · src:USDA analog · conf:high
idn-paprika-kuning,Paprika Kuning,27.0,1.0,0.2,6.3,4.0,0.9,11,0.5,2,100,Mentah,Buah & Sayur,,60,Paprika Kuning Segar,Yellow Bell Pepper · Paprika Kuning Segar · 1/2 buah (60 g) · Nasional/Sayuran · src:USDA analog · conf:high
idn-paprika-merah,Paprika Merah,31.0,1.0,0.3,6.0,4.2,2.1,7,0.4,4,100,Mentah,Buah & Sayur,,60,Paprika Merah Segar,Red Bell Pepper · Paprika Merah Segar · 1/2 buah (60 g) · Nasional/Sayuran · src:USDA analog · conf:high
idn-pare-mentah,Pare Mentah,19.0,1.0,0.4,3.6,1.0,2.4,31,0.9,5,100,Mentah,Buah & Sayur,,100,Pare Hijau Paria,Raw Bitter Melon · Pare Hijau Paria · 1 buah (isi 100 g) · Nasional/Sayuran · src:TKPI · conf:high
idn-peach-segar,Peach Segar,39.0,0.9,0.3,9.5,8.4,1.5,6,0.3,0,100,Mentah,Buah & Sayur,,100,Buah Persik Peach,Fresh Peach · Buah Persik Peach · 1 buah (isi 100 g) · Nasional/Buah · src:USDA analog · conf:high
idn-pepaya-bangkok,Pepaya Bangkok,46.0,0.5,0.1,12.2,8.5,1.6,23,1.7,4,100,Mentah,Buah & Sayur,,150,Pepaya Besar Pepaya Thailand,Bangkok Papaya · Pepaya Besar Pepaya Thailand · 1 potong sedang (150 g) · Nasional/Buah · src:TKPI · conf:high
idn-pepaya-california,Pepaya California,43.0,0.5,0.3,10.8,7.8,1.7,20,0.3,8,100,Mentah,Buah & Sayur,,150,Pepaya Calina Pepaya Kalina,California Papaya · Pepaya Calina Pepaya Kalina · 1 potong sedang (150 g) · Nasional/Buah · src:USDA analog · conf:high
idn-pir-segar,Pir Segar,57.0,0.4,0.1,15.2,9.8,3.1,9,0.2,1,100,Mentah,Buah & Sayur,,160,Pear Xiang Li Pir,Fresh Pear · Pear Xiang Li Pir · 1 buah (isi 160 g) · Nasional/Buah · src:USDA analog · conf:high
idn-pisang-ambon,Pisang Ambon,108.0,1.0,0.8,24.3,15.5,1.9,20,0.2,10,100,Mentah,Buah & Sayur,,100,Pisang Ambon Kuning Pisang Ambon Lumut,Ambon Banana (Cavendish Type) · Pisang Ambon Kuning Pisang Ambon Lumut · 1 buah sedang (isi 100 g) · Nasional/Buah · src:TKPI · conf:high
idn-pisang-cavendish,Pisang Cavendish,89.0,1.1,0.3,22.8,12.2,2.6,5,0.3,1,100,Mentah,Buah & Sayur,,110,Cavendish Pisang Sunpride,Cavendish Banana · Cavendish Pisang Sunpride · 1 buah (isi 110 g) · Nasional/Buah · src:USDA analog · conf:high
idn-pisang-kepok,Pisang Kepok,109.0,0.8,0.5,26.3,16.0,3.5,10,0.5,10,100,Mentah,Buah & Sayur,,60,Pisang Kepok Kuning Saba,Kepok Banana (Saba) · Pisang Kepok Kuning Saba · 1 buah (isi 60 g) · Nasional/Buah · src:TKPI · conf:high
idn-pisang-raja,Pisang Raja,120.0,1.2,0.2,31.8,20.0,3.0,10,0.8,35,100,Mentah,Buah & Sayur,,75,Pisang Raja Bulu,Raja Banana · Pisang Raja Bulu · 1 buah (isi 75 g) · Nasional/Buah · src:TKPI · conf:high
idn-pisang-susu,Pisang Susu,127.0,1.4,0.2,33.6,22.0,1.4,7,0.8,42,100,Mentah,Buah & Sayur,,60,Pisang Emas Pisang Mas,Lady Finger Banana · Pisang Emas Pisang Mas · 2 buah (isi 60 g) · Nasional/Buah · src:TKPI · conf:high
idn-pisang-tanduk,Pisang Tanduk,122.0,1.3,0.4,31.9,15.0,2.3,3,0.6,4,100,Mentah,Buah & Sayur,,150,Pisang Tanduk Mentah Plantain,Horn Plantain · Pisang Tanduk Mentah Plantain · 1 buah (isi 150 g) · Nasional/Buah · src:USDA analog · conf:high
idn-plum-segar,Plum Segar,46.0,0.7,0.3,11.4,9.9,1.4,6,0.2,0,100,Mentah,Buah & Sayur,,65,Buah Plum Prem,Fresh Plum · Buah Plum Prem · 1 buah (isi 65 g) · Nasional/Buah · src:USDA analog · conf:high
idn-sawi-hijau-mentah,Sawi Hijau Mentah,28.0,2.3,0.3,4.0,1.2,2.5,220,2.9,22,100,Mentah,Buah & Sayur,,75,Caisim Hijau Sawi Hijau Segar,Raw Green Mustard · Caisim Hijau Sawi Hijau Segar · 1 porsi (75 g) · Nasional/Sayuran · src:TKPI · conf:high
idn-sawi-putih-mentah,Sawi Putih Mentah,16.0,1.2,0.1,3.2,0.9,1.2,56,1.1,5,100,Mentah,Buah & Sayur,,80,Pecai Sawi Putih Segar,Raw Napa Cabbage · Pecai Sawi Putih Segar · 1 porsi (80 g) · Nasional/Sayuran · src:TKPI · conf:high
idn-selada-mentah,Selada Mentah,18.0,1.2,0.2,2.9,0.8,1.8,22,0.5,19,100,Mentah,Buah & Sayur,,30,Daun Selada Selada Keriting,Raw Lettuce · Daun Selada Selada Keriting · 3 lembar (30 g) · Nasional/Sayuran · src:TKPI · conf:high
idn-semangka-kuning,Semangka Kuning,30.0,0.6,0.2,7.6,6.2,0.4,7,0.2,1,100,Mentah,Buah & Sayur,,200,Semangka Kuning Segar,Yellow Watermelon · Semangka Kuning Segar · 1 potong besar (200 g) · Nasional/Buah · src:USDA analog · conf:medium
idn-semangka-merah,Semangka Merah,28.0,0.5,0.2,6.9,6.2,0.4,7,0.2,7,100,Mentah,Buah & Sayur,,200,Semangka Semangka Tanpa Biji,Red Watermelon · Semangka Semangka Tanpa Biji · 1 potong besar (200 g) · Nasional/Buah · src:TKPI · conf:high
idn-singkong-mentah,Singkong Mentah,154.0,1.0,0.3,36.8,1.8,1.8,77,1.1,2,100,Mentah,Buah & Sayur,,150,Ketela Pohon Ubi Kayu,Raw Cassava · Ketela Pohon Ubi Kayu · 1 potong (150 g) · Nasional/Sayuran · src:TKPI · conf:high
idn-strawberry-segar,Strawberry Segar,32.0,0.7,0.3,7.7,4.9,2.0,16,0.4,1,100,Mentah,Buah & Sayur,,60,Arbei Stroberi,Fresh Strawberry · Arbei Stroberi · 6 buah (60 g) · Nasional/Buah · src:USDA analog · conf:high
idn-tauge-mentah,Tauge Mentah,34.0,3.7,1.2,4.3,2.2,1.7,166,0.8,19,100,Mentah,Buah & Sayur,,50,Kecambah Kacang Hijau Toge,Raw Mung Bean Sprouts · Kecambah Kacang Hijau Toge · 1 genggam (50 g) · Nasional/Sayuran · src:TKPI · conf:high
idn-terong-hijau-mentah,Terong Hijau Mentah,25.0,1.0,0.2,5.9,3.2,3.0,9,0.2,2,100,Mentah,Buah & Sayur,,80,Terong Lalap Terung Hijau,Raw Green Eggplant · Terong Lalap Terung Hijau · 1 buah (isi 80 g) · Nasional/Sayuran · src:USDA analog · conf:medium
idn-terong-ungu-mentah,Terong Ungu Mentah,28.0,1.1,0.2,5.5,3.0,2.1,15,0.4,9,100,Mentah,Buah & Sayur,,100,Terong Segar Terung Ungu Segar,Raw Purple Eggplant · Terong Segar Terung Ungu Segar · 1 buah (isi 100 g) · Nasional/Sayuran · src:TKPI · conf:high
idn-timun-mentah,Timun Mentah,15.0,0.7,0.1,3.6,1.7,0.5,16,0.3,2,100,Mentah,Buah & Sayur,,120,Ketimun Lalap Mentimun,Raw Cucumber · Ketimun Lalap Mentimun · 1 buah sedang (120 g) · Nasional/Sayuran · src:USDA analog · conf:high
idn-timun-suri,Timun Suri,21.0,0.6,0.1,5.0,3.6,0.8,15,0.4,3,100,Mentah,Buah & Sayur,,150,Blewah Suri Mentimun Suri,Timun Suri Melon · Blewah Suri Mentimun Suri · 1 potong (150 g) · Nasional/Buah · src:Estimate · conf:medium
idn-tomat-merah-mentah,Tomat Merah Mentah,24.0,1.3,0.5,4.7,2.6,1.5,8,0.6,10,100,Mentah,Buah & Sayur,,100,Tomat Buah Tomat Segar,Raw Red Tomato · Tomat Buah Tomat Segar · 1 buah (isi 100 g) · Nasional/Sayuran · src:TKPI · conf:high
idn-ubi-jalar-kuning-mentah,Ubi Jalar Kuning Mentah,119.0,1.6,0.4,25.1,7.0,4.2,30,0.4,3,100,Mentah,Buah & Sayur,,150,Ubi Jalar Kuning Ubi Kuning Segar,Raw Yellow Sweet Potato · Ubi Jalar Kuning Ubi Kuning Segar · 1 buah (isi 150 g) · Nasional/Sayuran · src:TKPI · conf:high
idn-ubi-jalar-putih-mentah,Ubi Jalar Putih Mentah,88.0,1.6,0.4,20.6,5.5,4.0,30,0.5,2,100,Mentah,Buah & Sayur,,150,Ubi Jalar Putih Ubi Putih Segar,Raw White Sweet Potato · Ubi Jalar Putih Ubi Putih Segar · 1 buah (isi 150 g) · Nasional/Sayuran · src:TKPI · conf:medium
idn-ubi-jalar-ungu-mentah,Ubi Jalar Ungu Mentah,108.0,1.6,0.4,25.6,6.5,4.2,30,0.5,1,100,Mentah,Buah & Sayur,,150,Ubi Jalar Ungu Ubi Ungu Segar,Raw Purple Sweet Potato · Ubi Jalar Ungu Ubi Ungu Segar · 1 buah (isi 150 g) · Nasional/Sayuran · src:TKPI · conf:high
idn-wortel-mentah,Wortel Mentah,36.0,1.0,0.6,7.9,4.7,2.8,45,1.0,70,100,Mentah,Buah & Sayur,,70,Bortel Wortel Segar,Raw Carrot · Bortel Wortel Segar · 1 buah (isi 70 g) · Nasional/Sayuran · src:TKPI · conf:high
idn-zucchini-mentah,Zucchini Mentah,17.0,1.2,0.3,3.1,2.5,1.0,16,0.4,8,100,Mentah,Buah & Sayur,,100,Labu Zucchini Zukini,Raw Zucchini · Labu Zucchini Zukini · 1/2 buah (100 g) · Nasional/Sayuran · src:USDA analog · conf:high
idn-daun-kelor-mentah,Daun Kelor Mentah,92.0,5.1,1.6,14.3,1.5,8.2,1077,6.0,61,100,Mentah,Buah & Sayur,,30,Daun Kelor Segar Marungga,Raw Moringa Leaves · Daun Kelor Segar Marungga · 1 genggam (30 g) · Nusa Tenggara Timur/Sayuran · src:TKPI · conf:high
idn-matoa,Matoa,90.0,1.2,0.1,21.1,17.0,1.0,20,0.6,10,100,Mentah,Buah & Sayur,,40,Buah Matoa Matoa Papua,Matoa Fruit · Buah Matoa Matoa Papua · 6 buah (isi 40 g) · Papua/Buah · src:TKPI · conf:medium
idn-kacang-mede-mentah,Kacang Mede Mentah,566.0,18.2,43.9,30.2,5.9,3.3,37,6.7,12,100,Mentah,Buah & Sayur,,30,Jambu Mete Mentah Kacang Mete Mentah,Raw Cashew Nuts · Jambu Mete Mentah Kacang Mete Mentah · 1 genggam (30 g) · Sulawesi Tenggara/Kacang & Biji · src:USDA analog · conf:medium
idn-durian-medan,Durian Medan,138.0,2.4,3.4,28.0,20.0,3.5,7,1.2,1,100,Mentah,Buah & Sayur,,75,Durian Medan Segar Durian Sumatera,Medan Durian · Durian Medan Segar Durian Sumatera · 3 biji (75 g) · Sumatera Utara/Buah · src:Estimate · conf:medium
idn-martabak-aceh,Martabak Aceh,260.0,10.5,15.0,20.0,1.5,1.2,40,2.0,480,100,Olahan,Jajanan & Gorengan,,150,Martabak Daging Aceh Martabak Telur Aceh,Acehnese Egg & Beef Martabak · Martabak Daging Aceh Martabak Telur Aceh · 1 porsi · Aceh/Martabak · src:Recipe calc · conf:medium
idn-rujak-kuah-pindang,Rujak Kuah Pindang,70.0,1.5,0.4,15.5,11.0,2.0,25,0.6,380,100,Olahan,Jajanan & Gorengan,,200,Rujak Bulung Kuah Pindang Rujak Kuah Pindang Bali,Balinese Fruit Rujak With Fish Broth Sauce · Rujak Bulung Kuah Pindang Rujak Kuah Pindang Bali · 1 porsi · Bali/Soto & Sup · src:Recipe calc · conf:medium
idn-kue-adrem,Kue Adrem,355.0,2.5,14.0,55.0,28.0,1.5,26,1.1,60,100,Olahan,Jajanan & Gorengan,,50,Adrem Kue Adrem Bantul Tolpit,Bantul Fried Palm Sugar Rice Cake · Adrem Kue Adrem Bantul Tolpit · 2 buah (50 g) · DI Yogyakarta/Gorengan · src:Recipe calc · conf:medium
idn-biji-ketapang,Biji Ketapang,470.0,6.0,22.0,62.0,22.0,2.0,40,1.5,150,100,Olahan,Jajanan & Gorengan,,35,Ketapang Betawi Kue Biji Ketapang,Fried Coconut Almond Shaped Cookie · Ketapang Betawi Kue Biji Ketapang · 1 genggam · DKI Jakarta/Kue Kering · src:Recipe calc · conf:high
idn-kembang-goyang,Kembang Goyang,476.0,5.0,24.0,60.0,14.0,1.5,40,1.5,150,100,Olahan,Jajanan & Gorengan,,30,Kembang Goyang Betawi Kue Kembang Goyang,Crisp Flower-Shaped Fried Rice Cracker · Kembang Goyang Betawi Kue Kembang Goyang · 5 buah · DKI Jakarta/Kue Basah · src:Recipe calc · conf:high
idn-kue-akar-kelapa,Kue Akar Kelapa,474.0,4.0,22.0,65.0,20.0,1.5,30,1.2,130,100,Olahan,Jajanan & Gorengan,,35,Akar Kelapa Akar Kelapa Betawi Kue Procot,Fried Ridged Coconut Root Cookie · Akar Kelapa Akar Kelapa Betawi Kue Procot · 1 genggam · DKI Jakarta/Kue Kering · src:Recipe calc · conf:high
idn-kue-jalabia,Kue Jalabia,393.0,2.5,15.0,62.0,30.0,1.5,30,1.2,70,100,Olahan,Jajanan & Gorengan,,50,Jalabia Kue Ali Kue Cincin Betawi,Fried Palm Sugar Ring Cake · Jalabia Kue Ali Kue Cincin Betawi · 2 buah · DKI Jakarta/Kue Basah · src:Recipe calc · conf:medium
idn-kue-kembang-goyang-wijen,Kue Kembang Goyang Wijen,480.0,6.0,24.0,60.0,14.0,1.8,60,1.6,130,100,Olahan,Jajanan & Gorengan,,8,Kembang Goyang Wijen Kue Goyang Wijen,Sesame Rosette Cookie · Kembang Goyang Wijen Kue Goyang Wijen · 1 keping (8 g) · DKI Jakarta/Kacang & Biji · src:Recipe calc · conf:medium
idn-perkedel-nike,Perkedel Nike,235.0,13.0,15.0,11.5,0.8,0.8,180,2.0,480,100,Olahan,Jajanan & Gorengan,,50,Bakwan Nike Perkedel Ikan Nike,Nike Whitebait Fritters · Bakwan Nike Perkedel Ikan Nike · 1 buah · Gorontalo/Gorengan · src:Recipe calc · conf:medium
idn-perkedel-jagung,Perkedel Jagung,252.0,5.5,14.0,26.0,4.0,2.4,25,1.0,420,100,Olahan,Jajanan & Gorengan,,35,Bakwan Jagung Warteg Dadar Jagung,Corn Fritter · Bakwan Jagung Warteg Dadar Jagung · 1 buah (35 g) · Jawa/Gorengan · src:Recipe calc · conf:high
idn-perkedel-kentang-warteg,Perkedel Kentang Warteg,218.0,5.5,12.0,22.0,1.5,1.8,25,1.0,430,100,Olahan,Jajanan & Gorengan,,35,Pergedel Kentang Warteg Perkedel Kentang Goreng,Potato Patty Warteg Style · Pergedel Kentang Warteg Perkedel Kentang Goreng · 1 buah (35 g) · Jawa/Gorengan · src:Recipe calc · conf:high
idn-perkedel-tahu,Perkedel Tahu,197.0,9.0,13.0,11.0,1.2,1.2,140,1.6,400,100,Olahan,Jajanan & Gorengan,,35,Pergedel Tahu Perkedel Tahu Goreng,Tofu Fritter Patty · Pergedel Tahu Perkedel Tahu Goreng · 1 buah (35 g) · Jawa/Tahu & Tempe · src:Recipe calc · conf:high
idn-bakso-aci,Bakso Aci,152.0,3.5,4.0,25.0,1.2,0.6,22,0.7,580,100,Olahan,Jajanan & Gorengan,,300,Bakso Aci Garut Baso Aci,Tapioca Ball Soup With Chilli Broth · Bakso Aci Garut Baso Aci · 1 mangkok · Jawa Barat/Bakso · src:Recipe calc · conf:medium
idn-bala-bala,Bala-Bala,268.0,4.5,15.0,29.0,2.0,1.8,40,1.0,380,100,Olahan,Jajanan & Gorengan,,50,Bakwan Sayur Sunda Bala Bala,Sundanese Vegetable Fritter · Bakwan Sayur Sunda Bala Bala · 1 buah · Jawa Barat/Gorengan · src:Recipe calc · conf:high
idn-baso-tahu-kuah,Baso Tahu Kuah,128.0,8.0,5.5,11.5,1.5,1.0,70,1.1,520,100,Olahan,Jajanan & Gorengan,,250,Bakso Tahu Kuah Baso Tahu Bandung,Steamed Stuffed Tofu In Clear Broth · Bakso Tahu Kuah Baso Tahu Bandung · 1 mangkok · Jawa Barat/Tahu & Tempe · src:Recipe calc · conf:medium
idn-basreng,Basreng,452.0,9.0,26.0,45.0,2.0,1.0,30,1.0,780,100,Olahan,Jajanan & Gorengan,,30,Bakso Goreng Kering Basreng Pedas,Fried Seasoned Fish Cake Chips · Bakso Goreng Kering Basreng Pedas · 1 bungkus kecil · Jawa Barat/Keripik & Kerupuk · src:Recipe calc · conf:medium
idn-cilok-goreng,Cilok Goreng,290.0,4.0,14.0,36.0,1.2,0.8,25,0.7,500,100,Olahan,Jajanan & Gorengan,,80,Cilok Crispy Cilok Digoreng,Fried Tapioca Balls · Cilok Crispy Cilok Digoreng · 1 porsi · Jawa Barat/Gorengan · src:Recipe calc · conf:medium
idn-cilor,Cilor,298.0,7.5,15.0,33.0,1.5,0.7,35,1.2,480,100,Olahan,Jajanan & Gorengan,,80,Cilok Telor Cilor Bandung,Tapioca Balls Coated In Egg · Cilok Telor Cilor Bandung · 1 tusuk · Jawa Barat/Jajanan · src:Recipe calc · conf:medium
idn-cilung,Cilung,265.0,5.0,12.0,33.0,1.5,0.6,25,0.9,480,100,Olahan,Jajanan & Gorengan,,70,Aci Digulung Cilok Gulung,Rolled Tapioca Batter Snack · Aci Digulung Cilok Gulung · 1 tusuk · Jawa Barat/Jajanan · src:Recipe calc · conf:medium
idn-cimol,Cimol,335.0,3.0,17.0,42.0,0.8,0.7,20,0.6,420,100,Olahan,Jajanan & Gorengan,,60,Aci Digemol Cimol Bandung,Fried Tapioca Balls · Aci Digemol Cimol Bandung · 1 porsi · Jawa Barat/Gorengan · src:Recipe calc · conf:high
idn-cimol-bojot,Cimol Bojot,320.0,4.5,16.0,39.0,1.5,0.8,25,0.8,620,100,Olahan,Jajanan & Gorengan,,100,Cimol Basah Bumbu Cimol Bojot Bandung,Saucy Seasoned Fried Tapioca Balls · Cimol Basah Bumbu Cimol Bojot Bandung · 1 porsi · Jawa Barat/Jajanan · src:Recipe calc · conf:medium
idn-cireng-bumbu-rujak,Cireng Bumbu Rujak,322.0,2.5,15.0,43.5,4.0,1.0,22,0.7,480,100,Olahan,Jajanan & Gorengan,,60,Cireng Bumbu Cireng Rujak,Fried Tapioca Fritter With Spicy Rujak Sauce · Cireng Bumbu Cireng Rujak · 3 buah + bumbu · Jawa Barat/Gorengan · src:Recipe calc · conf:medium
idn-cireng-isi,Cireng Isi,330.0,4.5,17.0,39.0,1.0,0.8,25,0.8,470,100,Olahan,Jajanan & Gorengan,,60,Cireng Crispy Isi Cireng Isi Ayam,Stuffed Fried Tapioca Fritter · Cireng Crispy Isi Cireng Isi Ayam · 2 buah · Jawa Barat/Gorengan · src:Recipe calc · conf:medium
idn-cireng-salju,Cireng Salju,355.0,3.0,19.0,42.0,0.8,0.7,20,0.6,400,100,Olahan,Jajanan & Gorengan,,50,Cireng Crispy Salju Cireng Kriuk,Snow Crisp Fried Tapioca Fritter · Cireng Crispy Salju Cireng Kriuk · 1 porsi · Jawa Barat/Gorengan · src:Recipe calc · conf:medium
idn-combro,Combro,285.0,4.5,14.0,35.0,1.5,2.5,45,1.2,360,100,Olahan,Jajanan & Gorengan,,55,Comro Oncom Dijero,Fried Cassava Ball With Oncom Filling · Comro Oncom Dijero · 1 buah · Jawa Barat/Gorengan · src:Recipe calc · conf:high
idn-gehu-pedas,Gehu Pedas,268.0,8.5,16.0,22.0,1.5,2.0,90,1.6,420,100,Olahan,Jajanan & Gorengan,,60,Gehu Jeletot Tahu Isi Pedas,Spicy Stuffed Fried Tofu · Gehu Jeletot Tahu Isi Pedas · 1 buah · Jawa Barat/Gorengan · src:Recipe calc · conf:medium
idn-keripik-talas-bogor,Keripik Talas Bogor,490.0,3.0,25.0,63.0,1.5,4.0,40,1.2,380,100,Olahan,Jajanan & Gorengan,,30,Keripik Talas Gurih Kripik Talas,Bogor Taro Chips · Keripik Talas Gurih Kripik Talas · 1 genggam · Jawa Barat/Keripik & Kerupuk · src:Recipe calc · conf:medium
idn-kerupuk-melarat,Kerupuk Melarat,370.0,3.0,3.0,82.0,1.0,1.0,15,0.6,700,100,Olahan,Jajanan & Gorengan,,25,Kerupuk Mares Kerupuk Pasir Cirebon Krupuk Melarat,Sand Fried Coloured Cracker · Kerupuk Mares Kerupuk Pasir Cirebon Krupuk Melarat · 1 genggam · Jawa Barat/Keripik & Kerupuk · src:Recipe calc · conf:medium
idn-kerupuk-mie,Kerupuk Mie,490.0,4.0,24.0,64.0,1.0,0.8,20,0.8,850,100,Olahan,Jajanan & Gorengan,,20,Kerupuk Mie Kuning Krupuk Mie,Fried Yellow Noodle Cracker · Kerupuk Mie Kuning Krupuk Mie · 1 genggam · Jawa Barat/Mie & Bihun · src:Recipe calc · conf:medium
idn-kue-gapit,Kue Gapit,437.0,4.5,15.0,71.0,26.0,1.2,30,1.1,110,100,Olahan,Jajanan & Gorengan,,30,Kue Gapit Cirebon Simping Gapit,Pressed Crisp Coconut Waffle Cookie · Kue Gapit Cirebon Simping Gapit · 4 buah · Jawa Barat/Kue Kering · src:Recipe calc · conf:medium
idn-kue-semprong,Kue Semprong,456.0,5.0,18.0,68.0,28.0,1.2,30,1.2,100,100,Olahan,Jajanan & Gorengan,,30,Kue Sapit Semprong Opak Gulung Semprong,Rolled Crisp Coconut Wafer · Kue Sapit Semprong Opak Gulung Semprong · 4 buah · Jawa Barat/Kue Kering · src:Recipe calc · conf:high
idn-makaroni-pedas,Makaroni Pedas,480.0,8.0,24.0,57.0,3.0,2.0,25,1.5,850,100,Olahan,Jajanan & Gorengan,,30,Makaroni Goreng Makaroni Kering Pedas,Spicy Fried Macaroni Snack · Makaroni Goreng Makaroni Kering Pedas · 1 bungkus kecil · Jawa Barat/Mie & Bihun · src:Recipe calc · conf:medium
idn-misro,Misro,305.0,2.0,13.5,43.0,14.0,2.2,35,1.0,60,100,Olahan,Jajanan & Gorengan,,55,Amis Dijero Misro Sunda,Fried Cassava Ball With Palm Sugar · Amis Dijero Misro Sunda · 1 buah · Jawa Barat/Gorengan · src:Recipe calc · conf:medium
idn-odading,Odading,360.0,7.0,17.0,45.0,12.0,1.4,40,1.6,300,100,Olahan,Jajanan & Gorengan,,60,Odading Bandung Roti Goreng Odading,Sweet Fried Dough Pillow · Odading Bandung Roti Goreng Odading · 1 buah · Jawa Barat/Gorengan · src:Recipe calc · conf:medium
idn-opak-singkong,Opak Singkong,400.0,2.0,8.0,79.0,1.5,2.0,25,0.8,500,100,Olahan,Jajanan & Gorengan,,20,Opak Opak Ketela Opak Singkong Bakar,Cassava Flat Cracker · Opak Opak Ketela Opak Singkong Bakar · 3 buah · Jawa Barat/Keripik & Kerupuk · src:Recipe calc · conf:medium
idn-pisang-goreng-madu,Pisang Goreng Madu,300.0,2.5,12.0,46.0,26.0,2.2,20,0.8,90,100,Olahan,Jajanan & Gorengan,,70,Pisang Goreng Madu Bandung Pisang Madu,Honey Glazed Fried Banana · Pisang Goreng Madu Bandung Pisang Madu · 1 porsi · Jawa Barat/Buah · src:Recipe calc · conf:medium
idn-pisang-molen,Pisang Molen,321.0,4.0,13.0,47.0,18.0,1.8,20,0.8,130,100,Olahan,Jajanan & Gorengan,,70,Molen Pisang Pisang Molen Bandung,Fried Banana In Pastry Coil · Molen Pisang Pisang Molen Bandung · 2 buah · Jawa Barat/Buah · src:Recipe calc · conf:high
idn-rengginang,Rengginang,420.0,6.0,12.0,71.0,1.0,1.5,20,1.0,550,100,Olahan,Jajanan & Gorengan,,25,Intip Ketan Ranginang Rengginang Terasi,Fried Glutinous Rice Cracker · Intip Ketan Ranginang Rengginang Terasi · 3 buah · Jawa Barat/Keripik & Kerupuk · src:Recipe calc · conf:high
idn-seblak-basah,Seblak Basah,165.0,4.0,8.0,19.5,1.5,0.8,25,0.8,620,100,Olahan,Jajanan & Gorengan,,250,Seblak Bandung Seblak Kerupuk,Wet Spicy Cracker Stir-Fry · Seblak Bandung Seblak Kerupuk · 1 porsi · Jawa Barat/Jajanan · src:Recipe calc · conf:high
idn-seblak-ceker,Seblak Ceker,178.0,7.5,10.0,14.5,1.2,0.7,40,0.9,650,100,Olahan,Jajanan & Gorengan,,300,Seblak Ceker Ayam Seblak Ceker Bandung,Spicy Cracker Stir-Fry With Chicken Feet · Seblak Ceker Ayam Seblak Ceker Bandung · 1 porsi · Jawa Barat/Jajanan · src:Recipe calc · conf:medium
idn-seblak-kering,Seblak Kering,470.0,5.5,24.0,57.0,4.0,1.2,25,1.0,900,100,Olahan,Jajanan & Gorengan,,30,Kerupuk Seblak Kering Seblak Kering Pedas,Dry Spicy Fried Cracker Snack · Kerupuk Seblak Kering Seblak Kering Pedas · 1 bungkus kecil · Jawa Barat/Kacang & Biji · src:Recipe calc · conf:medium
idn-seblak-makaroni,Seblak Makaroni,188.0,4.5,8.5,24.0,1.5,1.0,20,0.9,640,100,Olahan,Jajanan & Gorengan,,250,Seblak Makaroni Bandung Seblak Mercon Makaroni,Spicy Macaroni Seblak · Seblak Makaroni Bandung Seblak Mercon Makaroni · 1 porsi · Jawa Barat/Mie & Bihun · src:Recipe calc · conf:medium
idn-singkong-keju,Singkong Keju,300.0,4.0,15.0,38.0,3.0,1.8,90,0.7,380,100,Olahan,Jajanan & Gorengan,,80,Singkong Keju Goreng Singkong Thailand,Fried Cassava With Cheese · Singkong Keju Goreng Singkong Thailand · 1 porsi · Jawa Barat/Gorengan · src:Recipe calc · conf:medium
idn-tahu-bulat,Tahu Bulat,245.0,11.0,17.0,11.0,0.8,0.8,180,2.2,520,100,Olahan,Jajanan & Gorengan,,40,Tahu Bulat Bumbu Tahu Bulat Digoreng Dadakan,Puffed Round Fried Tofu · Tahu Bulat Bumbu Tahu Bulat Digoreng Dadakan · 5 buah · Jawa Barat/Tahu & Tempe · src:Recipe calc · conf:high
idn-tahu-gejrot,Tahu Gejrot,92.0,4.5,3.5,10.5,7.0,0.6,90,1.0,480,100,Olahan,Jajanan & Gorengan,,120,Tahu Gejrot Cirebon Tahu Kecap Gejrot,Cirebon Tofu In Sweet Vinegar Chilli Sauce · Tahu Gejrot Cirebon Tahu Kecap Gejrot · 1 porsi · Jawa Barat/Tahu & Tempe · src:Recipe calc · conf:high
idn-tahu-sumedang,Tahu Sumedang,218.0,13.5,15.0,7.0,0.5,1.2,180,2.4,240,100,Olahan,Jajanan & Gorengan,,60,Tahu Bungkeng Tahu Sumedang Goreng,Sumedang Puffed Fried Tofu · Tahu Bungkeng Tahu Sumedang Goreng · 5 buah · Jawa Barat/Tahu & Tempe · src:Recipe calc · conf:high
idn-ubi-cilembu-bakar,Ubi Cilembu Bakar,155.0,1.8,0.4,36.0,15.0,3.0,30,0.7,30,100,Olahan,Jajanan & Gorengan,,120,Ubi Cilembu Panggang Ubi Madu Cilembu,Baked Cilembu Sweet Potato · Ubi Cilembu Panggang Ubi Madu Cilembu · 1 buah · Jawa Barat/Bubur · src:Recipe calc · conf:high
idn-bolang-baling,Bolang-Baling,350.0,7.0,16.0,45.0,10.0,1.4,38,1.5,290,100,Olahan,Jajanan & Gorengan,,60,Bolang Baling Semarang Galundeng Kue Bantal,Sweet Fried Dough Cushion · Bolang Baling Semarang Galundeng Kue Bantal · 1 buah · Jawa Tengah/Gorengan · src:Recipe calc · conf:medium
idn-keripik-paru,Keripik Paru,520.0,26.0,34.0,28.0,1.0,0.8,40,6.0,750,100,Olahan,Jajanan & Gorengan,,25,Keripik Paru Sapi Kripik Paru,Crispy Fried Beef Lung · Keripik Paru Sapi Kripik Paru · 1 genggam · Jawa Tengah/Keripik & Kerupuk · src:Recipe calc · conf:medium
idn-kerupuk-rambak-kerbau,Kerupuk Rambak Kerbau,470.0,32.0,33.0,8.0,0.5,0.2,60,2.0,1000,100,Olahan,Jajanan & Gorengan,,20,Kerupuk Kulit Kerbau Krecek Rambak Rambak Kerbau,Puffed Buffalo Skin Cracker · Kerupuk Kulit Kerbau Krecek Rambak Rambak Kerbau · 1 genggam · Jawa Tengah/Keripik & Kerupuk · src:Recipe calc · conf:medium
idn-kue-jipang-beras,Kue Jipang Beras,400.0,4.5,1.5,92.0,45.0,1.0,15,0.8,30,100,Olahan,Jajanan & Gorengan,,25,Jipang Beras Kue Jipang Rengginang Jipang,Puffed Rice Palm Sugar Bar · Jipang Beras Kue Jipang Rengginang Jipang · 1 potong (25 g) · Jawa Tengah/Serealia & Umbi · src:Recipe calc · conf:medium
idn-kue-keciput,Kue Keciput,422.0,5.0,18.0,60.0,22.0,1.8,90,2.0,80,100,Olahan,Jajanan & Gorengan,,40,Keciput Wijen Kue Ciput,Crunchy Sesame-Coated Fried Glutinous Balls · Keciput Wijen Kue Ciput · 10 buah · Jawa Tengah/Kue Basah · src:Recipe calc · conf:medium
idn-kue-leker,Kue Leker,375.0,6.0,17.0,49.0,22.0,1.0,70,1.2,220,100,Olahan,Jajanan & Gorengan,,40,Kue Leker Solo Leker Leker Coklat Pisang,Thin Crispy Street Crepe · Kue Leker Solo Leker Leker Coklat Pisang · 1 buah · Jawa Tengah/Jajanan · src:Recipe calc · conf:medium
idn-kue-rondo-royal,Kue Rondo Royal,265.0,2.5,13.0,34.0,10.0,1.2,20,0.6,95,100,Olahan,Jajanan & Gorengan,,45,Monyos Rondo Royal Tape Goreng Jepara,Fried Fermented Cassava Fritter · Monyos Rondo Royal Tape Goreng Jepara · 1 buah (45 g) · Jawa Tengah/Gorengan · src:Recipe calc · conf:medium
idn-kue-sagon,Kue Sagon,420.0,3.5,22.0,52.0,25.0,5.0,25,1.0,60,100,Olahan,Jajanan & Gorengan,,30,Kue Sagon Bakar Sagon Kelapa,Toasted Coconut & Sago Cake · Kue Sagon Bakar Sagon Kelapa · 2 buah · Jawa Tengah/Kue Basah · src:Recipe calc · conf:medium
idn-leker-cokelat-keju,Leker Cokelat Keju,400.0,6.5,17.0,55.0,25.0,1.2,80,1.0,210,100,Olahan,Jajanan & Gorengan,,35,Kue Leker Coklat Keju Leker Kriuk,Crispy Crepe With Chocolate And Cheese · Kue Leker Coklat Keju Leker Kriuk · 1 buah (35 g) · Jawa Tengah/Susu & Dairy · src:Recipe calc · conf:medium
idn-lumpia-basah-semarang,Lumpia Basah Semarang,195.0,8.0,8.0,22.0,3.0,1.5,35,1.0,500,100,Olahan,Jajanan & Gorengan,,80,Loenpia Basah Lumpia Semarang Tidak Digoreng,Fresh Semarang Spring Roll · Loenpia Basah Lumpia Semarang Tidak Digoreng · 1 buah · Jawa Tengah/Roti & Pastry · src:Recipe calc · conf:medium
idn-lumpia-rebung,Lumpia Rebung,285.0,7.0,16.0,28.0,2.0,2.2,35,1.1,480,100,Olahan,Jajanan & Gorengan,,70,Lumpia Isi Rebung Lumpia Rebung Goreng,Bamboo Shoot Spring Roll · Lumpia Isi Rebung Lumpia Rebung Goreng · 1 buah · Jawa Tengah/Sayuran · src:Recipe calc · conf:medium
idn-lumpia-semarang-goreng,Lumpia Semarang Goreng,300.0,9.0,17.0,27.0,3.0,1.5,40,1.2,520,100,Olahan,Jajanan & Gorengan,,70,Loenpia Semarang Lumpia Goreng Rebung Udang,Fried Semarang Spring Roll · Loenpia Semarang Lumpia Goreng Rebung Udang · 1 buah · Jawa Tengah/Roti & Pastry · src:Recipe calc · conf:high
idn-marning-jagung,Marning Jagung,465.0,8.0,20.0,62.0,2.0,5.0,15,1.5,480,100,Olahan,Jajanan & Gorengan,,30,Jagung Marning Goreng Marning,Fried Corn Kernel Snack · Jagung Marning Goreng Marning · 1 genggam · Jawa Tengah/Kacang & Biji · src:Recipe calc · conf:medium
idn-rempeyek-kacang,Rempeyek Kacang,510.0,13.0,30.0,46.0,2.0,3.5,90,2.5,480,100,Olahan,Jajanan & Gorengan,,25,Peyek Kacang Rempeyek Kacang Tanah,Peanut Rice Flour Cracker · Peyek Kacang Rempeyek Kacang Tanah · 3 buah · Jawa Tengah/Keripik & Kerupuk · src:Recipe calc · conf:high
idn-rempeyek-teri,Rempeyek Teri,500.0,18.0,29.0,41.0,1.5,2.5,350,3.0,750,100,Olahan,Jajanan & Gorengan,,25,Peyek Teri Rempeyek Ikan Teri,Anchovy Rice Flour Cracker · Peyek Teri Rempeyek Ikan Teri · 3 buah · Jawa Tengah/Ikan · src:Recipe calc · conf:medium
idn-sosis-solo,Sosis Solo,285.0,12.0,16.0,23.0,3.0,0.6,45,1.4,480,100,Olahan,Jajanan & Gorengan,,45,Sosis Solo Ayam Sosis Solo Goreng,Solo Beef Filled Crepe Roll · Sosis Solo Ayam Sosis Solo Goreng · 2 buah · Jawa Tengah/Jajanan · src:Recipe calc · conf:medium
idn-tahu-aci-tegal,Tahu Aci Tegal,240.0,9.0,12.0,24.0,0.8,1.0,120,1.4,450,100,Olahan,Jajanan & Gorengan,,55,Tahu Aci Tahu Kupat Aci Tegal,Tegal Tofu With Tapioca Topping · Tahu Aci Tahu Kupat Aci Tegal · 2 buah · Jawa Tengah/Tahu & Tempe · src:Recipe calc · conf:medium
idn-tahu-petis,Tahu Petis,212.0,9.5,14.0,12.0,4.0,1.4,140,1.8,600,100,Olahan,Jajanan & Gorengan,,60,Tahu Petis Semarang Tahu Pong Petis,Fried Tofu With Shrimp Paste · Tahu Petis Semarang Tahu Pong Petis · 2 potong · Jawa Tengah/Tahu & Tempe · src:Recipe calc · conf:medium
idn-tahu-pong,Tahu Pong,205.0,12.0,14.0,7.0,0.5,1.0,175,2.3,200,100,Olahan,Jajanan & Gorengan,,50,Tahu Kopong Tahu Pong Semarang,Hollow Puffed Fried Tofu · Tahu Kopong Tahu Pong Semarang · 3 buah · Jawa Tengah/Tahu & Tempe · src:Recipe calc · conf:medium
idn-tempe-kemul,Tempe Kemul,300.0,10.0,17.0,27.0,1.0,2.0,90,2.0,450,100,Olahan,Jajanan & Gorengan,,45,Tempe Kemul Wonosobo Tempe Mendoan Wonosobo,Turmeric Battered Fried Tempeh · Tempe Kemul Wonosobo Tempe Mendoan Wonosobo · 2 lembar · Jawa Tengah/Tahu & Tempe · src:Recipe calc · conf:medium
idn-timus,Timus,299.0,1.8,12.0,46.0,18.0,2.5,30,0.8,80,100,Olahan,Jajanan & Gorengan,,60,Kue Timus Timus Ubi,Fried Sweet Potato Fritter Roll · Kue Timus Timus Ubi · 2 buah · Jawa Tengah/Kue Basah · src:Recipe calc · conf:high
idn-bakso-bakar,Bakso Bakar,215.0,14.0,11.0,15.0,5.0,0.5,25,1.5,780,100,Olahan,Jajanan & Gorengan,,100,Bakso Bakar Pedas Manis Baso Bakar,Grilled Meatball Skewers · Bakso Bakar Pedas Manis Baso Bakar · 1 tusuk · Jawa Timur/Bakso · src:Recipe calc · conf:medium
idn-jemblem-gula-merah,Jemblem Gula Merah,280.0,1.8,12.0,41.0,14.0,2.0,30,0.8,60,100,Olahan,Jajanan & Gorengan,,40,Jemblem Klenyem Misro Jawa Timur,Fried Cassava Ball With Palm Sugar · Jemblem Klenyem Misro Jawa Timur · 1 buah (40 g) · Jawa Timur/Gorengan · src:Recipe calc · conf:medium
idn-kue-widaran,Kue Widaran,466.0,4.5,20.0,67.0,30.0,1.2,25,1.0,120,100,Olahan,Jajanan & Gorengan,,35,Kue Widaran Ketan Widaran Gula,Sugar Glazed Fried Glutinous Snack · Kue Widaran Ketan Widaran Gula · 1 genggam · Jawa Timur/Kue Kering · src:Recipe calc · conf:medium
idn-lentho,Lentho,332.0,10.0,20.0,28.0,3.0,4.5,60,2.6,420,100,Olahan,Jajanan & Gorengan,,40,Lentho Kacang Tolo Lento,Fried Cowpea Fritter · Lentho Kacang Tolo Lento · 2 buah · Jawa Timur/Gorengan · src:Recipe calc · conf:medium
idn-mendol,Mendol,283.0,13.0,19.0,15.0,2.0,3.5,100,2.4,480,100,Olahan,Jajanan & Gorengan,,50,Mendol Tempe Menjes Mendol,Fried Fermented Tempeh Patty · Mendol Tempe Menjes Mendol · 1 buah · Jawa Timur/Tahu & Tempe · src:Recipe calc · conf:medium
idn-ote-ote,Ote-Ote,282.0,6.0,18.0,24.0,2.0,2.0,50,1.4,460,100,Olahan,Jajanan & Gorengan,,55,Bakwan Sayur Jawa Ote-Ote Udang Weci,Vegetable & Shrimp Fritter · Bakwan Sayur Jawa Ote-Ote Udang Weci · 1 buah · Jawa Timur/Gorengan · src:Recipe calc · conf:medium
idn-pentol-goreng,Pentol Goreng,275.0,10.0,15.0,25.0,1.2,0.6,30,1.2,680,100,Olahan,Jajanan & Gorengan,,60,Pentol Pentol Goreng Tusuk Pentol Krispi,Fried Tapioca Meatball Snack · Pentol Pentol Goreng Tusuk Pentol Krispi · 1 porsi · Jawa Timur/Bakso · src:Recipe calc · conf:medium
idn-sempol-ayam,Sempol Ayam,265.0,11.0,14.0,24.0,1.0,0.5,35,1.1,620,100,Olahan,Jajanan & Gorengan,,45,Sempol Sempol Ayam Malang,Chicken Tapioca Skewer · Sempol Sempol Ayam Malang · 1 tusuk · Jawa Timur/Ayam · src:Recipe calc · conf:medium
idn-tahu-walik,Tahu Walik,280.0,12.0,17.0,20.0,1.0,1.2,150,2.0,480,100,Olahan,Jajanan & Gorengan,,50,Tahu Walik Banyuwangi Tahu Walik Krispi,Inside-Out Fried Stuffed Tofu · Tahu Walik Banyuwangi Tahu Walik Krispi · 2 buah · Jawa Timur/Tahu & Tempe · src:Recipe calc · conf:medium
idn-kerupuk-basah,Kerupuk Basah,182.0,9.0,2.0,32.0,1.0,0.5,25,0.7,450,100,Olahan,Jajanan & Gorengan,,100,Kerupuk Basah Putussibau Temet,Kapuas Hulu Steamed Fish & Sago Roll · Kerupuk Basah Putussibau Temet · 1 porsi · Kalimantan Barat/Ikan · src:Recipe calc · conf:medium
idn-pengkang,Pengkang,212.0,4.5,6.5,34.0,2.0,1.0,40,0.8,300,100,Olahan,Jajanan & Gorengan,,80,Pengkang Kalbar Pengkang Peniti,Grilled Glutinous Rice Cone With Dried Shrimp · Pengkang Kalbar Pengkang Peniti · 2 buah · Kalimantan Barat/Jajanan · src:Recipe calc · conf:medium
idn-sotong-pangkong,Sotong Pangkong,288.0,60.0,4.0,3.0,1.0,0.2,90,3.0,2200,100,Olahan,Jajanan & Gorengan,,40,Cumi Pangkong Sotong Pangkong Pontianak,Pounded Grilled Dried Squid · Cumi Pangkong Sotong Pangkong Pontianak · 1 porsi · Kalimantan Barat/Seafood · src:Recipe calc · conf:medium
idn-gaguduh-pisang,Gaguduh Pisang,266.0,2.5,12.0,37.0,15.0,2.0,20,0.7,90,100,Olahan,Jajanan & Gorengan,,55,Gagauk Pisang Gaguduh,Banjarese Battered Fried Banana · Gagauk Pisang Gaguduh · 1 buah · Kalimantan Selatan/Buah · src:Recipe calc · conf:high
idn-kue-cincin,Kue Cincin,397.0,3.5,15.0,62.0,30.0,1.5,30,1.2,70,100,Olahan,Jajanan & Gorengan,,30,Kue Cincin Banjar Wadai Cincin,Fried Palm Sugar Ring Cake · Kue Cincin Banjar Wadai Cincin · 1 buah · Kalimantan Selatan/Gorengan · src:Recipe calc · conf:medium
idn-untuk-untuk,Untuk-Untuk,379.0,5.5,17.0,51.0,18.0,2.5,30,1.4,150,100,Olahan,Jajanan & Gorengan,,45,Untuk Untuk Wadai Untuk-Untuk,Fried Twisted Dough With Sweet Coconut Filling · Untuk Untuk Wadai Untuk-Untuk · 1 buah · Kalimantan Selatan/Gorengan · src:Recipe calc · conf:medium
idn-amplang,Amplang,478.0,12.0,26.0,49.0,2.0,0.8,60,1.5,900,100,Olahan,Jajanan & Gorengan,,30,Amplang Kuku Macan Kerupuk Amplang,Fried Mackerel Fish Crackers · Amplang Kuku Macan Kerupuk Amplang · 1 bungkus kecil · Kalimantan Timur/Keripik & Kerupuk · src:Recipe calc · conf:high
idn-choi-pan,Choi Pan,175.0,4.0,4.5,29.0,2.5,1.8,30,0.9,380,100,Olahan,Jajanan & Gorengan,,30,Chai Kue Chai Kwe Choipan,Steamed Jicama & Chive Dumpling · Chai Kue Chai Kwe Choipan · 1 buah · Kepulauan Bangka Belitung/Jajanan · src:Recipe calc · conf:medium
idn-getas,Getas,385.0,8.0,14.0,57.0,18.0,0.5,35,1.0,450,100,Olahan,Jajanan & Gorengan,,25,Getas Bangka Kretek Getas,Bangka Fried Sago Fishball With Sugar Coating · Getas Bangka Kretek Getas · 1 buah · Kepulauan Bangka Belitung/Gorengan · src:Recipe calc · conf:low
idn-kemplang-bangka,Kemplang Bangka,460.0,13.0,20.0,57.0,1.0,0.5,50,1.3,800,100,Olahan,Jajanan & Gorengan,,20,Kemplang Goreng Bangka Kerupuk Bangka,Fried Bangka Mackerel Cracker · Kemplang Goreng Bangka Kerupuk Bangka · 3 keping · Kepulauan Bangka Belitung/Keripik & Kerupuk · src:Recipe calc · conf:medium
idn-otak-otak-bangka,Otak-Otak Bangka,165.0,10.5,8.0,13.0,1.5,0.4,35,0.9,540,100,Olahan,Jajanan & Gorengan,,30,Otak Otak Bangka Otak-Otak Ikan Tenggiri,Bangka Grilled Fish Paste Parcel · Otak Otak Bangka Otak-Otak Ikan Tenggiri · 1 buah · Kepulauan Bangka Belitung/Ikan · src:Recipe calc · conf:medium
idn-keripik-pisang-cokelat-lampung,Keripik Pisang Cokelat Lampung,510.0,3.0,27.0,63.0,24.0,3.0,35,1.0,110,100,Olahan,Jajanan & Gorengan,,30,Keripik Pisang Manis Kripik Pisang Coklat,Lampung Chocolate Banana Chips · Keripik Pisang Manis Kripik Pisang Coklat · 1 genggam · Lampung/Buah · src:Recipe calc · conf:medium
idn-keripik-pisang-lampung,Keripik Pisang Lampung,500.0,2.0,26.0,63.0,12.0,3.5,20,0.9,120,100,Olahan,Jajanan & Gorengan,,30,Keripik Pisang Asin Kripik Pisang Lampung,Lampung Salted Banana Chips · Keripik Pisang Asin Kripik Pisang Lampung · 1 genggam · Lampung/Buah · src:Recipe calc · conf:high
idn-bakso-goreng,Bakso Goreng,290.0,13.0,18.0,19.0,1.0,0.5,30,1.4,700,100,Olahan,Jajanan & Gorengan,,60,Bakso Goreng Sapi Baso Goreng,Deep Fried Meatballs · Bakso Goreng Sapi Baso Goreng · 5 buah · Nasional/Bakso · src:Recipe calc · conf:medium
idn-bakwan-jagung,Bakwan Jagung,300.0,5.5,16.5,33.0,4.0,2.5,30,1.0,380,100,Olahan,Jajanan & Gorengan,,45,Bakwan Jagung Manis Dadar Jagung Perkedel Jagung,Sweet Corn Fritter · Bakwan Jagung Manis Dadar Jagung Perkedel Jagung · 1 buah · Nasional/Gorengan · src:Recipe calc · conf:high
idn-bakwan-tahu,Bakwan Tahu,270.0,7.5,15.5,25.0,1.5,1.6,90,1.4,380,100,Olahan,Jajanan & Gorengan,,55,Bakwan Isi Tahu Bakwan Tahu Goreng,Tofu Vegetable Fritter · Bakwan Isi Tahu Bakwan Tahu Goreng · 1 buah · Nasional/Tahu & Tempe · src:Recipe calc · conf:medium
idn-bakwan-udang,Bakwan Udang,295.0,9.0,17.0,26.0,1.5,1.5,55,1.2,480,100,Olahan,Jajanan & Gorengan,,50,Bakwan Udang Goreng Rempeyek Udang Tepung,Shrimp Fritter · Bakwan Udang Goreng Rempeyek Udang Tepung · 1 buah · Nasional/Seafood · src:Recipe calc · conf:medium
idn-berondong-jagung,Berondong Jagung,420.0,9.0,15.0,62.0,1.0,10.0,10,2.0,350,100,Olahan,Jajanan & Gorengan,,25,Jagung Berondong Popcorn Jagung,Popped Corn Snack · Jagung Berondong Popcorn Jagung · 1 mangkok kecil · Nasional/Kacang & Biji · src:USDA analog · conf:high
idn-cakwe,Cakwe,380.0,8.0,20.0,42.0,1.5,1.5,40,2.0,620,100,Olahan,Jajanan & Gorengan,,50,Cakue Cakwe Goreng Youtiao,Chinese Fried Dough Stick · Cakue Cakwe Goreng Youtiao · 1 buah · Nasional/Gorengan · src:Recipe calc · conf:high
idn-ceker-mercon,Ceker Mercon,210.0,19.0,12.0,6.0,3.0,0.5,90,1.2,780,100,Olahan,Jajanan & Gorengan,,100,Ceker Pedas Mercon Ceker Setan,Spicy Chicken Feet · Ceker Pedas Mercon Ceker Setan · 1 porsi · Nasional/Jajanan · src:Recipe calc · conf:medium
idn-corndog-mozarella,Corndog Mozarella,330.0,11.0,17.0,33.0,6.0,1.0,180,1.4,720,100,Olahan,Jajanan & Gorengan,,110,Corn Dog Mozarella Korean Corndog,Mozzarella Corn Dog · Corn Dog Mozarella Korean Corndog · 1 tusuk · Nasional/Jajanan · src:Recipe calc · conf:medium
idn-dimsum-ayam-kukus-resto,Dimsum Ayam Kukus Resto,185.0,12.0,9.0,14.0,1.2,0.8,26,1.0,600,100,Olahan,Jajanan & Gorengan,,100,Dimsum Ayam Resto Siomay Ayam Dimsum Resto,Restaurant Steamed Chicken Dimsum · Dimsum Ayam Resto Siomay Ayam Dimsum Resto · 4 buah (100 g) · Nasional/Ayam · src:FatSecret ID · conf:medium
idn-egg-roll-kue,Egg Roll Kue,468.0,6.0,20.0,66.0,30.0,0.8,35,1.3,120,100,Olahan,Jajanan & Gorengan,,30,Egg Roll Kue Egg Roll Semprong Telur,Crisp Rolled Egg Wafer · Egg Roll Kue Egg Roll Semprong Telur · 4 buah · Nasional/Kue Kering · src:Recipe calc · conf:medium
idn-emping-melinjo-goreng,Emping Melinjo Goreng,510.0,12.0,26.0,58.0,2.0,4.0,90,3.0,350,100,Olahan,Jajanan & Gorengan,,20,Emping Emping Goreng Krupuk Melinjo,Fried Melinjo Nut Cracker · Emping Emping Goreng Krupuk Melinjo · 1 genggam · Nasional/Gorengan · src:Recipe calc · conf:high
idn-emping-melinjo-manis-pedas,Emping Melinjo Manis Pedas,505.0,10.0,24.0,62.0,14.0,3.5,80,2.8,420,100,Olahan,Jajanan & Gorengan,,25,Emping Balado Emping Manis Pedas,Sweet Spicy Coated Melinjo Cracker · Emping Balado Emping Manis Pedas · 1 genggam · Nasional/Keripik & Kerupuk · src:Recipe calc · conf:medium
idn-gorengan-campur-pagi,Gorengan Campur Pagi,320.0,6.0,20.0,29.0,3.0,2.2,50,1.4,380,100,Olahan,Jajanan & Gorengan,,50,Gorengan Campur Gerobak Gorengan Pagi,Assorted Morning Fritters · Gorengan Campur Gerobak Gorengan Pagi · 1 buah (50 g) · Nasional/Gorengan · src:Recipe calc · conf:medium
idn-gyoza-goreng,Gyoza Goreng,235.0,9.0,11.0,25.0,1.4,1.4,22,1.4,560,100,Olahan,Jajanan & Gorengan,,125,Dumpling Jepang Goreng Gyoza Kuotie,Pan Fried Gyoza Dumpling · Dumpling Jepang Goreng Gyoza Kuotie · 5 buah (125 g) · Nasional/Bakso · src:USDA analog · conf:medium
idn-hakau-udang-resto,Hakau Udang Resto,144.0,8.0,3.5,20.0,0.8,0.6,30,0.6,520,100,Olahan,Jajanan & Gorengan,,100,Hakau Resto Har Gow Resto,Restaurant Har Gow Shrimp Dumpling · Hakau Resto Har Gow Resto · 4 buah (100 g) · Nasional/Seafood · src:FatSecret ID · conf:medium
idn-jagung-bakar,Jagung Bakar,145.0,3.5,4.5,24.0,7.0,2.5,10,0.6,220,100,Olahan,Jajanan & Gorengan,,150,Jagung Bakar Manis Pedas Jagung Panggang,Grilled Sweet Corn · Jagung Bakar Manis Pedas Jagung Panggang · 1 buah · Nasional/Bubur · src:Recipe calc · conf:high
idn-jagung-rebus,Jagung Rebus,110.0,3.5,1.3,22.0,5.0,2.5,8,0.5,15,100,Olahan,Jajanan & Gorengan,,130,Jagung Kukus Jagung Manis Rebus,Boiled Sweet Corn · Jagung Kukus Jagung Manis Rebus · 1 buah · Nasional/Bubur · src:TKPI · conf:high
idn-jamur-tiram-goreng-tepung,Jamur Tiram Goreng Tepung,250.0,5.0,15.0,24.0,1.0,1.8,25,1.0,400,100,Olahan,Jajanan & Gorengan,,60,Jamur Crispy Goreng,Battered Fried Oyster Mushroom · Jamur Crispy Goreng · 1 porsi · Nasional/Sayuran · src:Recipe calc · conf:medium
idn-jasuke,Jasuke,170.0,4.0,7.0,23.0,10.0,2.0,90,0.6,240,100,Olahan,Jajanan & Gorengan,,150,Jagung Serut Susu Keju Jagung Susu Keju,Sweet Corn With Milk & Cheese · Jagung Serut Susu Keju Jagung Susu Keju · 1 cup · Nasional/Jajanan · src:Recipe calc · conf:medium
idn-kacang-bawang,Kacang Bawang,585.0,24.0,45.0,21.0,4.0,7.0,60,2.5,350,100,Olahan,Jajanan & Gorengan,,30,Kacang Bawang Goreng Kacang Goreng Bawang,Garlic Fried Peanuts · Kacang Bawang Goreng Kacang Goreng Bawang · 1 genggam · Nasional/Kue Kering · src:Recipe calc · conf:high
idn-kacang-disko,Kacang Disko,520.0,15.0,28.0,52.0,8.0,3.5,50,2.2,420,100,Olahan,Jajanan & Gorengan,,30,Kacang Disko Renyah Kacang Kribo,Crunchy Coated Fried Peanuts · Kacang Disko Renyah Kacang Kribo · 1 genggam · Nasional/Kue Kering · src:Recipe calc · conf:medium
idn-kacang-koro-goreng,Kacang Koro Goreng,470.0,17.0,21.0,52.0,4.0,7.0,50,3.0,520,100,Olahan,Jajanan & Gorengan,,30,Kacang Koro Pedas Koro Goreng,Fried Jack Bean Snack · Kacang Koro Pedas Koro Goreng · 1 genggam · Nasional/Kue Kering · src:Recipe calc · conf:medium
idn-kacang-kulit-sangrai,Kacang Kulit Sangrai,565.0,25.0,44.0,18.0,4.0,8.0,55,2.2,380,100,Olahan,Jajanan & Gorengan,,30,Kacang Garuda Sangrai Kacang Kulit Kacang Sangrai,Roasted Peanuts In Shell · Kacang Garuda Sangrai Kacang Kulit Kacang Sangrai · 1 genggam · Nasional/Kue Kering · src:TKPI · conf:high
idn-kacang-polong-goreng,Kacang Polong Goreng,480.0,15.0,22.0,55.0,5.0,6.0,45,2.5,500,100,Olahan,Jajanan & Gorengan,,30,Kacang Ijo Goreng Kacang Polong Renyah,Fried Green Peas Snack · Kacang Ijo Goreng Kacang Polong Renyah · 1 genggam · Nasional/Kue Kering · src:Recipe calc · conf:medium
idn-kacang-sembunyi,Kacang Sembunyi,495.0,13.0,28.0,47.0,6.0,3.5,45,2.0,300,100,Olahan,Jajanan & Gorengan,,30,Kacang Sembunyi Goreng Kacang Umpet,Peanut Filled Fried Pastry Snack · Kacang Sembunyi Goreng Kacang Umpet · 1 genggam · Nasional/Kue Kering · src:Recipe calc · conf:medium
idn-kacang-telur,Kacang Telur,518.0,17.0,30.0,45.0,12.0,4.5,55,2.0,300,100,Olahan,Jajanan & Gorengan,,35,Kacang Atom Kacang Telor,Egg Batter Coated Fried Peanuts · Kacang Atom Kacang Telor · 1 genggam · Nasional/Kue Kering · src:Recipe calc · conf:high
idn-kentang-goreng,Kentang Goreng,290.0,3.5,14.0,38.0,0.5,3.5,15,0.8,300,100,Olahan,Jajanan & Gorengan,,100,French Fries Kentang Goreng Renyah,French Fries · French Fries Kentang Goreng Renyah · 1 porsi · Nasional/Gorengan · src:USDA analog · conf:high
idn-kentang-goreng-fast-food-large,Kentang Goreng Fast Food Large,312.0,3.4,15.0,41.0,0.4,3.6,14,0.8,290,100,Olahan,Jajanan & Gorengan,,150,French Fries Large Kentang Goreng Besar,Fast Food French Fries Large · French Fries Large Kentang Goreng Besar · 1 porsi large (150 g) · Nasional/Gorengan · src:FatSecret ID · conf:high
idn-kentang-goreng-fast-food-regular,Kentang Goreng Fast Food Regular,312.0,3.4,15.0,41.0,0.4,3.6,14,0.8,270,100,Olahan,Jajanan & Gorengan,,100,French Fries Regular Kentang Goreng Reguler,Fast Food French Fries Regular · French Fries Regular Kentang Goreng Reguler · 1 porsi regular (100 g) · Nasional/Gorengan · src:FatSecret ID · conf:high
idn-kentang-spiral-goreng,Kentang Spiral Goreng,330.0,3.5,17.0,41.0,1.5,3.2,15,0.9,550,100,Olahan,Jajanan & Gorengan,,90,Kentang Spiral Tornado Potato,Fried Spiral Potato Skewer · Kentang Spiral Tornado Potato · 1 tusuk · Nasional/Buah · src:Recipe calc · conf:medium
idn-keripik-jamur-crispy,Keripik Jamur Crispy,470.0,9.0,26.0,50.0,1.5,4.0,40,2.0,600,100,Olahan,Jajanan & Gorengan,,25,Jamur Crispy Kripik Jamur,Crispy Fried Mushroom Chips · Jamur Crispy Kripik Jamur · 1 genggam · Nasional/Sayuran · src:Recipe calc · conf:medium
idn-keripik-kentang-balado,Keripik Kentang Balado,530.0,5.0,30.0,58.0,10.0,3.5,20,1.4,600,100,Olahan,Jajanan & Gorengan,,30,Keripik Kentang Pedas Manis Kripik Kentang Balado,Spicy Chilli Potato Chips · Keripik Kentang Pedas Manis Kripik Kentang Balado · 1 genggam · Nasional/Keripik & Kerupuk · src:Recipe calc · conf:medium
idn-keripik-sukun,Keripik Sukun,500.0,3.0,26.0,63.0,3.0,4.0,25,0.8,350,100,Olahan,Jajanan & Gorengan,,30,Keripik Sukun Gurih Kripik Sukun,Breadfruit Chips · Keripik Sukun Gurih Kripik Sukun · 1 genggam · Nasional/Keripik & Kerupuk · src:Recipe calc · conf:medium
idn-keripik-tahu,Keripik Tahu,480.0,22.0,30.0,30.0,1.5,2.0,220,3.0,620,100,Olahan,Jajanan & Gorengan,,25,Keripik Tahu Pedas Kripik Tahu,Crispy Tofu Chips · Keripik Tahu Pedas Kripik Tahu · 1 genggam · Nasional/Tahu & Tempe · src:Recipe calc · conf:medium
idn-keripik-usus-ayam,Keripik Usus Ayam,495.0,20.0,30.0,36.0,1.0,1.0,50,2.0,700,100,Olahan,Jajanan & Gorengan,,25,Keripik Usus Crispy Kripik Usus,Crispy Fried Chicken Intestine · Keripik Usus Crispy Kripik Usus · 1 genggam · Nasional/Roti & Pastry · src:Recipe calc · conf:medium
idn-kerupuk-bawang,Kerupuk Bawang,495.0,5.0,24.0,64.0,1.2,0.8,20,0.9,920,100,Olahan,Jajanan & Gorengan,,20,Kerupuk Bawang Goreng Krupuk Bawang,Garlic Flavoured Cracker · Kerupuk Bawang Goreng Krupuk Bawang · 1 genggam · Nasional/Keripik & Kerupuk · src:Recipe calc · conf:medium
idn-kerupuk-putih,Kerupuk Putih,500.0,3.5,25.0,64.0,1.0,0.6,15,0.7,880,100,Olahan,Jajanan & Gorengan,,15,Kerupuk Aci Putih Kerupuk Uyel Krupuk Putih,Plain White Tapioca Cracker · Kerupuk Aci Putih Kerupuk Uyel Krupuk Putih · 1 genggam · Nasional/Keripik & Kerupuk · src:Recipe calc · conf:high
idn-kerupuk-putih-goreng,Kerupuk Putih Goreng,500.0,2.0,25.0,63.0,1.0,0.5,20,0.5,900,100,Olahan,Jajanan & Gorengan,,15,Kerupuk Blek Kerupuk Kanji,Fried Plain Tapioca Crackers · Kerupuk Blek Kerupuk Kanji · 5 keping · Nasional/Gorengan · src:NilaiGizi · conf:medium
idn-kerupuk-udang,Kerupuk Udang,480.0,8.0,22.0,62.0,1.5,1.0,45,1.2,900,100,Olahan,Jajanan & Gorengan,,20,Kerupuk Udang Sidoarjo Krupuk Udang,Fried Prawn Cracker · Kerupuk Udang Sidoarjo Krupuk Udang · 1 genggam · Nasional/Seafood · src:Recipe calc · conf:high
idn-korean-corndog-kentang,Korean Corndog Kentang,311.0,8.0,15.0,36.0,8.0,1.8,80,1.1,640,100,Olahan,Jajanan & Gorengan,,120,Corndog Kentang Potato Corndog,Korean Corn Dog With Potato Coating · Corndog Kentang Potato Corndog · 1 tusuk (120 g) · Nasional/Serealia & Umbi · src:Estimate · conf:medium
idn-korean-corndog-mozzarella,Korean Corndog Mozzarella,294.0,9.0,14.0,33.0,8.0,1.2,150,1.2,620,100,Olahan,Jajanan & Gorengan,,110,Corndog Keju Korea Kordog Mozarella,Korean Corn Dog With Mozzarella · Corndog Keju Korea Kordog Mozarella · 1 tusuk (110 g) · Nasional/Jajanan · src:Estimate · conf:medium
idn-kue-bawang,Kue Bawang,498.0,7.0,27.0,57.0,2.0,1.8,30,1.6,600,100,Olahan,Jajanan & Gorengan,,30,Kue Bawang Goreng Kue Bawang Renyah Stik Bawang,Savoury Fried Garlic Cracker Sticks · Kue Bawang Goreng Kue Bawang Renyah Stik Bawang · 1 genggam · Nasional/Kue Kering · src:Recipe calc · conf:high
idn-kue-keranjang-goreng,Kue Keranjang Goreng,388.0,4.0,14.0,61.0,33.0,0.6,25,0.9,90,100,Olahan,Jajanan & Gorengan,,70,Kue Keranjang Goreng Telur Nian Gao Goreng,Fried Battered Nian Gao · Kue Keranjang Goreng Telur Nian Gao Goreng · 2 potong · Nasional/Gorengan · src:Recipe calc · conf:medium
idn-kue-kuping-gajah,Kue Kuping Gajah,470.0,6.0,21.0,64.0,22.0,1.5,35,1.6,180,100,Olahan,Jajanan & Gorengan,,40,Kue Kuping Gajah Coklat Kuping Gajah,Elephant Ear Spiral Fried Cookie · Kue Kuping Gajah Coklat Kuping Gajah · 6 buah · Nasional/Kue Kering · src:Recipe calc · conf:medium
idn-kue-telur-gabus,Kue Telur Gabus,495.0,8.0,27.0,55.0,3.0,0.8,150,1.0,500,100,Olahan,Jajanan & Gorengan,,30,Kue Telor Gabus Telur Gabus Keju,Crunchy Cheese Puff Sticks · Kue Telor Gabus Telur Gabus Keju · 1 genggam · Nasional/Kue Kering · src:Recipe calc · conf:medium
idn-kulit-ayam-crispy,Kulit Ayam Crispy,480.0,20.0,40.0,12.0,0.5,0.4,20,1.2,620,100,Olahan,Jajanan & Gorengan,,50,Kriuk Kulit Ayam Kulit Ayam Goreng Krispi,Crispy Fried Chicken Skin · Kriuk Kulit Ayam Kulit Ayam Goreng Krispi · 1 porsi · Nasional/Ayam · src:Recipe calc · conf:medium
idn-lumpia-semarang-goreng-resto,Lumpia Semarang Goreng Resto,284.0,9.0,15.0,28.0,4.0,2.0,30,1.2,480,100,Olahan,Jajanan & Gorengan,,110,Lumpia Rebung Goreng Resto Lunpia Semarang Resto,Restaurant Fried Semarang Spring Roll · Lumpia Rebung Goreng Resto Lunpia Semarang Resto · 2 buah (110 g) · Nasional/Roti & Pastry · src:Recipe calc · conf:medium
idn-martabak-telur-mini,Martabak Telur Mini,300.0,10.0,19.0,22.0,1.5,1.0,40,1.6,620,100,Olahan,Jajanan & Gorengan,,35,Martabak Kecil Asin Martabak Mini Telur,Mini Savoury Egg Martabak · Martabak Kecil Asin Martabak Mini Telur · 2 buah · Nasional/Telur · src:Recipe calc · conf:medium
idn-mie-lidi,Mie Lidi,490.0,8.0,25.0,57.0,3.0,1.8,20,1.6,880,100,Olahan,Jajanan & Gorengan,,25,Mi Lidi Mie Lidi Pedas,Fried Stick Noodle Snack · Mi Lidi Mie Lidi Pedas · 1 bungkus kecil · Nasional/Mie & Bihun · src:Recipe calc · conf:medium
idn-nugget-ayam-goreng,Nugget Ayam Goreng,295.0,14.0,18.0,19.0,1.0,0.8,30,1.0,600,100,Olahan,Jajanan & Gorengan,,60,Chicken Nugget Goreng Naget Ayam,Fried Chicken Nuggets · Chicken Nugget Goreng Naget Ayam · 5 buah · Nasional/Ayam · src:USDA analog · conf:high
idn-onde-onde-ketawa,Onde-Onde Ketawa,436.0,6.0,20.0,58.0,24.0,1.8,100,2.0,90,100,Olahan,Jajanan & Gorengan,,45,Kue Ketawa Kue Tertawa Onde Ketawa,Laughing Sesame Cookie Balls · Kue Ketawa Kue Tertawa Onde Ketawa · 3 buah · Nasional/Kue Basah · src:Recipe calc · conf:medium
idn-onde-onde-ubi-ungu,Onde-Onde Ubi Ungu,300.0,4.5,12.0,43.0,13.0,2.2,45,1.3,80,100,Olahan,Jajanan & Gorengan,,40,Onde Ubi Ungu Onde-Onde Ungu,Purple Sweet Potato Sesame Ball · Onde Ubi Ungu Onde-Onde Ungu · 1 buah (40 g) · Nasional/Gorengan · src:Recipe calc · conf:medium
idn-onion-ring-resto,Onion Ring Resto,410.0,5.0,21.0,50.0,5.0,2.4,80,1.4,560,100,Olahan,Jajanan & Gorengan,,85,Bawang Goreng Tepung Resto Onion Ring,Restaurant Onion Rings · Bawang Goreng Tepung Resto Onion Ring · 6 buah (85 g) · Nasional/Gorengan · src:USDA analog · conf:medium
idn-otak-otak-bakar,Otak-Otak Bakar,185.0,11.0,9.0,15.0,1.5,0.4,40,0.9,580,100,Olahan,Jajanan & Gorengan,,40,Otak Otak Bakar Daun Otak-Otak Panggang,Grilled Fish Paste Parcel · Otak Otak Bakar Daun Otak-Otak Panggang · 2 buah · Nasional/Ikan · src:Recipe calc · conf:medium
idn-otak-otak-goreng,Otak-Otak Goreng,250.0,12.0,15.0,17.0,1.5,0.5,45,1.0,620,100,Olahan,Jajanan & Gorengan,,50,Otak Otak Goreng Ikan Otak-Otak Tenggiri Goreng,Fried Fish Paste Fritter · Otak Otak Goreng Ikan Otak-Otak Tenggiri Goreng · 2 buah · Nasional/Ikan · src:Recipe calc · conf:medium
idn-pastel-goreng,Pastel Goreng,320.0,6.5,18.0,33.0,2.0,1.8,35,1.3,420,100,Olahan,Jajanan & Gorengan,,60,Jalangkote Jawa Pastel Pastel Isi Sayur Telur,Fried Savoury Pastry Turnover · Jalangkote Jawa Pastel Pastel Isi Sayur Telur · 1 buah · Nasional/Roti & Pastry · src:Recipe calc · conf:high
idn-pastel-kering,Pastel Kering,494.0,6.5,28.0,55.0,3.0,1.6,30,1.8,350,100,Olahan,Jajanan & Gorengan,,40,Pastel Kering Abon Pastel Mini Kering,Mini Crisp Fried Savoury Pastry · Pastel Kering Abon Pastel Mini Kering · 6 buah · Nasional/Kue Kering · src:Recipe calc · conf:medium
idn-perkedel-kentang-resto,Perkedel Kentang Resto,212.0,4.0,12.0,17.0,1.0,1.4,20,0.8,420,100,Olahan,Jajanan & Gorengan,,40,Perkedel Fast Food Perkedel Kentang Chain,Restaurant Potato Fritter · Perkedel Fast Food Perkedel Kentang Chain · 1 buah (72 g) · Nasional/Gorengan · src:FatSecret ID · conf:high
idn-pisang-aroma,Pisang Aroma,355.0,4.0,18.0,44.0,20.0,1.8,30,1.0,150,100,Olahan,Jajanan & Gorengan,,40,Pisang Arum Piscok Aroma,Crispy Rolled Banana Spring Roll · Pisang Arum Piscok Aroma · 2 buah · Nasional/Buah · src:Recipe calc · conf:medium
idn-pisang-coklat-goreng,Pisang Coklat Goreng,330.0,4.0,16.0,43.0,20.0,2.0,35,1.1,160,100,Olahan,Jajanan & Gorengan,,50,Pisang Coklat Piscok Piscok Goreng,Fried Banana Chocolate Roll · Pisang Coklat Piscok Piscok Goreng · 2 buah · Nasional/Buah · src:Recipe calc · conf:high
idn-pisang-goreng-crispy,Pisang Goreng Crispy,300.0,3.0,14.0,41.0,15.0,2.0,25,0.8,150,100,Olahan,Jajanan & Gorengan,,65,Pisang Crispy Pisang Goreng Renyah,Crispy Battered Fried Banana · Pisang Crispy Pisang Goreng Renyah · 1 buah · Nasional/Buah · src:Recipe calc · conf:high
idn-pisang-goreng-kipas,Pisang Goreng Kipas,275.0,2.8,12.0,39.0,17.0,2.0,20,0.7,110,100,Olahan,Jajanan & Gorengan,,70,Pisang Goreng Pipih Pisang Kipas,Fan Shaped Fried Banana · Pisang Goreng Pipih Pisang Kipas · 1 buah · Nasional/Buah · src:Recipe calc · conf:medium
idn-pisang-goreng-pasir,Pisang Goreng Pasir,315.0,4.0,15.0,42.0,16.0,2.2,30,1.0,180,100,Olahan,Jajanan & Gorengan,,60,Pisang Goreng Tepung Roti Pisang Pasir,Breadcrumb Coated Fried Banana · Pisang Goreng Tepung Roti Pisang Pasir · 1 buah · Nasional/Buah · src:Recipe calc · conf:medium
idn-pisang-nugget,Pisang Nugget,320.0,4.5,15.0,42.0,22.0,2.0,40,1.0,190,100,Olahan,Jajanan & Gorengan,,80,Nugget Pisang Pisang Nugget Keju Coklat,Banana Nuggets With Topping · Nugget Pisang Pisang Nugget Keju Coklat · 1 porsi · Nasional/Buah · src:Recipe calc · conf:medium
idn-rempeyek-ebi,Rempeyek Ebi,505.0,17.0,29.0,43.0,1.5,2.2,300,2.8,800,100,Olahan,Jajanan & Gorengan,,25,Peyek Ebi Rempeyek Udang Kering,Dried Shrimp Rice Flour Cracker · Peyek Ebi Rempeyek Udang Kering · 3 buah · Nasional/Seafood · src:Recipe calc · conf:medium
idn-risoles-mayo,Risoles Mayo,320.0,8.0,20.0,26.0,3.0,1.2,60,1.2,520,100,Olahan,Jajanan & Gorengan,,60,Risol Mayo Risol Mayo Sosis Risoles Mayonaise,Mayo Filled Fried Crepe Roll · Risol Mayo Risol Mayo Sosis Risoles Mayonaise · 1 buah · Nasional/Gorengan · src:Recipe calc · conf:high
idn-risoles-ragout-ayam,Risoles Ragout Ayam,285.0,8.5,17.0,24.0,2.5,1.2,65,1.2,480,100,Olahan,Jajanan & Gorengan,,60,Risol Risol Ayam Risol Ragout Risoles Risoles Ayam Sayur,Chicken Ragout Fried Crepe Roll · Risol Risol Ayam Risol Ragout Risoles Risoles Ayam Sayur · 1 buah · Nasional/Ayam · src:Recipe calc · conf:high
idn-risoles-sayur,Risoles Sayur,275.0,6.5,16.0,26.0,2.5,1.6,55,1.2,430,100,Olahan,Jajanan & Gorengan,,55,Risol Sayur Risoles Isi Sayuran,Vegetable Risoles · Risol Sayur Risoles Isi Sayuran · 1 buah · Nasional/Sayur · src:Recipe calc · conf:medium
idn-risoles-smoked-beef-keju,Risoles Smoked Beef Keju,330.0,11.0,21.0,24.0,3.0,1.0,120,1.4,650,100,Olahan,Jajanan & Gorengan,,65,Risol Smoked Beef Risoles Daging Asap Keju,Smoked Beef & Cheese Risoles · Risol Smoked Beef Risoles Daging Asap Keju · 1 buah · Nasional/Daging Sapi · src:Recipe calc · conf:medium
idn-roti-john,Roti John,330.0,13.0,18.0,29.0,4.0,1.5,80,2.0,620,100,Olahan,Jajanan & Gorengan,,180,Roti John Daging Telur Rotijon,Griddled Egg & Meat Baguette · Roti John Daging Telur Rotijon · 1 porsi · Nasional/Roti & Pastry · src:Recipe calc · conf:medium
idn-sate-pentol,Sate Pentol,195.0,11.0,8.5,19.0,5.0,0.5,30,1.2,720,100,Olahan,Jajanan & Gorengan,,75,Pentol Sate Sate Pentol Bakar,Grilled Meatball Skewer · Pentol Sate Sate Pentol Bakar · 1 tusuk (5 butir) · Nasional/Sate · src:Recipe calc · conf:medium
idn-sate-sosis,Sate Sosis,265.0,12.0,20.0,9.0,3.5,0.3,20,1.0,900,100,Olahan,Jajanan & Gorengan,,80,Sate Sosis Bakar Sosis Sate,Grilled Sausage Skewer · Sate Sosis Bakar Sosis Sate · 2 tusuk · Nasional/Sate · src:Recipe calc · conf:medium
idn-sate-telur-gulung,Sate Telur Gulung,210.0,10.5,15.5,7.5,1.5,0.2,45,1.6,380,100,Olahan,Jajanan & Gorengan,,90,Sate Telor Gulung Telur Gulung,Rolled Egg Skewer · Sate Telor Gulung Telur Gulung · 3 tusuk · Nasional/Sate · src:Recipe calc · conf:medium
idn-sate-telur-puyuh,Sate Telur Puyuh,200.0,12.0,13.0,8.0,4.0,0.2,60,3.0,480,100,Olahan,Jajanan & Gorengan,,50,Sate Telor Puyuh Telur Puyuh Bacem Tusuk,Quail Egg Skewer · Sate Telor Puyuh Telur Puyuh Bacem Tusuk · 1 tusuk · Nasional/Bebek & Unggas · src:Recipe calc · conf:medium
idn-sate-usus-ayam,Sate Usus Ayam,235.0,16.0,15.0,8.0,1.0,0.3,30,1.8,520,100,Olahan,Jajanan & Gorengan,,40,Sate Usus Usus Ayam Bumbu Kuning,Chicken Intestine Skewer · Sate Usus Usus Ayam Bumbu Kuning · 2 tusuk · Nasional/Roti & Pastry · src:Recipe calc · conf:medium
idn-singkong-goreng,Singkong Goreng,270.0,1.5,12.0,39.0,2.0,2.0,30,0.6,220,100,Olahan,Jajanan & Gorengan,,80,Singkong Goreng Empuk Ubi Kayu Goreng,Fried Cassava · Singkong Goreng Empuk Ubi Kayu Goreng · 1 porsi · Nasional/Gorengan · src:Recipe calc · conf:high
idn-siomay-ayam,Siomay Ayam,195.0,12.0,9.0,16.0,1.5,0.8,30,1.0,520,100,Olahan,Jajanan & Gorengan,,120,Siomay Ayam Kukus Somay Ayam,Steamed Chicken Dumplings · Siomay Ayam Kukus Somay Ayam · 1 porsi · Nasional/Ayam · src:Recipe calc · conf:medium
idn-siomay-goreng,Siomay Goreng,285.0,11.0,17.0,22.0,1.2,0.8,35,1.1,560,100,Olahan,Jajanan & Gorengan,,60,Siomay Kering Goreng Somay Goreng,Fried Dumplings · Siomay Kering Goreng Somay Goreng · 4 buah · Nasional/Bakso · src:Recipe calc · conf:medium
idn-sosis-bakar,Sosis Bakar,305.0,12.0,25.0,8.0,4.0,0.3,25,1.2,950,100,Olahan,Jajanan & Gorengan,,60,Sosis Bakar Tusuk Sosis Panggang Saus,Grilled Sausage Skewer · Sosis Bakar Tusuk Sosis Panggang Saus · 1 tusuk · Nasional/Jajanan · src:Recipe calc · conf:medium
idn-sosis-goreng-tepung,Sosis Goreng Tepung,330.0,11.0,23.0,19.0,2.0,0.5,30,1.3,880,100,Olahan,Jajanan & Gorengan,,60,Sosis Goreng Crispy Sosis Krispi,Battered Fried Sausage · Sosis Goreng Crispy Sosis Krispi · 1 tusuk · Nasional/Gorengan · src:Recipe calc · conf:medium
idn-stik-bawang-pedas,Stik Bawang Pedas,500.0,8.0,27.0,56.0,3.0,2.0,40,2.0,650,100,Olahan,Jajanan & Gorengan,,25,Kue Stik Bawang Pedas Stik Bawang,Spicy Garlic Fried Stick · Kue Stik Bawang Pedas Stik Bawang · 1 porsi kecil (25 g) · Nasional/Jajanan · src:Recipe calc · conf:medium
idn-sukun-goreng,Sukun Goreng,268.0,1.8,12.5,37.0,8.0,3.5,25,0.6,120,100,Olahan,Jajanan & Gorengan,,70,Sukun Goreng Tepung Timbul Goreng,Fried Breadfruit · Sukun Goreng Tepung Timbul Goreng · 2 potong · Nasional/Gorengan · src:Recipe calc · conf:medium
idn-tahu-crispy,Tahu Crispy,300.0,10.0,18.0,24.0,1.0,1.2,140,1.8,520,100,Olahan,Jajanan & Gorengan,,60,Tahu Goreng Crispy Tahu Krispi,Crispy Battered Tofu Cubes · Tahu Goreng Crispy Tahu Krispi · 1 porsi · Nasional/Tahu & Tempe · src:Recipe calc · conf:medium
idn-talas-goreng,Talas Goreng,275.0,2.5,13.0,37.0,1.5,3.0,40,0.8,200,100,Olahan,Jajanan & Gorengan,,70,Keladi Goreng Talas Goreng Tepung,Fried Taro · Keladi Goreng Talas Goreng Tepung · 1 porsi · Nasional/Gorengan · src:Recipe calc · conf:medium
idn-telur-gulung,Telur Gulung,240.0,9.0,17.0,12.0,1.0,0.2,45,1.5,320,100,Olahan,Jajanan & Gorengan,,45,Telor Gulung Telur Gulung Tusuk,Rolled Egg On A Stick · Telor Gulung Telur Gulung Tusuk · 2 tusuk · Nasional/Telur · src:Recipe calc · conf:medium
idn-tempe-goreng-polos,Tempe Goreng Polos,282.0,18.0,18.0,12.0,0.8,3.0,145,3.0,180,100,Olahan,Jajanan & Gorengan,,40,Tempe Goreng Tempe Goreng Tanpa Tepung,Plain Fried Tempeh · Tempe Goreng Tempe Goreng Tanpa Tepung · 2 potong · Nasional/Tahu & Tempe · src:TKPI · conf:high
idn-tempe-goreng-tepung,Tempe Goreng Tepung,285.0,13.0,17.0,20.0,1.0,2.5,110,2.2,350,100,Olahan,Jajanan & Gorengan,,40,Tempe Goreng Krispi Tempe Tepung,Battered Fried Tempeh · Tempe Goreng Krispi Tempe Tepung · 2 potong · Nasional/Tahu & Tempe · src:Recipe calc · conf:high
idn-ubi-goreng,Ubi Goreng,265.0,2.0,12.0,37.0,9.0,2.5,35,0.7,60,100,Olahan,Jajanan & Gorengan,,70,Ketela Goreng Ubi Jalar Goreng,Fried Sweet Potato · Ketela Goreng Ubi Jalar Goreng · 1 porsi · Nasional/Gorengan · src:Recipe calc · conf:high
idn-kue-rambut,Kue Rambut,415.0,4.0,20.0,54.0,24.0,1.2,20,1.0,60,100,Olahan,Jajanan & Gorengan,,40,Kue Rambut NTT Kue Rambut Rote,Rote Fried Palm Sugar Lace Cake · Kue Rambut NTT Kue Rambut Rote · 1 buah · Nusa Tenggara Timur/Gorengan · src:Recipe calc · conf:low
idn-keripik-keladi,Keripik Keladi,504.0,3.0,28.0,60.0,3.0,4.0,30,1.2,350,100,Olahan,Jajanan & Gorengan,,30,Keripik Keladi Papua Kripik Talas Papua,Fried Taro Chips · Keripik Keladi Papua Kripik Talas Papua · 1 bungkus kecil · Papua/Keripik & Kerupuk · src:Recipe calc · conf:medium
idn-martabak-sagu,Martabak Sagu,321.0,1.5,11.0,54.0,20.0,2.0,25,0.9,60,100,Olahan,Jajanan & Gorengan,,80,Martabak Sagu Fakfak Martabak Sagu Papua,Fakfak Fried Sago Pancake With Palm Sugar · Martabak Sagu Fakfak Martabak Sagu Papua · 1 potong · Papua Barat/Gorengan · src:Recipe calc · conf:medium
idn-deppa-tori,Deppa Tori,420.0,5.0,17.0,61.0,25.0,2.5,90,2.5,55,100,Olahan,Jajanan & Gorengan,,30,Deppa Tetekan Deppa Tori',Torajan Fried Sesame Palm Sugar Cake · Deppa Tetekan Deppa Tori' · 1 buah · Sulawesi Selatan/Gorengan · src:Recipe calc · conf:medium
idn-kacang-mete-goreng,Kacang Mete Goreng,590.0,17.0,46.0,27.0,5.0,3.0,40,6.0,400,100,Olahan,Jajanan & Gorengan,,30,Kacang Mede Goreng Mete Goreng Asin,Fried Cashew Nuts · Kacang Mede Goreng Mete Goreng Asin · 1 genggam · Sulawesi Tenggara/Kue Kering · src:TKPI · conf:high
idn-biapong-babi,Biapong Babi,263.0,8.5,8.5,38.0,7.0,1.3,35,1.3,380,100,Olahan,Jajanan & Gorengan,,75,Bakpao Babi Manado Biapong Isi Babi,Steamed Pork Bun · Bakpao Babi Manado Biapong Isi Babi · 1 buah · Sulawesi Utara/Babi · src:Recipe calc · conf:medium
idn-biapong-kacang,Biapong Kacang,285.0,7.0,9.0,44.0,17.0,2.2,40,1.4,200,100,Olahan,Jajanan & Gorengan,,75,Bakpao Kacang Manado Biapong Isi Kacang,Steamed Bun With Peanut Filling · Bakpao Kacang Manado Biapong Isi Kacang · 1 buah · Sulawesi Utara/Kacang & Biji · src:Recipe calc · conf:medium
idn-biapong-unti,Biapong Unti,274.0,5.5,8.0,45.0,18.0,2.0,30,1.1,190,100,Olahan,Jajanan & Gorengan,,75,Bakpao Unti Bapao Manado Biapong Biapong Isi Unti,Steamed Bun With Coconut Palm Sugar Filling · Bakpao Unti Bapao Manado Biapong Biapong Isi Unti · 1 buah · Sulawesi Utara/Jajanan · src:Recipe calc · conf:medium
idn-jalangkote,Jalangkote,315.0,6.5,17.5,33.0,2.5,1.8,30,1.5,400,100,Olahan,Jajanan & Gorengan,,55,Jalang Kote Pastel Makassar Pastel Sulawesi,Fried Vegetable Pastry · Jalang Kote Pastel Makassar Pastel Sulawesi · 1 buah · Sulawesi Utara/Gorengan · src:Recipe calc · conf:high
idn-lalampa,Lalampa,198.0,6.0,7.0,27.5,1.4,1.0,18,0.9,320,100,Olahan,Jajanan & Gorengan,,70,Lalampa Manado Lemper Manado,Grilled Sticky Rice With Skipjack Filling · Lalampa Manado Lemper Manado · 1 buah · Sulawesi Utara/Bubur · src:Recipe calc · conf:high
idn-panada,Panada,300.0,9.5,14.0,34.0,3.0,1.6,35,1.7,420,100,Olahan,Jajanan & Gorengan,,60,Panada Cakalang Panada Manado,Fried Bread Pocket With Skipjack · Panada Cakalang Panada Manado · 1 buah · Sulawesi Utara/Gorengan · src:Recipe calc · conf:high
idn-pisang-goroho-goreng,Pisang Goroho Goreng,266.0,1.5,12.0,38.0,8.0,2.6,12,0.6,30,100,Olahan,Jajanan & Gorengan,,100,Goroho Goreng Pisang Goroho,Fried Goroho Banana · Goroho Goreng Pisang Goroho · 1 porsi · Sulawesi Utara/Buah · src:Recipe calc · conf:high
idn-pisang-goroho-rebus,Pisang Goroho Rebus,116.0,1.2,0.3,27.5,6.0,2.4,10,0.5,5,100,Olahan,Jajanan & Gorengan,,90,Goroho Rebus,Boiled Goroho Banana · Goroho Rebus · 1 buah · Sulawesi Utara/Buah · src:Recipe calc · conf:high
idn-pisang-goroho-sambal-roa,Pisang Goroho Sambal Roa,260.0,3.3,12.3,34.0,7.4,2.5,25,1.0,160,100,Olahan,Jajanan & Gorengan,,110,Goroho Sambal Roa,Fried Goroho Banana With Roa Sambal · Goroho Sambal Roa · 1 porsi · Sulawesi Utara/Buah · src:Recipe calc · conf:medium
idn-arai-pinang,Arai Pinang,444.0,4.0,20.0,62.0,1.5,1.8,30,1.2,480,100,Olahan,Jajanan & Gorengan,,25,Arai Pinang Padang Karupuak Arai Pinang,Minang Fried Rice-Flour Crisp · Arai Pinang Padang Karupuak Arai Pinang · 1 genggam · Sumatera Barat/Keripik & Kerupuk · src:Recipe calc · conf:medium
idn-karak-kaliang,Karak Kaliang,450.0,3.0,22.0,60.0,2.0,2.4,30,1.2,380,100,Olahan,Jajanan & Gorengan,,25,Karak Kaliang Bukittinggi Karak Kaliang Payakumbuh,Minang Pretzel Cassava Snack · Karak Kaliang Bukittinggi Karak Kaliang Payakumbuh · 1 genggam · Sumatera Barat/Keripik & Kerupuk · src:Recipe calc · conf:medium
idn-kerupuk-jangek,Kerupuk Jangek,408.0,35.0,28.0,4.0,0.5,0.3,40,1.5,950,100,Olahan,Jajanan & Gorengan,,20,Karupuak Jangek Kerupuk Jangek Gulai Kerupuk Kulit Sapi Rambak,Puffed Beef Skin Cracker · Karupuak Jangek Kerupuk Jangek Gulai Kerupuk Kulit Sapi Rambak · 1 genggam · Sumatera Barat/Keripik & Kerupuk · src:TKPI · conf:high
idn-kerupuk-sanjai,Kerupuk Sanjai,473.0,2.0,25.0,60.0,1.5,3.0,35,1.0,320,100,Olahan,Jajanan & Gorengan,,25,Karupuak Sanjai Keripik Sanjai Original Keripik Singkong Sanjai Keripik Talas Padang,Bukittinggi Cassava Chips · Karupuak Sanjai Keripik Sanjai Original Keripik Singkong Sanjai Keripik Talas Padang · 1 genggam · Sumatera Barat/Keripik & Kerupuk · src:Recipe calc · conf:high
idn-kerupuk-sanjai-balado,Kerupuk Sanjai Balado,462.0,2.0,22.0,64.0,18.0,3.0,35,1.2,420,100,Olahan,Jajanan & Gorengan,,25,Karupuak Balado Keripik Balado Padang Sanjai Balado,Sweet Chili Cassava Chips · Karupuak Balado Keripik Balado Padang Sanjai Balado · 1 genggam · Sumatera Barat/Keripik & Kerupuk · src:Recipe calc · conf:high
idn-perkedel-kentang-padang,Perkedel Kentang Padang,216.0,5.0,12.0,22.0,1.2,1.8,22,1.0,380,100,Olahan,Jajanan & Gorengan,,45,Bergedel Padang Pakodel Kantang,Padang Potato Fritter · Bergedel Padang Pakodel Kantang · 1 buah · Sumatera Barat/Gorengan · src:Recipe calc · conf:high
idn-pinyaram,Pinyaram,339.0,3.0,15.0,48.0,22.0,1.2,40,1.4,90,100,Olahan,Jajanan & Gorengan,,45,Kue Cucur Minang Panyaram Pinyaram Padang,Minang Fried Palm Sugar Rice Cake · Kue Cucur Minang Panyaram Pinyaram Padang · 1 buah · Sumatera Barat/Gorengan · src:Recipe calc · conf:medium
idn-rakik-maco,Rakik Maco,441.0,14.0,25.0,40.0,1.4,2.2,320,3.0,780,100,Olahan,Jajanan & Gorengan,,35,Peyek Maco Padang Rakik Ikan Maco Rakik Udang,Anchovy Rice-Flour Fritter · Peyek Maco Padang Rakik Ikan Maco Rakik Udang · 2 keping · Sumatera Barat/Gorengan · src:Recipe calc · conf:medium
idn-sala-lauak,Sala Lauak,336.0,8.0,16.0,40.0,1.0,1.6,60,1.6,520,100,Olahan,Jajanan & Gorengan,,50,Sala Bulek Sala Lauak Pariaman,Pariaman Fried Fish Rice-Flour Ball · Sala Bulek Sala Lauak Pariaman · 2 buah · Sumatera Barat/Gorengan · src:Recipe calc · conf:medium
idn-kemplang-panggang,Kemplang Panggang,355.0,15.0,2.0,68.0,1.0,0.5,55,1.5,900,100,Olahan,Jajanan & Gorengan,,20,Kemplang Bakar Kemplang Palembang,Grilled Fish Cracker · Kemplang Bakar Kemplang Palembang · 3 keping · Sumatera Selatan/Keripik & Kerupuk · src:Recipe calc · conf:medium
idn-martabak-har,Martabak Har,265.0,10.0,16.0,20.0,1.2,0.9,45,2.0,460,100,Olahan,Jajanan & Gorengan,,180,Martabak Haji Abdul Rozak Martabak Telur Palembang,Palembang Indian-Style Egg Martabak · Martabak Haji Abdul Rozak Martabak Telur Palembang · 1 porsi · Sumatera Selatan/Martabak · src:Recipe calc · conf:medium
idn-otak-otak-palembang,Otak-Otak Palembang,175.0,11.0,9.0,12.0,1.5,0.4,40,1.0,560,100,Olahan,Jajanan & Gorengan,,30,Otak Otak Ikan Palembang Otak-Otak Bakar,Palembang Grilled Fish Paste Parcel · Otak Otak Ikan Palembang Otak-Otak Bakar · 1 buah · Sumatera Selatan/Ikan · src:Recipe calc · conf:medium
idn-pempek-dos,Pempek Dos,245.0,4.5,9.0,37.0,1.0,0.6,20,0.8,560,100,Olahan,Jajanan & Gorengan,,90,Pempek Dos Goreng Pempek Tanpa Ikan,Fishless Fried Tapioca Cake · Pempek Dos Goreng Pempek Tanpa Ikan · 2 buah · Sumatera Selatan/Ikan · src:Recipe calc · conf:medium
idn-roti-ketawa,Roti Ketawa,445.0,6.5,21.0,57.0,20.0,1.8,60,1.6,150,100,Olahan,Jajanan & Gorengan,,25,Kue Ketawa Roti Ketawa Wijen,Fried Sesame Cookie Ball · Kue Ketawa Roti Ketawa Wijen · 1 buah (25 g) · Sumatera Utara/Roti & Pastry · src:Recipe calc · conf:medium
idn-kue-adee-meureudu,Kue Adee Meureudu,300.0,4.5,11.0,46.0,24.0,1.0,40,0.9,90,100,Olahan,Kue & Dessert,,60,Adee Meureudu Kue Adee,Acehnese Baked Cassava Custard Cake · Adee Meureudu Kue Adee · 1 potong · Aceh/Kue Basah · src:Recipe calc · conf:medium
idn-kue-bhoi,Kue Bhoi,360.0,7.0,4.0,74.0,42.0,0.7,26,1.4,120,100,Olahan,Kue & Dessert,,45,Bhoi Bolu Bhoi Kue Bhoi Aceh,Acehnese Fish-Shaped Sponge Biscuit · Bhoi Bolu Bhoi Kue Bhoi Aceh · 3 buah (45 g) · Aceh/Kue Kering · src:Recipe calc · conf:medium
idn-pisang-sale,Pisang Sale,285.0,2.0,1.0,68.0,45.0,4.0,20,1.0,10,100,Olahan,Kue & Dessert,,40,Pisang Sale Aceh Sale Pisang,Smoked Dried Banana · Pisang Sale Aceh Sale Pisang · 1 potong · Aceh/Buah · src:NilaiGizi · conf:medium
idn-timphan-srikaya,Timphan Srikaya,245.0,3.5,7.0,42.0,18.0,1.2,25,0.8,60,100,Olahan,Kue & Dessert,,50,Timphan Aceh Timphan Sri Kaya,Acehnese Banana-Leaf Cake With Custard · Timphan Aceh Timphan Sri Kaya · 1 buah · Aceh/Buah · src:Recipe calc · conf:medium
idn-bubuh-injin,Bubuh Injin,145.0,2.5,4.0,25.0,12.0,1.5,15,0.8,25,100,Olahan,Kue & Dessert,,200,Bubuh Injin Bali Bubur Injin,Balinese Black Glutinous Rice Porridge · Bubuh Injin Bali Bubur Injin · 1 mangkok · Bali/Bubur · src:Recipe calc · conf:high
idn-dadar-gulung-bali,Dadar Gulung Bali,245.0,4.0,10.0,34.0,16.0,2.0,25,1.0,90,100,Olahan,Kue & Dessert,,55,Dadar Unti Bali Jaje Dadar Gulung,Balinese Pandan Crepe With Coconut Filling · Dadar Unti Bali Jaje Dadar Gulung · 1 buah · Bali/Kue Basah · src:Recipe calc · conf:medium
idn-jaje-batun-bedil,Jaje Batun Bedil,205.0,2.5,5.0,38.5,20.0,0.8,15,0.6,40,100,Olahan,Kue & Dessert,,120,Batun Bedil Jaja Batun Bedil,Glutinous Rice Balls In Palm Sugar Coconut Sauce · Batun Bedil Jaja Batun Bedil · 1 porsi · Bali/Kue Basah · src:Recipe calc · conf:medium
idn-jaje-bendu,Jaje Bendu,245.0,3.5,8.0,40.0,17.0,2.0,20,0.8,45,100,Olahan,Kue & Dessert,,60,Bendu Jaje Bendu Bali,Balinese Grilled Glutinous Rice Roll With Coconut · Bendu Jaje Bendu Bali · 1 buah · Bali/Kue Basah · src:Recipe calc · conf:medium
idn-klepon-bali,Klepon Bali,210.0,2.5,5.5,38.0,17.0,1.5,15,0.6,30,100,Olahan,Kue & Dessert,,100,Jaje Klepon Klepon Bali Kelapa,Balinese Palm Sugar Filled Rice Balls · Jaje Klepon Klepon Bali Kelapa · 1 porsi (5 buah) · Bali/Kue Basah · src:Recipe calc · conf:medium
idn-kue-cerorot,Kue Cerorot,215.0,1.5,5.5,40.0,20.0,0.6,15,0.5,40,100,Olahan,Kue & Dessert,,30,Cerorot Clorot Bali Kue Corot,Palm Leaf Cone Rice Cake · Cerorot Clorot Bali Kue Corot · 1 buah (30 g) · Bali/Kue Basah · src:Recipe calc · conf:medium
idn-laklak,Laklak,215.0,3.0,6.0,37.0,15.0,1.5,20,0.7,40,100,Olahan,Kue & Dessert,,100,Jaje Laklak Laklak Bali,Balinese Rice Flour Pancake With Palm Sugar · Jaje Laklak Laklak Bali · 1 porsi (5 buah) · Bali/Kue Basah · src:Recipe calc · conf:medium
idn-pia-legong,Pia Legong,460.0,6.5,22.0,58.0,24.0,2.0,35,1.5,140,100,Olahan,Kue & Dessert,,30,Bakpia Legong Pia Legong Bali,Balinese Premium Butter Pia · Bakpia Legong Pia Legong Bali · 1 buah (30 g) · Bali/Roti & Pastry · src:Recipe calc · conf:medium
idn-pia-susu-bali,Pia Susu Bali,418.0,6.0,17.0,60.0,28.0,1.2,70,1.2,180,100,Olahan,Kue & Dessert,,50,Pia Legong Pia Susu Pia Susu Asli Bali,Balinese Milk Filled Flaky Pia · Pia Legong Pia Susu Pia Susu Asli Bali · 2 buah · Bali/Roti & Pastry · src:Recipe calc · conf:medium
idn-pie-susu-bali,Pie Susu Bali,327.0,6.0,15.0,42.0,25.0,0.5,90,0.8,150,100,Olahan,Kue & Dessert,,60,Pie Susu Pie Susu Dhian Tart Susu Bali,Balinese Milk Custard Tart · Pie Susu Pie Susu Dhian Tart Susu Bali · 2 buah · Bali/Roti & Pastry · src:Recipe calc · conf:high
idn-pisang-rai,Pisang Rai,180.0,2.0,4.5,33.0,15.0,2.5,15,0.6,25,100,Olahan,Kue & Dessert,,70,Jaje Pisang Rai Pisang Rai Bali,Balinese Boiled Banana In Rice Flour Coating · Jaje Pisang Rai Pisang Rai Bali · 1 buah · Bali/Buah · src:Recipe calc · conf:medium
idn-bay-tat,Bay Tat,355.0,5.0,15.0,50.0,28.0,1.0,30,1.2,130,100,Olahan,Kue & Dessert,,60,Bai Tat Bengkulu Kue Tat,Bengkulu Pineapple Jam Tart Cake · Bai Tat Bengkulu Kue Tat · 1 potong · Bengkulu/Kue Basah · src:Recipe calc · conf:low
idn-bakpia-cokelat,Bakpia Cokelat,373.0,6.5,14.0,55.0,26.0,2.0,45,1.9,120,100,Olahan,Kue & Dessert,,60,Bakpia Coklat Bakpia Isi Cokelat,Chocolate Filled Bakpia · Bakpia Coklat Bakpia Isi Cokelat · 2 buah · DI Yogyakarta/Roti & Pastry · src:Recipe calc · conf:medium
idn-bakpia-keju,Bakpia Keju,376.0,8.0,15.0,52.0,20.0,1.5,110,1.4,250,100,Olahan,Kue & Dessert,,60,Bakpia Cheese Bakpia Isi Keju,Cheese Filled Bakpia · Bakpia Cheese Bakpia Isi Keju · 2 buah · DI Yogyakarta/Roti & Pastry · src:Recipe calc · conf:medium
idn-bakpia-kering,Bakpia Kering,396.0,7.0,14.0,60.0,24.0,2.4,40,1.9,110,100,Olahan,Kue & Dessert,,50,Bakpia Kering Pathok Bakpia Panggang Kering,Dry Crisp Layered Bakpia · Bakpia Kering Pathok Bakpia Panggang Kering · 2 buah · DI Yogyakarta/Roti & Pastry · src:Recipe calc · conf:medium
idn-bakpia-kukus,Bakpia Kukus,400.0,6.0,22.0,44.0,26.0,1.0,40,1.2,160,100,Olahan,Kue & Dessert,,50,Bakpia Kukus Jogja Bakpia Kukus Tugu,Steamed Soft Bakpia Cake · Bakpia Kukus Jogja Bakpia Kukus Tugu · 1 potong (50 g) · DI Yogyakarta/Roti & Pastry · src:Estimate · conf:high
idn-bakpia-kumbu-hitam,Bakpia Kumbu Hitam,347.0,6.0,11.0,56.0,23.0,3.0,40,2.2,90,100,Olahan,Kue & Dessert,,60,Bakpia Kacang Hitam Bakpia Kumbu,Black Bean Paste Filled Pastry · Bakpia Kacang Hitam Bakpia Kumbu · 2 buah · DI Yogyakarta/Roti & Pastry · src:Recipe calc · conf:medium
idn-bakpia-pathok-kacang-hijau,Bakpia Pathok Kacang Hijau,348.0,6.5,11.0,55.0,22.0,2.5,35,1.8,90,100,Olahan,Kue & Dessert,,60,Bakpia 25 Bakpia Kacang Ijo Bakpia Pathuk,Yogyakarta Mung Bean Filled Pastry · Bakpia 25 Bakpia Kacang Ijo Bakpia Pathuk · 2 buah · DI Yogyakarta/Roti & Pastry · src:Recipe calc · conf:high
idn-geplak-bantul,Geplak Bantul,390.0,2.5,13.0,66.0,55.0,4.0,30,1.2,45,100,Olahan,Kue & Dessert,,60,Geplak Geplak Jogja,Bantul Sweet Coconut Confection · Geplak Geplak Jogja · 3 buah (60 g) · DI Yogyakarta/Kue Basah · src:Recipe calc · conf:medium
idn-jadah-ketan,Jadah Ketan,213.0,3.2,8.0,32.0,1.0,1.0,15,0.6,210,100,Olahan,Kue & Dessert,,60,Gemblong Jadah Jadah Manis Ketan Uli Ketan,Savoury Pressed Glutinous Rice With Coconut · Gemblong Jadah Jadah Manis Ketan Uli Ketan · 1 potong · DI Yogyakarta/Kue Basah · src:Recipe calc · conf:high
idn-jadah-manten,Jadah Manten,233.0,6.0,9.5,31.0,2.0,1.0,25,0.9,320,100,Olahan,Kue & Dessert,,70,Jadah Manten Ayam Ketan Manten,Grilled Stuffed Glutinous Rice Parcel · Jadah Manten Ayam Ketan Manten · 1 buah · DI Yogyakarta/Kue Basah · src:Recipe calc · conf:medium
idn-kipo,Kipo,255.0,2.5,8.0,44.0,20.0,1.6,24,0.8,60,100,Olahan,Kue & Dessert,,40,Kipo Kotagede Kue Kipo,Kotagede Grilled Green Glutinous Rice Cake · Kipo Kotagede Kue Kipo · 3 buah (40 g) · DI Yogyakarta/Kue Basah · src:Recipe calc · conf:medium
idn-kue-kembang-waru,Kue Kembang Waru,330.0,5.5,10.0,54.0,30.0,0.8,32,1.2,150,100,Olahan,Kue & Dessert,,45,Kembang Waru Kue Kembang Waru Kotagede,Kotagede Waru Flower Sponge Cake · Kembang Waru Kue Kembang Waru Kotagede · 1 buah (45 g) · DI Yogyakarta/Kue Basah · src:Recipe calc · conf:medium
idn-semar-mendem,Semar Mendem,218.0,6.5,8.0,30.0,2.0,0.7,25,0.9,330,100,Olahan,Kue & Dessert,,70,Lemper Semar Mendem Semar Mendhem,Lemper Wrapped In Thin Egg Crepe · Lemper Semar Mendem Semar Mendhem · 1 buah · DI Yogyakarta/Kue Basah · src:Recipe calc · conf:medium
idn-dodol-betawi,Dodol Betawi,374.0,2.0,10.0,69.0,46.0,1.2,35,1.4,50,100,Olahan,Kue & Dessert,,40,Dodol Jakarta Dodol Ketan Betawi,Betawi Glutinous Rice Palm Sugar Toffee · Dodol Jakarta Dodol Ketan Betawi · 2 potong · DKI Jakarta/Kue Basah · src:Recipe calc · conf:high
idn-es-krim-goyang,Es Krim Goyang,165.0,1.5,6.5,25.5,21.0,0.3,25,0.4,30,100,Olahan,Kue & Dessert,,80,Es Goyang Es Krim Goyang Betawi,Shaken Coconut Milk Street Ice Cream · Es Goyang Es Krim Goyang Betawi · 1 cup (80 g) · DKI Jakarta/Es Krim & Dessert · src:Recipe calc · conf:medium
idn-kue-ape,Kue Ape,210.0,3.0,6.0,36.0,14.0,0.5,30,0.6,110,100,Olahan,Kue & Dessert,,50,Kue Ape Hijau Kue Tetek Serabi Jakarta,Jakarta Pandan Crepe Cake · Kue Ape Hijau Kue Tetek Serabi Jakarta · 1 buah · DKI Jakarta/Kue Basah · src:Recipe calc · conf:medium
idn-kue-jongkong,Kue Jongkong,193.0,1.6,6.5,32.0,16.0,1.0,15,0.4,45,100,Olahan,Kue & Dessert,,70,Jongkong Kue Jongkong Betawi,Steamed Coconut & Palm Sugar Rice Pudding · Jongkong Kue Jongkong Betawi · 1 bungkus · DKI Jakarta/Kue Basah · src:Recipe calc · conf:medium
idn-kue-pancong,Kue Pancong,246.0,2.8,15.0,25.0,8.0,2.5,20,0.7,180,100,Olahan,Kue & Dessert,,60,Bandros Betawi Kue Gandos Pancong,Coconut Rice Griddle Cake · Bandros Betawi Kue Gandos Pancong · 2 buah · DKI Jakarta/Kue Basah · src:Recipe calc · conf:high
idn-kue-pepe,Kue Pepe,227.0,0.5,5.5,44.0,21.0,0.3,10,0.3,45,100,Olahan,Kue & Dessert,,50,Kue Pepe Betawi Lapis Pepe,Chewy Layered Sago & Coconut Cake · Kue Pepe Betawi Lapis Pepe · 1 potong · DKI Jakarta/Kue Basah · src:Recipe calc · conf:medium
idn-kue-rangi,Kue Rangi,291.0,1.5,13.0,42.0,20.0,3.0,20,0.6,90,100,Olahan,Kue & Dessert,,50,Kue Rangi Betawi Sagu Rangi,Grilled Sago & Coconut Cake With Palm Sauce · Kue Rangi Betawi Sagu Rangi · 2 buah · DKI Jakarta/Kue Basah · src:Recipe calc · conf:medium
idn-kue-sengkulun,Kue Sengkulun,250.0,2.0,7.5,43.0,20.0,1.0,22,0.7,70,100,Olahan,Kue & Dessert,,60,Kue Sengkulun Betawi Sengkulun,Betawi Steamed Glutinous Rice Cake · Kue Sengkulun Betawi Sengkulun · 1 potong (60 g) · DKI Jakarta/Kue Basah · src:Recipe calc · conf:medium
idn-kue-talam-ebi,Kue Talam Ebi,173.0,3.5,7.0,24.0,2.0,0.8,55,0.8,420,100,Olahan,Kue & Dessert,,50,Kue Talam Udang Kering Talam Ebi,Savoury Rice Flour Cake With Dried Shrimp · Kue Talam Udang Kering Talam Ebi · 1 buah · DKI Jakarta/Kue Basah · src:Recipe calc · conf:high
idn-putu-mayang,Putu Mayang,215.0,1.5,5.5,40.0,17.0,0.6,15,0.4,40,100,Olahan,Kue & Dessert,,70,Petulo Putu Mayang Kinca,Steamed Rice Noodle Nests With Palm Syrup · Petulo Putu Mayang Kinca · 2 buah · DKI Jakarta/Kue Basah · src:Recipe calc · conf:high
idn-kue-popaco,Kue Popaco,225.0,2.5,8.5,35.0,16.0,1.1,25,0.6,80,100,Olahan,Kue & Dessert,,50,Kue Popaco Gorontalo Popaco,Gorontalo Steamed Coconut Milk Cake · Kue Popaco Gorontalo Popaco · 1 buah · Gorontalo/Kue Basah · src:Recipe calc · conf:low
idn-kue-padamaran,Kue Padamaran,165.0,1.5,6.0,26.0,14.0,0.6,22,0.6,80,100,Olahan,Kue & Dessert,,70,Kue Padamaran Jambi Padamaran,Jambi Pandan Coconut Palm Sugar Cake · Kue Padamaran Jambi Padamaran · 2 buah (70 g) · Jambi/Kue Basah · src:Recipe calc · conf:medium
idn-apem-selong,Apem Selong,248.0,3.5,6.0,45.0,21.0,0.6,28,0.8,100,100,Olahan,Kue & Dessert,,50,Apem Selong Bandung Kue Apem Selong,Griddled Half-Moon Fermented Rice Cake · Apem Selong Bandung Kue Apem Selong · 1 buah · Jawa Barat/Kue Basah · src:Recipe calc · conf:medium
idn-awug,Awug,218.0,2.0,5.0,41.0,18.0,1.2,25,0.8,60,100,Olahan,Kue & Dessert,,80,Awug Bandung Awug Beras,Steamed Rice Flour & Palm Sugar Cone Cake · Awug Bandung Awug Beras · 1 potong · Jawa Barat/Kue Basah · src:Recipe calc · conf:medium
idn-bandros,Bandros,260.0,3.0,16.0,26.0,9.0,2.5,22,0.7,190,100,Olahan,Kue & Dessert,,60,Bandros Bandung Kue Bandros,Sundanese Coconut Griddle Cake · Bandros Bandung Kue Bandros · 2 buah · Jawa Barat/Kue Basah · src:Recipe calc · conf:high
idn-bolu-susu,Bolu Susu,319.0,6.5,13.0,44.0,26.0,0.5,90,1.2,180,100,Olahan,Kue & Dessert,,60,Bolu Susu Lembang Cake Susu,Milk Sponge Cake · Bolu Susu Lembang Cake Susu · 1 potong · Jawa Barat/Bolu & Cake · src:Recipe calc · conf:medium
idn-bolu-tape,Bolu Tape,322.0,5.5,14.0,44.0,26.0,1.0,35,1.1,180,100,Olahan,Kue & Dessert,,60,Bolu Tape Singkong Cake Tape,Fermented Cassava Sponge Cake · Bolu Tape Singkong Cake Tape · 1 potong · Jawa Barat/Bolu & Cake · src:Recipe calc · conf:high
idn-brownies-kukus-amanda,Brownies Kukus Amanda,375.0,6.0,18.0,47.0,33.0,2.0,55,2.2,200,100,Olahan,Kue & Dessert,,50,Brownies Amanda Brownies Kukus Keju Amanda,Amanda Style Steamed Layer Brownies · Brownies Amanda Brownies Kukus Keju Amanda · 1 potong · Jawa Barat/Bolu & Cake · src:Recipe calc · conf:medium
idn-brownies-tape,Brownies Tape,355.0,5.0,17.0,46.0,28.0,1.5,35,1.5,170,100,Olahan,Kue & Dessert,,55,Brownies Peuyeum Brownies Tape Singkong,Fermented Cassava Brownies · Brownies Peuyeum Brownies Tape Singkong · 1 potong (55 g) · Jawa Barat/Bolu & Cake · src:Recipe calc · conf:medium
idn-cake-tape-keju,Cake Tape Keju,356.0,6.5,18.0,42.0,26.0,1.0,90,1.2,250,100,Olahan,Kue & Dessert,,60,Bolu Tape Keju Cake Tape Kismis Keju,Fermented Cassava Cheese Cake · Bolu Tape Keju Cake Tape Kismis Keju · 1 potong · Jawa Barat/Bolu & Cake · src:Recipe calc · conf:medium
idn-colenak,Colenak,232.0,1.5,4.5,46.0,26.0,1.8,30,0.8,30,100,Olahan,Kue & Dessert,,100,Colenak Bandung Dicocol Enak,Grilled Fermented Cassava With Coconut Palm Sugar · Colenak Bandung Dicocol Enak · 1 porsi · Jawa Barat/Kue Basah · src:Recipe calc · conf:medium
idn-dodol-garut,Dodol Garut,385.0,1.8,10.0,72.0,50.0,1.0,30,1.2,45,100,Olahan,Kue & Dessert,,40,Dodol Garut Ketan Dodol Picnic,Garut Coconut & Palm Sugar Toffee · Dodol Garut Ketan Dodol Picnic · 2 potong · Jawa Barat/Kue Basah · src:FatSecret ID · conf:high
idn-dodol-sirsak,Dodol Sirsak,350.0,1.5,6.5,72.0,48.0,1.5,20,0.8,25,100,Olahan,Kue & Dessert,,25,Dodol Buah Sirsak Dodol Nanas Sirsak,Soursop Dodol Toffee · Dodol Buah Sirsak Dodol Nanas Sirsak · 1 potong (25 g) · Jawa Barat/Buah · src:Recipe calc · conf:medium
idn-es-krim-tape,Es Krim Tape,195.0,3.0,8.0,28.0,22.0,0.4,90,0.3,55,100,Olahan,Kue & Dessert,,80,Es Krim Peuyeum Ice Cream Tape Singkong,Fermented Cassava Ice Cream · Es Krim Peuyeum Ice Cream Tape Singkong · 1 scoop (80 g) · Jawa Barat/Es Krim & Dessert · src:Recipe calc · conf:medium
idn-ketan-bakar,Ketan Bakar,228.0,4.0,8.5,34.0,3.0,1.2,25,0.8,300,100,Olahan,Kue & Dessert,,70,Ketan Bakar Serundeng Ketan Panggang,Grilled Coconut Glutinous Rice · Ketan Bakar Serundeng Ketan Panggang · 1 potong · Jawa Barat/Kue Basah · src:Recipe calc · conf:medium
idn-kue-mochi,Kue Mochi,296.0,4.5,6.0,56.0,28.0,1.5,30,1.0,40,100,Olahan,Kue & Dessert,,45,Kue Moci Kacang Mochi Sukabumi Moci,Glutinous Rice Cake With Peanut Filling · Kue Moci Kacang Mochi Sukabumi Moci · 3 buah · Jawa Barat/Kue Basah · src:Recipe calc · conf:high
idn-kue-putri-noong,Kue Putri Noong,215.0,1.5,4.0,43.0,18.0,2.5,26,0.7,60,100,Olahan,Kue & Dessert,,55,Kue Kacamata Putri Noong Putri Noong Sunda,Sundanese Steamed Cassava Banana Roll · Kue Kacamata Putri Noong Putri Noong Sunda · 1 potong (55 g) · Jawa Barat/Kue Basah · src:Recipe calc · conf:medium
idn-lapis-talas-bogor,Lapis Talas Bogor,332.0,5.0,15.0,45.0,26.0,1.5,45,1.0,180,100,Olahan,Kue & Dessert,,70,Bolu Lapis Talas Lapis Bogor Sangkuriang Lapis Talas,Bogor Steamed Taro Layer Cake · Bolu Lapis Talas Lapis Bogor Sangkuriang Lapis Talas · 1 potong · Jawa Barat/Kue Basah · src:Recipe calc · conf:medium
idn-ongol-ongol,Ongol-Ongol,202.0,0.4,4.5,40.0,19.0,1.0,12,0.4,30,100,Olahan,Kue & Dessert,,60,Ongol Ongol Ongol-Ongol Sagu,Chewy Sago Cake Coated In Grated Coconut · Ongol Ongol Ongol-Ongol Sagu · 2 potong · Jawa Barat/Kue Basah · src:Recipe calc · conf:high
idn-pais-pisang,Pais Pisang,153.0,1.5,3.5,29.0,16.0,1.6,12,0.4,30,100,Olahan,Kue & Dessert,,70,Nagasari Pais Pais Cau Pepes Pisang,Banana Steamed In Banana Leaf · Nagasari Pais Pais Cau Pepes Pisang · 1 bungkus · Jawa Barat/Buah · src:Recipe calc · conf:medium
idn-pancong-lumer,Pancong Lumer,285.0,4.0,14.0,35.0,18.0,1.2,60,0.5,150,100,Olahan,Kue & Dessert,,90,Bandros Lumer Pancong Lumer Keju,Molten Coconut Rice Griddle Cake · Bandros Lumer Pancong Lumer Keju · 1 porsi (90 g) · Jawa Barat/Kue Basah · src:Recipe calc · conf:medium
idn-peuyeum-bandung,Peuyeum Bandung,172.0,1.2,0.4,42.0,16.0,1.5,25,0.6,8,100,Olahan,Kue & Dessert,,100,Peuyeum Sampeu Tape Singkong Bandung,Fermented Cassava · Peuyeum Sampeu Tape Singkong Bandung · 1 potong · Jawa Barat/Kue Basah · src:TKPI · conf:high
idn-rujak-bebeg,Rujak Bebeg,72.0,0.8,0.3,17.0,13.5,2.0,22,0.5,190,100,Olahan,Kue & Dessert,,200,Rujak Bebek Rujak Tumbuk,Pounded Raw Fruit Rujak · Rujak Bebek Rujak Tumbuk · 1 porsi (200 g) · Jawa Barat/Kue Basah · src:Recipe calc · conf:medium
idn-serabi-nangka,Serabi Nangka,195.0,2.5,7.0,30.0,12.0,1.0,25,0.5,85,100,Olahan,Kue & Dessert,,50,Serabi Isi Nangka Surabi Nangka,Jackfruit Coconut Pancake · Serabi Isi Nangka Surabi Nangka · 1 buah (50 g) · Jawa Barat/Buah · src:Recipe calc · conf:medium
idn-surabi-kinca,Surabi Kinca,235.0,3.0,7.5,39.0,18.0,0.8,30,0.7,120,100,Olahan,Kue & Dessert,,80,Serabi Kinca Surabi Manis,Rice Pancake With Palm Sugar Sauce · Serabi Kinca Surabi Manis · 1 buah · Jawa Barat/Kue Basah · src:Recipe calc · conf:medium
idn-surabi-oncom,Surabi Oncom,205.0,6.0,8.5,26.0,2.0,1.5,45,1.2,340,100,Olahan,Kue & Dessert,,70,Serabi Oncom Surabi Asin Bandung,Savoury Rice Pancake With Oncom · Serabi Oncom Surabi Asin Bandung · 1 buah · Jawa Barat/Tahu & Tempe · src:Recipe calc · conf:medium
idn-tape-ketan,Tape Ketan,172.0,3.0,0.5,39.0,14.0,0.6,12,0.5,10,100,Olahan,Kue & Dessert,,80,Peuyeum Ketan Tape Ketan Kuningan,Fermented Glutinous Rice · Peuyeum Ketan Tape Ketan Kuningan · 1 bungkus · Jawa Barat/Kue Basah · src:TKPI · conf:high
idn-ampyang-kacang,Ampyang Kacang,450.0,10.0,20.0,58.0,40.0,3.0,45,1.5,25,100,Olahan,Kue & Dessert,,18,Ampyang Gula Kacang Ampyang,Peanut Palm Sugar Brittle · Ampyang Gula Kacang Ampyang · 1 keping (18 g) · Jawa Tengah/Kacang & Biji · src:Recipe calc · conf:medium
idn-apem-putih-kukus,Apem Putih Kukus,205.0,2.8,3.0,41.5,16.0,0.6,16,0.5,70,100,Olahan,Kue & Dessert,,45,Apem Putih Kue Apem Putih,White Steamed Rice Flour Cake · Apem Putih Kue Apem Putih · 1 buah (45 g) · Jawa Tengah/Kue Basah · src:Recipe calc · conf:medium
idn-arem-arem,Arem-Arem,162.0,3.5,4.5,27.0,1.2,0.9,15,0.6,300,100,Olahan,Kue & Dessert,,90,Arem Arem Isi Aremarem,Banana-Leaf Rice Roll With Savoury Filling · Arem Arem Isi Aremarem · 1 buah · Jawa Tengah/Kue Basah · src:Recipe calc · conf:high
idn-carang-gesing,Carang Gesing,155.0,2.0,5.5,25.0,17.0,1.3,20,0.5,45,100,Olahan,Kue & Dessert,,80,Carang Gesing Pisang Kue Carang Gesing,Steamed Banana Coconut Custard · Carang Gesing Pisang Kue Carang Gesing · 1 takir (80 g) · Jawa Tengah/Kue Basah · src:Recipe calc · conf:medium
idn-enting-enting-gepuk,Enting-Enting Gepuk,470.0,14.0,24.0,50.0,34.0,3.5,50,1.8,30,100,Olahan,Kue & Dessert,,12,Enting Enting Gepuk Kacang Salatiga,Salatiga Crushed Peanut Brittle · Enting Enting Gepuk Kacang Salatiga · 1 buah (12 g) · Jawa Tengah/Kue Basah · src:Recipe calc · conf:medium
idn-gethuk-trio,Gethuk Trio,198.0,1.4,4.5,38.0,16.0,1.8,25,0.6,50,100,Olahan,Kue & Dessert,,50,Gethuk Tri Warna Getuk Trio Magelang,Three-Colour Layered Cassava Cake · Gethuk Tri Warna Getuk Trio Magelang · 1 potong · Jawa Tengah/Kue Basah · src:Recipe calc · conf:medium
idn-getuk-lindri,Getuk Lindri,184.0,1.2,3.5,37.0,15.0,1.8,25,0.6,45,100,Olahan,Kue & Dessert,,50,Gethuk Lindri Getuk Lindri Warna,Sweetened Mashed Cassava Strands · Gethuk Lindri Getuk Lindri Warna · 1 potong · Jawa Tengah/Kue Basah · src:FatSecret ID · conf:high
idn-getuk-singkong-gula-merah,Getuk Singkong Gula Merah,195.0,1.2,3.5,40.0,16.0,1.8,25,0.7,30,100,Olahan,Kue & Dessert,,60,Getuk Gula Merah Getuk Singkong,Cassava Mash With Palm Sugar · Getuk Gula Merah Getuk Singkong · 1 potong (60 g) · Jawa Tengah/Kue Basah · src:Recipe calc · conf:medium
idn-jenang-grendul,Jenang Grendul,157.0,1.3,3.5,30.0,17.0,0.7,18,0.6,30,100,Olahan,Kue & Dessert,,200,Grendul Jenang Grendhul,Cassava Dumpling Porridge In Palm Sugar · Grendul Jenang Grendhul · 1 mangkok · Jawa Tengah/Kue Basah · src:Recipe calc · conf:medium
idn-jenang-ketan-hitam,Jenang Ketan Hitam,330.0,3.0,8.0,63.0,38.0,1.8,25,1.2,35,100,Olahan,Kue & Dessert,,40,Dodol Ketan Hitam Jenang Ketan Item,Black Glutinous Rice Jenang · Dodol Ketan Hitam Jenang Ketan Item · 1 potong (40 g) · Jawa Tengah/Kue Basah · src:Recipe calc · conf:medium
idn-jenang-kudus,Jenang Kudus,370.0,2.2,9.5,69.0,45.0,1.0,35,1.3,60,100,Olahan,Kue & Dessert,,40,Dodol Kudus Jenang Mubarok,Kudus Coconut Palm Sugar Toffee · Dodol Kudus Jenang Mubarok · 2 potong · Jawa Tengah/Kue Basah · src:Recipe calc · conf:high
idn-klanting,Klanting,241.0,1.0,5.0,48.0,18.0,1.4,18,0.5,35,100,Olahan,Kue & Dessert,,60,Cenil Klanting Kelanting Klanti,Chewy Cassava Starch Ring Snack · Cenil Klanting Kelanting Klanti · 1 porsi · Jawa Tengah/Kue Basah · src:Recipe calc · conf:medium
idn-kue-clorot,Kue Clorot,215.0,1.5,5.5,39.0,20.0,0.7,24,0.8,70,100,Olahan,Kue & Dessert,,60,Celorot Cerorot Clorot,Purworejo Palm Sugar Cone Cake · Celorot Cerorot Clorot · 2 buah (60 g) · Jawa Tengah/Kue Basah · src:Recipe calc · conf:medium
idn-kue-dumbeg,Kue Dumbeg,225.0,1.8,2.5,50.0,26.0,0.6,26,0.9,80,100,Olahan,Kue & Dessert,,60,Dumbeg Kue Dumbeg Rembang,Rembang Palm Sugar Lontar Leaf Cake · Dumbeg Kue Dumbeg Rembang · 2 buah (60 g) · Jawa Tengah/Kue Basah · src:Recipe calc · conf:medium
idn-kue-koyah,Kue Koyah,420.0,8.0,14.0,66.0,30.0,2.5,35,1.5,35,100,Olahan,Kue & Dessert,,30,Koyah Kue Koya Kacang,Toasted Rice Flour Peanut Powder Cake · Koyah Kue Koya Kacang · 1 potong (30 g) · Jawa Tengah/Kue Kering · src:Recipe calc · conf:medium
idn-kue-lompong,Kue Lompong,250.0,3.0,7.0,43.0,20.0,2.0,30,1.4,70,100,Olahan,Kue & Dessert,,60,Kue Lompong Purworejo Lompong,Purworejo Taro Stem Black Cake · Kue Lompong Purworejo Lompong · 2 buah (60 g) · Jawa Tengah/Kue Basah · src:Recipe calc · conf:medium
idn-kue-mendut,Kue Mendut,230.0,2.5,7.5,39.0,17.0,1.4,26,0.9,70,100,Olahan,Kue & Dessert,,60,Kue Mento Mendut Mendut,Steamed Glutinous Rice Ball With Coconut Filling · Kue Mento Mendut Mendut · 2 buah (60 g) · Jawa Tengah/Kue Basah · src:Recipe calc · conf:medium
idn-kue-putri-mandi,Kue Putri Mandi,190.0,2.0,7.0,30.0,15.0,0.8,18,0.5,45,100,Olahan,Kue & Dessert,,100,Bugis Mandi Putih Putri Mandi,Glutinous Rice Balls In Coconut Sauce · Bugis Mandi Putih Putri Mandi · 1 porsi (100 g) · Jawa Tengah/Kue Basah · src:Recipe calc · conf:medium
idn-kue-utri,Kue Utri,215.0,1.2,4.5,42.0,19.0,1.6,25,0.6,35,100,Olahan,Kue & Dessert,,55,Kue Utri Singkong Urap Singkong Manis Utri,Steamed Cassava Palm Sugar Roll · Kue Utri Singkong Urap Singkong Manis Utri · 1 buah (55 g) · Jawa Tengah/Kue Basah · src:Recipe calc · conf:medium
idn-lemet-singkong,Lemet Singkong,241.0,1.5,7.0,43.0,19.0,2.5,25,0.7,40,100,Olahan,Kue & Dessert,,60,Lemet Timus Singkong Utri,Steamed Cassava & Coconut Roll · Lemet Timus Singkong Utri · 1 buah · Jawa Tengah/Kue Basah · src:Recipe calc · conf:medium
idn-lemper-ayam,Lemper Ayam,196.0,5.5,5.5,31.0,1.5,0.8,18,0.7,320,100,Olahan,Kue & Dessert,,60,Lemper Lemper Isi Ayam,Glutinous Rice Roll With Shredded Chicken · Lemper Lemper Isi Ayam · 1 buah · Jawa Tengah/Kue Basah · src:FatSecret ID · conf:high
idn-lupis-ketan-kelapa,Lupis Ketan Kelapa,210.0,2.8,4.0,41.5,16.0,1.0,18,0.6,25,100,Olahan,Kue & Dessert,,90,Lopis Ketan Lupis Lupis Gula Merah,Sticky Rice Cake With Coconut And Palm Syrup · Lopis Ketan Lupis Lupis Gula Merah · 1 potong (90 g) · Jawa Tengah/Kue Basah · src:Recipe calc · conf:medium
idn-nagasari-nangka,Nagasari Nangka,165.0,1.8,4.5,29.5,13.0,0.9,15,0.4,35,100,Olahan,Kue & Dessert,,60,Kue Nagasari Nangka Nagasari Isi Nangka,Jackfruit Steamed Rice Flour Cake · Kue Nagasari Nangka Nagasari Isi Nangka · 1 buah (60 g) · Jawa Tengah/Buah · src:Recipe calc · conf:medium
idn-nopia,Nopia,370.0,5.0,6.0,73.0,32.0,1.6,24,1.6,140,100,Olahan,Kue & Dessert,,50,Mino Nopia Nopia Banyumas,Banyumas Hollow Pastry With Palm Sugar · Mino Nopia Nopia Banyumas · 2 buah (50 g) · Jawa Tengah/Kue Kering · src:Recipe calc · conf:medium
idn-pukis-cokelat,Pukis Cokelat,310.0,6.0,13.0,42.0,20.0,0.8,50,1.0,180,100,Olahan,Kue & Dessert,,35,Kue Pukis Cokelat Pukis Coklat Meses,Chocolate Pukis Griddle Cake · Kue Pukis Cokelat Pukis Coklat Meses · 1 buah (35 g) · Jawa Tengah/Kue Basah · src:Recipe calc · conf:medium
idn-sawut-singkong,Sawut Singkong,193.0,1.2,4.0,38.0,16.0,2.2,22,0.7,30,100,Olahan,Kue & Dessert,,80,Sawut Sawut Singkong Gula Merah,Steamed Shredded Cassava With Palm Sugar · Sawut Sawut Singkong Gula Merah · 1 porsi · Jawa Tengah/Kue Basah · src:Recipe calc · conf:medium
idn-sentiling-singkong,Sentiling Singkong,206.0,1.3,5.0,39.0,17.0,2.0,20,0.6,45,100,Olahan,Kue & Dessert,,50,Cetil Singkong Gethuk Sentiling Sentiling,Steamed Coloured Cassava Cake · Cetil Singkong Gethuk Sentiling Sentiling · 1 potong · Jawa Tengah/Kue Basah · src:Recipe calc · conf:medium
idn-serabi-kocor,Serabi Kocor,180.0,1.8,5.0,32.0,15.0,0.6,18,0.5,90,100,Olahan,Kue & Dessert,,90,Serabi Kuah Serabi Kuah Kinca Srabi Kocor,Rice Pancake Drenched In Palm Sugar Syrup · Serabi Kuah Serabi Kuah Kinca Srabi Kocor · 1 porsi · Jawa Tengah/Kue Basah · src:Recipe calc · conf:medium
idn-serabi-notosuman-cokelat,Serabi Notosuman Cokelat,229.0,3.0,9.0,34.0,14.0,1.2,30,0.8,130,100,Olahan,Kue & Dessert,,50,Serabi Coklat Srabi Notosuman Coklat,Solo Rice Pancake With Chocolate Sprinkles · Serabi Coklat Srabi Notosuman Coklat · 1 buah · Jawa Tengah/Kue Basah · src:Recipe calc · conf:medium
idn-serabi-solo,Serabi Solo,202.0,2.4,8.0,30.0,8.0,0.8,20,0.5,130,100,Olahan,Kue & Dessert,,50,Serabi Notosuman Srabi Solo,Solo Coconut Rice Pancake · Serabi Notosuman Srabi Solo · 1 buah · Jawa Tengah/Kue Basah · src:Recipe calc · conf:high
idn-wajik-ketan,Wajik Ketan,278.0,2.8,6.5,52.0,28.0,1.0,25,0.9,25,100,Olahan,Kue & Dessert,,50,Wajik Gula Merah Wajik Ketan Jawa Wajit,Palm Sugar Glutinous Rice Diamond · Wajik Gula Merah Wajik Ketan Jawa Wajit · 1 potong · Jawa Tengah/Kue Basah · src:Recipe calc · conf:high
idn-wingko-kelapa-pandan,Wingko Kelapa Pandan,350.0,4.5,16.0,46.0,22.0,2.5,25,1.0,80,100,Olahan,Kue & Dessert,,45,Wingko Kelapa Wingko Pandan,Pandan Coconut Griddle Cake · Wingko Kelapa Wingko Pandan · 1 buah (45 g) · Jawa Tengah/Kue Basah · src:Recipe calc · conf:medium
idn-banana-strudel-malang,Banana Strudel Malang,330.0,5.0,16.0,42.0,18.0,1.5,35,1.2,200,100,Olahan,Kue & Dessert,,60,Banana Strudel Strudel Pisang Malang,Malang Banana Strudel Pastry · Banana Strudel Strudel Pisang Malang · 1 potong (60 g) · Jawa Timur/Kue Basah · src:Recipe calc · conf:medium
idn-cenil,Cenil,209.0,1.0,5.0,40.0,16.0,1.5,18,0.5,30,100,Olahan,Kue & Dessert,,70,Cenil Singkong Cenil Warna Cetil,Chewy Tapioca Cakes With Coconut & Palm Sugar · Cenil Singkong Cenil Warna Cetil · 1 porsi · Jawa Timur/Kue Basah · src:Recipe calc · conf:high
idn-cenil-gula-merah,Cenil Gula Merah,195.0,1.2,3.5,40.0,16.0,0.8,15,0.4,30,100,Olahan,Kue & Dessert,,80,Cenil Cenil Kelapa Cetil,Tapioca Chew With Coconut And Palm Syrup · Cenil Cenil Kelapa Cetil · 1 porsi (80 g) · Jawa Timur/Kue Basah · src:Recipe calc · conf:medium
idn-es-puter-durian,Es Puter Durian,175.0,1.8,7.0,27.0,20.0,1.2,20,0.5,25,100,Olahan,Kue & Dessert,,120,Es Puter Duren Es Tung Tung Durian,Durian Coconut Milk Sorbet · Es Puter Duren Es Tung Tung Durian · 1 porsi (120 g) · Jawa Timur/Buah · src:Recipe calc · conf:medium
idn-es-puter-kelapa-muda,Es Puter Kelapa Muda,158.0,1.2,6.0,25.0,20.0,0.5,22,0.4,30,100,Olahan,Kue & Dessert,,100,Es Dung Dung Kelapa Es Puter,Young Coconut Traditional Churned Ice Cream · Es Dung Dung Kelapa Es Puter · 1 cup (100 g) · Jawa Timur/Buah · src:Recipe calc · conf:medium
idn-gandos-kelapa,Gandos Kelapa,250.0,2.5,12.0,33.0,8.0,1.5,20,0.6,110,100,Olahan,Kue & Dessert,,35,Bandros Gandos Gandos Kue Gandos,Griddled Coconut Rice Cake · Bandros Gandos Gandos Kue Gandos · 1 buah (35 g) · Jawa Timur/Kue Basah · src:Recipe calc · conf:medium
idn-kue-almond-crispy,Kue Almond Crispy,480.0,9.0,24.0,57.0,32.0,2.0,90,1.5,240,100,Olahan,Kue & Dessert,,30,Almond Crispy Cheese Kue Almond Tipis,Crispy Almond Cheese Wafer Cookie · Almond Crispy Cheese Kue Almond Tipis · 4 buah · Jawa Timur/Kue Kering · src:Recipe calc · conf:medium
idn-lapis-surabaya,Lapis Surabaya,402.0,6.5,24.0,40.0,26.0,0.6,40,1.4,180,100,Olahan,Kue & Dessert,,60,Kue Lapis Surabaya Spekkoek Surabaya Spiku,Three-Layer Rich Butter Sponge Cake · Kue Lapis Surabaya Spekkoek Surabaya Spiku · 1 potong · Jawa Timur/Kue Basah · src:Recipe calc · conf:high
idn-pia-kacang-ijo-basah,Pia Kacang Ijo Basah,340.0,6.5,10.0,55.0,22.0,2.6,35,1.8,95,100,Olahan,Kue & Dessert,,60,Pia Basah Kacang Ijo Pia Kacang Hijau,Soft Mung Bean Pia · Pia Basah Kacang Ijo Pia Kacang Hijau · 2 buah · Jawa Timur/Roti & Pastry · src:Recipe calc · conf:medium
idn-prol-tape,Prol Tape,278.0,5.5,12.0,37.0,22.0,1.2,45,1.0,150,100,Olahan,Kue & Dessert,,60,Prol Tape Jember Proltape,Jember Dense Fermented Cassava Cake · Prol Tape Jember Proltape · 1 potong · Jawa Timur/Bolu & Cake · src:Recipe calc · conf:medium
idn-rujak-es-krim,Rujak Es Krim,95.0,1.2,2.5,17.0,13.0,1.7,24,0.5,120,100,Olahan,Kue & Dessert,,230,Rujak Es Puter Rujak Eskrim,Malang Fruit Rujak With Coconut Ice Cream · Rujak Es Puter Rujak Eskrim · 1 porsi (230 g) · Jawa Timur/Es Krim & Dessert · src:Recipe calc · conf:medium
idn-rujak-petis,Rujak Petis,105.0,3.0,3.5,16.0,10.0,2.4,32,1.0,520,100,Olahan,Kue & Dessert,,220,Rujak Buah Petis Rujak Petis Surabaya,Fruit And Vegetable Rujak With Shrimp Paste · Rujak Buah Petis Rujak Petis Surabaya · 1 porsi (220 g) · Jawa Timur/Bumbu & Saus · src:Recipe calc · conf:medium
idn-rujak-serut,Rujak Serut,68.0,0.8,0.3,16.5,13.0,1.9,20,0.5,170,100,Olahan,Kue & Dessert,,220,Rujak Gobet Rujak Parut,Grated Fruit Rujak · Rujak Gobet Rujak Parut · 1 mangkok (220 g) · Jawa Timur/Kue Basah · src:Recipe calc · conf:medium
idn-spiku-surabaya,Spiku Surabaya,418.0,6.5,24.0,44.0,28.0,0.6,50,1.6,210,100,Olahan,Kue & Dessert,,60,Kue Spiku Lapis Surabaya Klasik Lapis Surabaya Spiku Spiku,Three Layer Surabaya Yolk Cake · Kue Spiku Lapis Surabaya Klasik Lapis Surabaya Spiku Spiku · 1 potong · Jawa Timur/Bolu & Cake · src:Recipe calc · conf:high
idn-bubur-gunting,Bubur Gunting,133.0,2.5,3.0,24.0,15.0,1.0,20,0.6,60,100,Olahan,Kue & Dessert,,250,Bubur Gunting Pontianak Liuk Teu San,Pontianak Mung Bean Sweet Soup With Fried Dough · Bubur Gunting Pontianak Liuk Teu San · 1 mangkok · Kalimantan Barat/Kue Basah · src:Recipe calc · conf:medium
idn-lek-tau-suan,Lek Tau Suan,127.0,3.5,1.5,25.0,14.0,1.5,20,0.8,40,100,Olahan,Kue & Dessert,,250,Bubur Kacang Hijau Kupas Lektau Suan,Split Mung Bean In Pandan Syrup With Crullers · Bubur Kacang Hijau Kupas Lektau Suan · 1 mangkok · Kalimantan Barat/Kue Basah · src:Recipe calc · conf:medium
idn-lempok-durian,Lempok Durian,318.0,2.5,4.5,67.0,50.0,3.0,20,0.8,20,100,Olahan,Kue & Dessert,,40,Dodol Durian Lempok Durian Pontianak,Durian Fudge Confection · Dodol Durian Lempok Durian Pontianak · 1 potong · Kalimantan Barat/Buah · src:Recipe calc · conf:medium
idn-pia-mangkok,Pia Mangkok,420.0,7.0,17.0,60.0,22.0,2.2,35,1.6,150,100,Olahan,Kue & Dessert,,35,Bakpia Mangkok Pia Mangkuk Pontianak,Pontianak Bowl Shaped Pia · Bakpia Mangkok Pia Mangkuk Pontianak · 1 buah (35 g) · Kalimantan Barat/Roti & Pastry · src:Recipe calc · conf:medium
idn-amparan-tatak-pisang,Amparan Tatak Pisang,195.0,2.0,7.0,31.0,16.0,1.4,20,0.5,60,100,Olahan,Kue & Dessert,,70,Amparan Tatak Wadai Amparan Tatak,Steamed Banana & Coconut Milk Layer Cake · Amparan Tatak Wadai Amparan Tatak · 1 potong · Kalimantan Selatan/Buah · src:Recipe calc · conf:high
idn-apam-barabai,Apam Barabai,214.0,2.5,4.0,42.0,22.0,0.8,25,0.7,70,100,Olahan,Kue & Dessert,,50,Apam Barabai Hulu Sungai Wadai Apam,Barabai Steamed Palm Sugar Rice Cake · Apam Barabai Hulu Sungai Wadai Apam · 1 buah · Kalimantan Selatan/Kue Basah · src:Recipe calc · conf:medium
idn-babongko,Babongko,167.0,1.8,7.5,23.0,13.0,1.0,18,0.4,45,100,Olahan,Kue & Dessert,,70,Kue Babongko Wadai Babongko,Steamed Coconut Custard With Banana In Leaf · Kue Babongko Wadai Babongko · 1 bungkus · Kalimantan Selatan/Kue Basah · src:Recipe calc · conf:medium
idn-bingka-barandam,Bingka Barandam,264.0,5.0,8.0,43.0,30.0,0.5,30,1.0,90,100,Olahan,Kue & Dessert,,60,Bingka Berendam Wadai Bingka Barandam,Banjarese Steamed Egg Cake Soaked In Syrup · Bingka Berendam Wadai Bingka Barandam · 1 potong · Kalimantan Selatan/Kue Basah · src:Recipe calc · conf:medium
idn-bingka-kentang,Bingka Kentang,249.0,4.5,11.0,33.0,20.0,0.8,40,0.8,110,100,Olahan,Kue & Dessert,,70,Bingka Kantang Wadai Bingka Kentang,Banjarese Baked Potato Coconut Custard Cake · Bingka Kantang Wadai Bingka Kentang · 1 potong · Kalimantan Selatan/Kue Basah · src:Recipe calc · conf:high
idn-bingka-ubi,Bingka Ubi,245.0,4.0,9.0,37.0,20.0,1.2,45,0.7,95,100,Olahan,Kue & Dessert,,60,Bingka Ubi Banjar Bingka Ubi Jalar,Baked Sweet Potato Custard Cake · Bingka Ubi Banjar Bingka Ubi Jalar · 1 potong (60 g) · Kalimantan Selatan/Serealia & Umbi · src:Recipe calc · conf:medium
idn-hintalu-karuang,Hintalu Karuang,176.0,1.8,5.0,31.0,18.0,0.8,15,0.5,30,100,Olahan,Kue & Dessert,,150,Bubur Hintalu Hintalu Karuang Banjar,Glutinous Rice Balls In Palm Sugar Coconut Sauce · Bubur Hintalu Hintalu Karuang Banjar · 1 mangkok · Kalimantan Selatan/Kue Basah · src:Recipe calc · conf:medium
idn-kalalapon,Kalalapon,231.0,2.5,5.5,43.0,20.0,1.5,15,0.6,30,100,Olahan,Kue & Dessert,,60,Kalalapon Banjar Klepon Banjar,Banjarese Glutinous Rice Balls With Palm Sugar · Kalalapon Banjar Klepon Banjar · 3 buah · Kalimantan Selatan/Kue Basah · src:Recipe calc · conf:medium
idn-lapis-india,Lapis India,340.0,5.0,16.0,44.0,28.0,0.5,35,1.2,130,100,Olahan,Kue & Dessert,,60,Kue Lapis India Lapis Banjar,Banjarese Spiced Layered Butter Cake · Kue Lapis India Lapis Banjar · 1 potong · Kalimantan Selatan/Kue Basah · src:Recipe calc · conf:medium
idn-lempeng-pisang,Lempeng Pisang,222.0,3.0,6.0,39.0,16.0,1.6,25,0.7,90,100,Olahan,Kue & Dessert,,60,Kue Lempeng Pisang Lampeng Pisang,Banjarese Pan-Fried Banana Pancake · Kue Lempeng Pisang Lampeng Pisang · 1 buah · Kalimantan Selatan/Buah · src:Recipe calc · conf:medium
idn-wadai-ipau,Wadai Ipau,215.0,8.0,11.0,21.0,5.0,1.0,50,1.2,320,100,Olahan,Kue & Dessert,,80,Ipau Banjar Kue Ipau,Banjarese Layered Crepe Cake With Minced Meat · Ipau Banjar Kue Ipau · 1 potong · Kalimantan Selatan/Kue Basah · src:Recipe calc · conf:medium
idn-pisang-gapit,Pisang Gapit,185.0,1.5,3.5,37.0,24.0,2.0,15,0.6,25,100,Olahan,Kue & Dessert,,150,Pisang Gapit Samarinda Pisang Gepeng Kaltim,Kutai Grilled Pressed Banana With Palm Sugar Sauce · Pisang Gapit Samarinda Pisang Gepeng Kaltim · 1 porsi · Kalimantan Timur/Buah · src:Recipe calc · conf:medium
idn-kue-rintak,Kue Rintak,445.0,2.5,16.0,72.0,30.0,1.0,20,0.6,70,100,Olahan,Kue & Dessert,,15,Kue Rintak Bangka Rintak Sagu,Bangka Sago Coconut Cookie · Kue Rintak Bangka Rintak Sagu · 2 keping · Kepulauan Bangka Belitung/Kue Kering · src:Recipe calc · conf:low
idn-martabak-bangka-manis,Martabak Bangka Manis,350.0,7.0,17.0,42.0,20.0,1.5,90,1.5,250,100,Olahan,Kue & Dessert,,100,Kue Terang Bulan Martabak Manis Martabak Manis Bangka Terang Bulan,Bangka Sweet Thick Pancake · Kue Terang Bulan Martabak Manis Martabak Manis Bangka Terang Bulan · 1 potong · Kepulauan Bangka Belitung/Martabak · src:Recipe calc · conf:high
idn-kue-sampan,Kue Sampan,230.0,1.5,7.0,40.0,18.0,0.7,15,0.4,45,100,Olahan,Kue & Dessert,,40,Kue Perahu Sagu Sampan Sagu,Sago Coconut Boat Cake · Kue Perahu Sagu Sampan Sagu · 1 buah (40 g) · Kepulauan Riau/Kue Basah · src:Recipe calc · conf:low
idn-bagea,Bagea,397.0,4.0,9.0,75.0,25.0,2.0,40,1.4,60,100,Olahan,Kue & Dessert,,25,Bagea Kenari Kue Bagea,Moluccan Hard Sago & Kenari Cookie · Bagea Kenari Kue Bagea · 1 buah · Maluku/Kue Kering · src:Recipe calc · conf:medium
idn-bubur-sagu-ubi,Bubur Sagu Ubi,131.0,1.2,2.5,26.0,14.0,1.2,20,0.6,30,100,Olahan,Kue & Dessert,,200,Bubur Ne Bubur Sagu Maluku,Sago Pearl & Sweet Potato Palm Sugar Porridge · Bubur Ne Bubur Sagu Maluku · 1 mangkok · Maluku/Kue Basah · src:Recipe calc · conf:medium
idn-kue-sagu-kenari,Kue Sagu Kenari,440.0,5.5,18.0,64.0,28.0,2.5,60,1.6,80,100,Olahan,Kue & Dessert,,20,Kue Sagu Ambon Sagu Kenari,Sago & Kenari Nut Cookie · Kue Sagu Ambon Sagu Kenari · 1 buah · Maluku/Kue Kering · src:Recipe calc · conf:medium
idn-rujak-natsepa,Rujak Natsepa,90.0,1.6,1.5,18.0,14.0,2.0,24,0.6,200,100,Olahan,Kue & Dessert,,220,Rujak Ambon Rujak Natsepa Ambon,Ambon Natsepa Fruit Rujak · Rujak Ambon Rujak Natsepa Ambon · 1 porsi (220 g) · Maluku/Kue Basah · src:Recipe calc · conf:medium
idn-sagu-gula,Sagu Gula,356.0,0.8,1.0,86.0,30.0,2.5,35,1.2,20,100,Olahan,Kue & Dessert,,40,Sagu Gula Maluku Sagu Manis,Sago With Palm Sugar · Sagu Gula Maluku Sagu Manis · 1 potong · Maluku/Bubur · src:Recipe calc · conf:medium
idn-sinole,Sinole,302.0,1.5,12.0,47.0,4.0,4.0,20,0.9,30,100,Olahan,Kue & Dessert,,60,Kue Sinole Sinole Gorontalo Sinole Maluku Sinoli,Sago & Grated Coconut Griddle Cake · Kue Sinole Sinole Gorontalo Sinole Maluku Sinoli · 1 potong · Maluku/Bubur · src:Recipe calc · conf:medium
idn-agar-agar-santan,Agar-Agar Santan,102.0,0.6,4.0,16.0,15.0,0.8,12,0.2,25,100,Olahan,Kue & Dessert,,80,Agar Santan Puding Santan,Coconut Milk Agar Jelly · Agar Santan Puding Santan · 1 potong · Nasional/Kue Basah · src:Recipe calc · conf:high
idn-agar-agar-swallow-manis,Agar-Agar Swallow Manis,55.0,0.2,0.0,13.5,13.0,0.8,10,0.1,15,100,Olahan,Kue & Dessert,,100,Agar Swallow Agar-Agar Swallow,Swallow Globe Sweet Agar Jelly · Agar Swallow Agar-Agar Swallow · 1 potong (100 g) · Nasional/Kue Basah · src:Recipe calc · conf:medium
idn-apem,Apem,232.0,3.0,4.5,45.0,20.0,0.6,25,0.8,90,100,Olahan,Kue & Dessert,,50,Apem Kukus Kue Apem,Steamed Fermented Rice Flour Cake · Apem Kukus Kue Apem · 1 buah · Nasional/Kue Basah · src:Recipe calc · conf:high
idn-apem-tape,Apem Tape,268.0,3.5,6.5,49.0,24.0,0.6,25,0.8,100,100,Olahan,Kue & Dessert,,50,Apem Tape Singkong Kue Apem Tapai,Fermented Cassava Steamed Cake · Apem Tape Singkong Kue Apem Tapai · 1 buah · Nasional/Kue Basah · src:Recipe calc · conf:medium
idn-apple-pie,Apple Pie,265.0,2.5,13.0,35.0,16.0,1.6,15,0.8,250,100,Olahan,Kue & Dessert,,110,Pai Apel Pie Apel,Apple Pie · Pai Apel Pie Apel · 1 potong (110 g) · Nasional/Bolu & Cake · src:USDA analog · conf:high
idn-banana-cake-cokelat-chip,Banana Cake Cokelat Chip,371.0,5.0,17.0,50.0,28.0,1.8,40,1.6,280,100,Olahan,Kue & Dessert,,80,Banana Choco Chip Cake Cake Pisang Choco Chip,Chocolate Chip Banana Cake · Banana Choco Chip Cake Cake Pisang Choco Chip · 1 potong (80 g) · Nasional/Bolu & Cake · src:Recipe calc · conf:medium
idn-banana-split,Banana Split,165.0,2.8,7.0,24.0,18.0,1.2,80,0.4,55,100,Olahan,Kue & Dessert,,250,Banana Split Es Krim Pisang Split,Banana Split Ice Cream Sundae · Banana Split Es Krim Pisang Split · 1 porsi (250 g) · Nasional/Es Krim & Dessert · src:Recipe calc · conf:medium
idn-banoffee-pie,Banoffee Pie,380.0,4.5,21.0,44.0,30.0,1.2,90,0.8,180,100,Olahan,Kue & Dessert,,100,Banofi Pai Banoffee,Banoffee Pie · Banofi Pai Banoffee · 1 potong (100 g) · Nasional/Bolu & Cake · src:Recipe calc · conf:medium
idn-basque-burnt-cheesecake,Basque Burnt Cheesecake,330.0,6.5,24.0,22.0,18.0,0.3,85,0.5,210,100,Olahan,Kue & Dessert,,90,Burnt Cheesecake Cheesecake Basque,Basque Burnt Cheesecake · Burnt Cheesecake Cheesecake Basque · 1 potong (90 g) · Nasional/Bolu & Cake · src:Recipe calc · conf:medium
idn-birthday-cake-whipped-cream,Birthday Cake Whipped Cream,332.0,4.5,18.0,38.0,27.0,0.7,60,1.0,170,100,Olahan,Kue & Dessert,,100,Cake Ultah Whipcream Kue Ulang Tahun Whipped Cream,Whipped Cream Birthday Cake · Cake Ultah Whipcream Kue Ulang Tahun Whipped Cream · 1 potong (100 g) · Nasional/Bolu & Cake · src:Recipe calc · conf:medium
idn-biscotti-almond,Biscotti Almond,420.0,8.0,14.0,66.0,30.0,2.6,70,2.2,170,100,Olahan,Kue & Dessert,,30,Biskoti Almond Cantuccini,Almond Biscotti · Biskoti Almond Cantuccini · 1 buah (30 g) · Nasional/Kue Kering · src:USDA analog · conf:medium
idn-black-forest,Black Forest,352.0,5.0,20.0,38.0,28.0,1.5,60,1.6,180,100,Olahan,Kue & Dessert,,80,Blackforest Cake Kue Black Forest,Chocolate Cherry Cream Layer Cake · Blackforest Cake Kue Black Forest · 1 potong · Nasional/Bolu & Cake · src:Recipe calc · conf:medium
idn-black-forest-roll-cake,Black Forest Roll Cake,356.0,5.0,19.0,42.0,28.0,1.2,55,1.3,180,100,Olahan,Kue & Dessert,,80,Bolu Gulung Black Forest Roll Cake Black Forest,Black Forest Roll Cake · Bolu Gulung Black Forest Roll Cake Black Forest · 1 potong (80 g) · Nasional/Bolu & Cake · src:Recipe calc · conf:medium
idn-blondies,Blondies,442.0,5.0,22.0,57.0,40.0,1.0,50,1.5,210,100,Olahan,Kue & Dessert,,55,Blondie Bar Brownies Putih,Blondies · Blondie Bar Brownies Putih · 1 potong (55 g) · Nasional/Bolu & Cake · src:USDA analog · conf:medium
idn-bolu-cokelat-kukus,Bolu Cokelat Kukus,320.0,5.5,14.0,43.0,26.0,1.6,40,1.8,170,100,Olahan,Kue & Dessert,,60,Bolu Coklat Kukus Cake Coklat Kukus,Steamed Chocolate Sponge Cake · Bolu Coklat Kukus Cake Coklat Kukus · 1 potong · Nasional/Bolu & Cake · src:Recipe calc · conf:high
idn-bolu-gulung-cokelat,Bolu Gulung Cokelat,381.0,6.2,20.0,44.0,29.0,1.4,50,1.8,200,100,Olahan,Kue & Dessert,,60,Bolu Gulung Coklat Roll Cake Coklat,Chocolate Swiss Roll · Bolu Gulung Coklat Roll Cake Coklat · 1 potong · Nasional/Bolu & Cake · src:Recipe calc · conf:high
idn-bolu-gulung-keju,Bolu Gulung Keju,389.0,7.0,21.0,43.0,27.0,0.6,90,1.3,300,100,Olahan,Kue & Dessert,,60,Bolu Gulung Cheese Roll Cake Keju,Cheese Swiss Roll · Bolu Gulung Cheese Roll Cake Keju · 1 potong · Nasional/Bolu & Cake · src:Recipe calc · conf:medium
idn-bolu-gulung-pandan,Bolu Gulung Pandan,380.0,6.0,20.0,44.0,28.0,0.7,45,1.3,200,100,Olahan,Kue & Dessert,,60,Bolu Gulung Hijau Roll Cake Pandan,Pandan Swiss Roll · Bolu Gulung Hijau Roll Cake Pandan · 1 potong · Nasional/Bolu & Cake · src:Recipe calc · conf:high
idn-bolu-gulung-srikaya,Bolu Gulung Srikaya,356.0,6.0,16.0,47.0,30.0,0.7,45,1.2,190,100,Olahan,Kue & Dessert,,60,Bolu Gulung Selai Srikaya Roll Cake Srikaya,Coconut Custard Swiss Roll · Bolu Gulung Selai Srikaya Roll Cake Srikaya · 1 potong · Nasional/Buah · src:Recipe calc · conf:medium
idn-bolu-jadul,Bolu Jadul,328.0,7.0,12.0,48.0,30.0,0.6,40,1.5,170,100,Olahan,Kue & Dessert,,60,Bolu Ny Liem Bolu Panggang Jadul Bolu Sederhana,Old School Baked Sponge Cake · Bolu Ny Liem Bolu Panggang Jadul Bolu Sederhana · 1 potong · Nasional/Bolu & Cake · src:Recipe calc · conf:high
idn-bolu-karamel,Bolu Karamel,328.0,5.0,12.0,50.0,35.0,0.4,60,1.0,200,100,Olahan,Kue & Dessert,,60,Bolu Sarang Semut Caramel Cake Kue Sarang Semut,Caramel Honeycomb Steamed Cake · Bolu Sarang Semut Caramel Cake Kue Sarang Semut · 1 potong · Nasional/Bolu & Cake · src:Recipe calc · conf:high
idn-bolu-keju-panggang,Bolu Keju Panggang,372.0,8.0,20.0,40.0,24.0,0.6,140,1.3,320,100,Olahan,Kue & Dessert,,60,Bolu Cheese Panggang Cake Keju,Baked Cheese Sponge Cake · Bolu Cheese Panggang Cake Keju · 1 potong · Nasional/Bolu & Cake · src:Recipe calc · conf:medium
idn-bolu-ketan-hitam-panggang,Bolu Ketan Hitam Panggang,340.0,6.0,16.0,43.0,24.0,2.5,40,2.0,170,100,Olahan,Kue & Dessert,,60,Bolu Ketan Item Cake Ketan Hitam,Baked Black Glutinous Rice Cake · Bolu Ketan Item Cake Ketan Hitam · 1 potong · Nasional/Bolu & Cake · src:Recipe calc · conf:medium
idn-bolu-kukus-gula-merah,Bolu Kukus Gula Merah,300.0,4.5,6.0,57.0,33.0,0.8,45,1.6,140,100,Olahan,Kue & Dessert,,50,Bolkus Gula Jawa Bolu Kukus Gula Aren,Palm Sugar Steamed Sponge Cupcake · Bolkus Gula Jawa Bolu Kukus Gula Aren · 1 buah · Nasional/Kue Basah · src:Recipe calc · conf:high
idn-bolu-kukus-ketan-hitam,Bolu Kukus Ketan Hitam,294.0,4.8,6.5,54.0,29.0,1.8,35,1.5,140,100,Olahan,Kue & Dessert,,55,Bolkus Ketan Item Bolu Ketan Hitam Kukus,Black Glutinous Rice Steamed Sponge · Bolkus Ketan Item Bolu Ketan Hitam Kukus · 1 potong · Nasional/Kue Basah · src:Recipe calc · conf:medium
idn-bolu-kukus-mekar,Bolu Kukus Mekar,310.0,5.0,6.5,58.0,33.0,0.7,35,1.2,150,100,Olahan,Kue & Dessert,,50,Bolkus Mekar Bolu Kukus,Blooming Steamed Sponge Cupcake · Bolkus Mekar Bolu Kukus · 1 buah · Nasional/Kue Basah · src:Recipe calc · conf:high
idn-bolu-kukus-pandan,Bolu Kukus Pandan,306.0,4.8,6.5,57.0,32.0,0.7,35,1.2,150,100,Olahan,Kue & Dessert,,50,Bolkus Pandan Bolu Kukus Hijau,Pandan Steamed Sponge Cupcake · Bolkus Pandan Bolu Kukus Hijau · 1 buah · Nasional/Kue Basah · src:Recipe calc · conf:high
idn-bolu-marmer-kukus,Bolu Marmer Kukus,330.0,5.5,15.0,43.0,26.0,0.9,35,1.3,170,100,Olahan,Kue & Dessert,,60,Kue Marmer Kukus Marble Cake Kukus,Steamed Marble Sponge Cake · Kue Marmer Kukus Marble Cake Kukus · 1 potong · Nasional/Bolu & Cake · src:Recipe calc · conf:high
idn-bolu-pandan-panggang,Bolu Pandan Panggang,352.0,6.5,16.0,46.0,27.0,0.7,40,1.4,200,100,Olahan,Kue & Dessert,,60,Bolu Pandan Cake Pandan Panggang,Baked Pandan Sponge Cake · Bolu Pandan Cake Pandan Panggang · 1 potong · Nasional/Bolu & Cake · src:Recipe calc · conf:high
idn-bolu-pisang-kukus,Bolu Pisang Kukus,299.0,5.0,11.0,45.0,24.0,1.6,32,1.1,160,100,Olahan,Kue & Dessert,,60,Bolu Pisang Kukus Coklat Cake Pisang Kukus,Steamed Banana Cake · Bolu Pisang Kukus Coklat Cake Pisang Kukus · 1 potong · Nasional/Buah · src:Recipe calc · conf:medium
idn-bolu-pisang-panggang,Bolu Pisang Panggang,332.0,5.5,14.5,45.0,25.0,1.5,35,1.2,190,100,Olahan,Kue & Dessert,,60,Banana Cake Bolu Pisang Cake Pisang,Baked Banana Cake · Banana Cake Bolu Pisang Cake Pisang · 1 potong · Nasional/Buah · src:Recipe calc · conf:high
idn-bolu-ubi-ungu,Bolu Ubi Ungu,313.0,5.0,13.0,44.0,24.0,2.0,35,1.1,170,100,Olahan,Kue & Dessert,,60,Bolu Talas Ungu Cake Ubi Ungu,Purple Sweet Potato Cake · Bolu Talas Ungu Cake Ubi Ungu · 1 potong · Nasional/Bolu & Cake · src:Recipe calc · conf:medium
idn-bolu-zebra-kukus,Bolu Zebra Kukus,318.0,5.5,14.0,43.0,25.0,0.8,35,1.2,160,100,Olahan,Kue & Dessert,,60,Bolu Zebra Kue Zebra Kukus Zebra Cake Kukus,Steamed Zebra Striped Sponge Cake · Bolu Zebra Kue Zebra Kukus Zebra Cake Kukus · 1 potong · Nasional/Bolu & Cake · src:Recipe calc · conf:high
idn-brownies-cookie,Brownies Cookie,458.0,5.5,22.0,61.0,40.0,2.8,40,2.5,250,100,Olahan,Kue & Dessert,,35,Brownie Crinkle Cookie Cookie Brownies,Brownies Cookie · Brownie Crinkle Cookie Cookie Brownies · 1 buah (35 g) · Nasional/Kue Kering · src:Recipe calc · conf:medium
idn-brownies-fudgy,Brownies Fudgy,452.0,5.5,25.0,52.0,38.0,2.5,45,2.2,180,100,Olahan,Kue & Dessert,,55,Brownies Fudge Fudgy Brownie,Fudgy Brownies · Brownies Fudge Fudgy Brownie · 1 potong (55 g) · Nasional/Bolu & Cake · src:Recipe calc · conf:medium
idn-brownies-kacang,Brownies Kacang,446.0,7.5,26.0,46.0,32.0,3.0,55,2.5,180,100,Olahan,Kue & Dessert,,50,Brownies Kacang Mede Brownies Nut,Walnut Peanut Brownies · Brownies Kacang Mede Brownies Nut · 1 potong · Nasional/Bolu & Cake · src:Recipe calc · conf:medium
idn-brownies-keju,Brownies Keju,424.0,7.0,24.0,45.0,30.0,2.0,120,1.9,280,100,Olahan,Kue & Dessert,,55,Brownies Cheese Brownies Topping Keju,Cheese Brownies · Brownies Cheese Brownies Topping Keju · 1 potong (55 g) · Nasional/Bolu & Cake · src:Recipe calc · conf:medium
idn-brownies-panggang,Brownies Panggang,430.0,5.5,24.0,48.0,35.0,2.5,50,2.4,190,100,Olahan,Kue & Dessert,,50,Bronis Panggang Brownies Oven Fudgy Brownies,Baked Fudgy Chocolate Brownies · Bronis Panggang Brownies Oven Fudgy Brownies · 1 potong · Nasional/Bolu & Cake · src:Recipe calc · conf:high
idn-bubur-biji-delima,Bubur Biji Delima,137.0,0.6,3.0,27.0,15.0,0.5,12,0.3,25,100,Olahan,Kue & Dessert,,200,Biji Delima Bubur Delima,Water Chestnut Pearls In Coconut Syrup · Biji Delima Bubur Delima · 1 mangkok · Nasional/Buah · src:Recipe calc · conf:medium
idn-bubur-candil,Bubur Candil,152.0,1.2,3.0,30.0,17.0,0.6,15,0.5,30,100,Olahan,Kue & Dessert,,200,Biji Salak Bubur Biji Salak Jenang Candil,Glutinous Rice Balls In Palm Sugar Porridge · Biji Salak Bubur Biji Salak Jenang Candil · 1 mangkok · Nasional/Kue Basah · src:Recipe calc · conf:high
idn-bubur-kacang-ijo-burjo,Bubur Kacang Ijo Burjo,130.0,3.5,4.0,20.0,11.0,2.2,30,1.0,60,100,Olahan,Kue & Dessert,,250,Bubur Kacang Hijau Santan Bubur Kacang Ijo Warmindo Burjo,Mung Bean Porridge Burjo Style · Bubur Kacang Hijau Santan Bubur Kacang Ijo Warmindo Burjo · 1 mangkok (250 g) · Nasional/Kue Basah · src:Recipe calc · conf:high
idn-bubur-kacang-ijo-ketan-hitam-burjo,Bubur Kacang Ijo Ketan Hitam Burjo,133.0,3.2,4.0,21.0,11.0,2.4,28,1.1,60,100,Olahan,Kue & Dessert,,250,Bubur Campur Burjo Burjo Ketan Item,Mung Bean And Black Glutinous Rice Porridge · Bubur Campur Burjo Burjo Ketan Item · 1 mangkok (250 g) · Nasional/Kue Basah · src:Recipe calc · conf:medium
idn-bubur-ketan-durian,Bubur Ketan Durian,180.0,2.8,5.5,30.0,13.0,1.8,20,0.8,35,100,Olahan,Kue & Dessert,,200,Bubur Ketan Item Duren Ketan Hitam Durian,Black Sticky Rice Porridge With Durian · Bubur Ketan Item Duren Ketan Hitam Durian · 1 mangkok (200 g) · Nasional/Buah · src:Recipe calc · conf:medium
idn-bubur-ketan-hitam,Bubur Ketan Hitam,144.0,2.2,3.5,26.0,12.0,1.5,15,0.7,25,100,Olahan,Kue & Dessert,,200,Bubur Injin Bubur Ketan Item,Black Glutinous Rice Porridge · Bubur Injin Bubur Ketan Item · 1 mangkok · Nasional/Kue Basah · src:Recipe calc · conf:high
idn-bubur-mutiara,Bubur Mutiara,129.0,0.6,2.5,26.0,14.0,0.2,10,0.3,25,100,Olahan,Kue & Dessert,,200,Bubur Pacar Cina Bubur Sagu Mutiara,Sago Pearl Porridge In Coconut Milk · Bubur Pacar Cina Bubur Sagu Mutiara · 1 mangkok · Nasional/Kue Basah · src:Recipe calc · conf:high
idn-bubur-sumsum,Bubur Sumsum,109.0,1.2,4.0,17.0,8.0,0.3,12,0.3,35,100,Olahan,Kue & Dessert,,200,Bubur Sungsum Jenang Sumsum,Rice Flour Porridge With Palm Sugar Syrup · Bubur Sungsum Jenang Sumsum · 1 mangkok · Nasional/Kue Basah · src:Recipe calc · conf:high
idn-carabikang,Carabikang,236.0,2.4,6.5,42.0,19.0,0.5,20,0.5,70,100,Olahan,Kue & Dessert,,45,Bikang Mawar Kue Bikang Kue Cara Bikang,Steamed Blooming Rice Flour Cake · Bikang Mawar Kue Bikang Kue Cara Bikang · 1 buah · Nasional/Kue Basah · src:Recipe calc · conf:high
idn-carrot-cake-cream-cheese,Carrot Cake Cream Cheese,402.0,4.5,22.0,48.0,35.0,1.5,50,1.2,290,100,Olahan,Kue & Dessert,,100,Carrot Cake Kue Wortel,Carrot Cake With Cream Cheese Frosting · Carrot Cake Kue Wortel · 1 potong (100 g) · Nasional/Bolu & Cake · src:USDA analog · conf:medium
idn-cheese-roll-panggang,Cheese Roll Panggang,488.0,8.5,29.0,48.0,12.0,1.4,180,1.7,580,100,Olahan,Kue & Dessert,,30,Cheese Roll Kering Gulung Keju Panggang,Baked Cheese Roll · Cheese Roll Kering Gulung Keju Panggang · 3 buah (30 g) · Nasional/Kue Kering · src:Recipe calc · conf:medium
idn-cheese-stick-pastry,Cheese Stick Pastry,498.0,9.0,30.0,48.0,6.0,1.6,200,1.8,700,100,Olahan,Kue & Dessert,,30,Palm Cheese Stik Keju Pastry,Cheese Stick Pastry · Palm Cheese Stik Keju Pastry · 5 batang (30 g) · Nasional/Kue Kering · src:Recipe calc · conf:medium
idn-cheese-tart,Cheese Tart,378.0,7.0,24.0,33.0,16.0,0.8,110,0.8,280,100,Olahan,Kue & Dessert,,50,Hokkaido Cheese Tart Tart Keju,Baked Cheese Tart · Hokkaido Cheese Tart Tart Keju · 1 buah (50 g) · Nasional/Bolu & Cake · src:Recipe calc · conf:medium
idn-cheesecake-kukus-jepang,Cheesecake Kukus Jepang,249.0,6.5,15.0,22.0,16.0,0.4,70,0.7,220,100,Olahan,Kue & Dessert,,70,Cheesecake Lembut Jepang Cotton Cheesecake,Japanese Cotton Cheesecake · Cheesecake Lembut Jepang Cotton Cheesecake · 1 potong · Nasional/Bolu & Cake · src:Recipe calc · conf:medium
idn-cheesecake-oreo-no-bake,Cheesecake Oreo No Bake,357.0,5.5,24.0,30.0,22.0,0.8,80,0.9,230,100,Olahan,Kue & Dessert,,100,Cheesecake Oreo No Bake Cheesecake,No Bake Oreo Cheesecake · Cheesecake Oreo No Bake Cheesecake · 1 potong (100 g) · Nasional/Bolu & Cake · src:Recipe calc · conf:medium
idn-cheesecake-panggang,Cheesecake Panggang,328.0,6.0,22.0,26.0,20.0,0.5,80,0.7,300,100,Olahan,Kue & Dessert,,80,Baked Cheese Cake Kue Keju Panggang,Baked Cheesecake · Baked Cheese Cake Kue Keju Panggang · 1 potong · Nasional/Bolu & Cake · src:USDA analog · conf:medium
idn-cheesecake-stroberi,Cheesecake Stroberi,300.0,5.5,19.0,27.0,21.0,0.6,80,0.6,220,100,Olahan,Kue & Dessert,,100,Cheesecake Selai Stroberi Cheesecake Strawberry,Strawberry Cheesecake · Cheesecake Selai Stroberi Cheesecake Strawberry · 1 potong (100 g) · Nasional/Bolu & Cake · src:FatSecret ID · conf:medium
idn-chia-pudding,Chia Pudding,81.0,1.9,4.3,9.0,5.0,3.7,130,1.0,30,100,Olahan,Kue & Dessert,,185,Chia Seed Pudding Chia Susu Puding Chia,Chia Seed Pudding · Chia Seed Pudding Chia Susu Puding Chia · 1 cup (185 g) · Nasional/Es Krim & Dessert · src:Recipe calc · conf:medium
idn-chiffon-cake-cokelat,Chiffon Cake Cokelat,310.0,6.0,14.0,40.0,24.0,1.5,45,1.5,230,100,Olahan,Kue & Dessert,,60,Cake Chiffon Cokelat Chiffon Coklat,Chocolate Chiffon Cake · Cake Chiffon Cokelat Chiffon Coklat · 1 potong (60 g) · Nasional/Bolu & Cake · src:Recipe calc · conf:medium
idn-chiffon-cake-pandan,Chiffon Cake Pandan,301.0,6.0,13.0,40.0,24.0,0.6,35,1.2,180,100,Olahan,Kue & Dessert,,55,Bolu Chiffon Pandan Chiffon Pandan,Pandan Chiffon Cake · Bolu Chiffon Pandan Chiffon Pandan · 1 potong · Nasional/Bolu & Cake · src:Recipe calc · conf:medium
idn-churros-cokelat,Churros Cokelat,400.0,5.5,22.0,46.0,20.0,1.5,45,1.4,250,100,Olahan,Kue & Dessert,,90,Churros Coklat Churros Saus Cokelat,Churros With Chocolate Sauce · Churros Coklat Churros Saus Cokelat · 1 porsi (90 g) · Nasional/Roti & Pastry · src:Recipe calc · conf:medium
idn-cream-puff-matcha,Cream Puff Matcha,276.0,6.0,17.0,25.0,13.0,0.7,85,0.9,150,100,Olahan,Kue & Dessert,,60,Choux Matcha Kue Sus Matcha,Matcha Cream Puff · Choux Matcha Kue Sus Matcha · 1 buah (60 g) · Nasional/Bolu & Cake · src:Recipe calc · conf:medium
idn-crepes-cokelat-keju,Crepes Cokelat Keju,332.0,6.5,16.0,41.0,20.0,1.2,120,1.2,280,100,Olahan,Kue & Dessert,,110,Crepe Coklat Keju Krepes Cokelat Keju,Chocolate Cheese Crepes · Crepe Coklat Keju Krepes Cokelat Keju · 1 buah (110 g) · Nasional/Bolu & Cake · src:Recipe calc · conf:medium
idn-crepes-manis-tipis,Crepes Manis Tipis,230.0,6.0,9.0,31.0,11.0,0.9,80,1.0,180,100,Olahan,Kue & Dessert,,80,Crepe Suzette Krepes Manis,Thin Sweet Crepes · Crepe Suzette Krepes Manis · 1 buah (80 g) · Nasional/Bolu & Cake · src:USDA analog · conf:medium
idn-cupcake-butter-cream,Cupcake Butter Cream,401.0,5.0,21.0,48.0,34.0,0.7,45,1.2,250,100,Olahan,Kue & Dessert,,55,Cup Cake Butter Cream Kue Cupcake,Frosted Cupcake · Cup Cake Butter Cream Kue Cupcake · 1 buah · Nasional/Bolu & Cake · src:USDA analog · conf:medium
idn-cupcake-cokelat-frosting,Cupcake Cokelat Frosting,403.0,4.5,19.0,55.0,40.0,1.2,45,1.5,280,100,Olahan,Kue & Dessert,,60,Cupcake Coklat Cupcake Frosting Cokelat,Chocolate Frosted Cupcake · Cupcake Coklat Cupcake Frosting Cokelat · 1 buah (60 g) · Nasional/Bolu & Cake · src:USDA analog · conf:medium
idn-dessert-box-chocolate,Dessert Box Chocolate,316.0,4.5,18.0,34.0,26.0,1.0,80,1.0,150,100,Olahan,Kue & Dessert,,150,Choco Dessert Box Dessert Box Cokelat,Chocolate Dessert Box · Choco Dessert Box Dessert Box Cokelat · 1 box (150 g) · Nasional/Bolu & Cake · src:Recipe calc · conf:medium
idn-dessert-box-red-velvet,Dessert Box Red Velvet,302.0,4.5,17.0,33.0,25.0,0.6,75,0.8,160,100,Olahan,Kue & Dessert,,150,Red Velvet Box,Red Velvet Dessert Box · Red Velvet Box · 1 box (150 g) · Nasional/Bolu & Cake · src:Recipe calc · conf:medium
idn-dessert-box-regal,Dessert Box Regal,300.0,4.5,16.0,35.0,24.0,0.8,90,0.7,150,100,Olahan,Kue & Dessert,,150,Dessert Box Biskuit Regal Regal Dessert Box,Marie Biscuit Dessert Box · Dessert Box Biskuit Regal Regal Dessert Box · 1 box (150 g) · Nasional/Bolu & Cake · src:Recipe calc · conf:medium
idn-dessert-box-tiramisu,Dessert Box Tiramisu,265.0,4.5,15.0,28.0,21.0,0.5,80,0.6,110,100,Olahan,Kue & Dessert,,150,Tiramisu Box,Tiramisu Dessert Box · Tiramisu Box · 1 box (150 g) · Nasional/Bolu & Cake · src:Recipe calc · conf:medium
idn-dodol-nangka,Dodol Nangka,357.0,1.5,7.0,72.0,52.0,1.5,25,1.0,40,100,Olahan,Kue & Dessert,,40,Dodol Nangka Ketan Jenang Nangka,Jackfruit Toffee · Dodol Nangka Ketan Jenang Nangka · 2 potong · Nasional/Buah · src:Recipe calc · conf:medium
idn-eclair-cokelat,Eclair Cokelat,285.0,6.0,17.0,27.0,15.0,0.9,70,1.0,180,100,Olahan,Kue & Dessert,,70,Chocolate Eclair Eklair Cokelat,Chocolate Eclair · Chocolate Eclair Eklair Cokelat · 1 buah (70 g) · Nasional/Bolu & Cake · src:USDA analog · conf:medium
idn-egg-tart-hongkong,Egg Tart Hongkong,255.0,4.5,13.0,30.0,14.0,0.6,40,0.6,130,100,Olahan,Kue & Dessert,,50,Egg Tart Tart Telur,Hong Kong Egg Tart · Egg Tart Tart Telur · 1 buah (50 g) · Nasional/Bolu & Cake · src:FatSecret ID · conf:medium
idn-es-gabus-hunkwe,Es Gabus Hunkwe,120.0,1.0,2.5,24.0,16.0,0.3,15,0.2,25,100,Olahan,Kue & Dessert,,70,Es Gabus Es Gabus Pelangi,Mung Bean Starch Ice Bar · Es Gabus Es Gabus Pelangi · 1 potong (70 g) · Nasional/Es Krim & Dessert · src:Recipe calc · conf:medium
idn-es-kepal-milo,Es Kepal Milo,105.0,2.0,2.5,19.0,17.0,0.4,60,0.5,45,100,Olahan,Kue & Dessert,,250,Es Kepal Susu Milo Kepal Milo,Shaved Ice With Milo And Condensed Milk · Es Kepal Susu Milo Kepal Milo · 1 porsi (250 g) · Nasional/Es Manis · src:Recipe calc · conf:medium
idn-es-krim-cokelat,Es Krim Cokelat,220.0,3.8,11.0,28.2,25.4,1.2,109,0.9,76,100,Olahan,Kue & Dessert,,65,Es Krim Coklat Ice Cream Cokelat,Chocolate Ice Cream · Es Krim Coklat Ice Cream Cokelat · 1 scoop (65 g) · Nasional/Es Krim & Dessert · src:USDA analog · conf:high
idn-es-krim-cone-vanila-resto,Es Krim Cone Vanila Resto,189.0,4.0,5.0,32.0,25.0,0.5,130,0.3,100,100,Olahan,Kue & Dessert,,90,Cone Vanila Es Krim Cone,Restaurant Vanilla Ice Cream Cone · Cone Vanila Es Krim Cone · 1 cone (90 g) · Nasional/Es Krim & Dessert · src:FatSecret ID · conf:medium
idn-es-krim-goreng,Es Krim Goreng,290.0,5.0,15.0,34.0,20.0,0.8,110,0.6,160,100,Olahan,Kue & Dessert,,110,Es Krim Goreng Tepung Roti Fried Ice Cream,Fried Ice Cream · Es Krim Goreng Tepung Roti Fried Ice Cream · 1 porsi (110 g) · Nasional/Es Krim & Dessert · src:Recipe calc · conf:medium
idn-es-krim-sundae-cokelat,Es Krim Sundae Cokelat,175.0,3.4,4.5,30.0,26.0,0.6,120,0.4,110,100,Olahan,Kue & Dessert,,150,Ice Cream Sundae Sundae Cokelat,Chocolate Sundae Ice Cream · Ice Cream Sundae Sundae Cokelat · 1 cup (150 g) · Nasional/Es Krim & Dessert · src:USDA analog · conf:medium
idn-es-lilin,Es Lilin,85.0,0.2,0.3,21.0,20.0,0.1,5,0.1,10,100,Olahan,Kue & Dessert,,70,Es Mambo Sirup Es Tube,Frozen Syrup Ice Pop · Es Mambo Sirup Es Tube · 1 buah (70 g) · Nasional/Es Krim & Dessert · src:Recipe calc · conf:medium
idn-es-lilin-susu,Es Lilin Susu,105.0,1.8,2.5,19.0,17.0,0.0,60,0.1,30,100,Olahan,Kue & Dessert,,60,Es Lilin Susu Cokelat Es Mambo Susu,Milk Ice Pop · Es Lilin Susu Cokelat Es Mambo Susu · 1 buah (60 g) · Nasional/Roti & Pastry · src:Recipe calc · conf:medium
idn-es-mambo,Es Mambo,110.0,1.5,2.5,20.5,17.0,0.5,30,0.4,25,100,Olahan,Kue & Dessert,,70,Es Mambo Kacang Ijo Es Mambo Susu,Frozen Milk & Mung Bean Ice Pop · Es Mambo Kacang Ijo Es Mambo Susu · 1 buah (70 g) · Nasional/Es Krim & Dessert · src:Recipe calc · conf:medium
idn-es-potong,Es Potong,175.0,1.8,6.5,28.0,22.0,0.4,30,0.5,35,100,Olahan,Kue & Dessert,,70,Es Potong Kelapa Es Potong Singapura,Sliced Coconut Milk Ice Bar · Es Potong Kelapa Es Potong Singapura · 1 potong (70 g) · Nasional/Es Krim & Dessert · src:Recipe calc · conf:medium
idn-financier,Financier,452.0,8.0,27.0,45.0,30.0,2.2,75,1.3,180,100,Olahan,Kue & Dessert,,35,Financier Almond Finansier,Almond Financier · Financier Almond Finansier · 1 buah (35 g) · Nasional/Kue Kering · src:Recipe calc · conf:medium
idn-fondant-cake,Fondant Cake,420.0,4.0,16.0,66.0,54.0,0.6,45,0.9,190,100,Olahan,Kue & Dessert,,110,Cake Fondant Kue Fondant,Fondant Covered Cake · Cake Fondant Kue Fondant · 1 potong (110 g) · Nasional/Bolu & Cake · src:Recipe calc · conf:medium
idn-frozen-yogurt-plain,Frozen Yogurt Plain,159.0,4.0,4.0,26.0,24.0,0.0,143,0.2,70,100,Olahan,Kue & Dessert,,100,Froyo Frozen Yoghurt Yogurt Beku,Plain Frozen Yogurt · Froyo Frozen Yoghurt Yogurt Beku · 1 cup (100 g) · Nasional/Es Krim & Dessert · src:USDA analog · conf:medium
idn-gelato-vanila,Gelato Vanila,200.0,4.0,7.0,30.0,26.0,0.0,130,0.2,60,100,Olahan,Kue & Dessert,,80,Gelato Gelato Susu,Vanilla Gelato · Gelato Gelato Susu · 1 scoop (80 g) · Nasional/Es Krim & Dessert · src:Estimate · conf:medium
idn-granola-bar-homemade,Granola Bar Homemade,440.0,9.0,20.0,55.0,22.0,6.0,70,2.5,90,100,Olahan,Kue & Dessert,,40,Bar Oat Homemade Granola Bar Rumahan,Homemade Granola Bar · Bar Oat Homemade Granola Bar Rumahan · 1 batang (40 g) · Nasional/Bubur · src:Recipe calc · conf:medium
idn-jentik-manis,Jentik Manis,175.0,1.2,5.0,31.0,15.0,0.4,12,0.3,40,100,Olahan,Kue & Dessert,,55,Jentik Manis Mutiara Kue Jentik Manis,Sago Pearl Coconut Pudding · Jentik Manis Mutiara Kue Jentik Manis · 1 buah (55 g) · Nasional/Kue Basah · src:Recipe calc · conf:medium
idn-kastengel,Kastengel,512.0,11.0,32.0,45.0,3.0,1.2,220,1.6,650,100,Olahan,Kue & Dessert,,40,Kaasstengels Kastengels Kue Keju,Dutch Indonesian Cheese Cookie Sticks · Kaasstengels Kastengels Kue Keju · 8 buah · Nasional/Kue Kering · src:Recipe calc · conf:high
idn-kastengel-edam,Kastengel Edam,517.0,12.0,33.0,43.0,3.0,1.2,280,1.7,750,100,Olahan,Kue & Dessert,,40,Kaasstengels Edam Kastengel Keju Edam,Edam Cheese Cookie Sticks · Kaasstengels Edam Kastengel Keju Edam · 8 buah · Nasional/Kue Kering · src:Recipe calc · conf:medium
idn-kastengel-wijen,Kastengel Wijen,510.0,11.0,31.0,46.0,6.0,1.8,180,1.8,520,100,Olahan,Kue & Dessert,,5,Kaastengels Wijen Kastengel Biji Wijen,Sesame Cheese Stick Cookie · Kaastengels Wijen Kastengel Biji Wijen · 1 keping (5 g) · Nasional/Kue Kering · src:Recipe calc · conf:medium
idn-ketan-serundeng,Ketan Serundeng,246.0,4.0,10.0,35.0,6.0,2.0,25,0.9,250,100,Olahan,Kue & Dessert,,100,Ketan Kelapa Serundeng Ketan Sarikaya Gurih,Glutinous Rice With Spiced Grated Coconut · Ketan Kelapa Serundeng Ketan Sarikaya Gurih · 1 porsi · Nasional/Kue Basah · src:Recipe calc · conf:medium
idn-ketan-srikaya,Ketan Srikaya,242.0,3.5,8.0,39.0,17.0,0.8,30,0.7,60,100,Olahan,Kue & Dessert,,70,Ketan Sarikaya Ketan Serikaya,Glutinous Rice With Coconut Custard · Ketan Sarikaya Ketan Serikaya · 1 potong · Nasional/Buah · src:Recipe calc · conf:medium
idn-ketan-susu,Ketan Susu,258.0,4.5,8.0,42.0,14.0,0.8,70,0.7,90,100,Olahan,Kue & Dessert,,120,Ketan Duren Susu Ketan Susu Kental,Glutinous Rice With Sweetened Condensed Milk · Ketan Duren Susu Ketan Susu Kental · 1 porsi · Nasional/Kue Basah · src:Recipe calc · conf:medium
idn-ketan-susu-burjo,Ketan Susu Burjo,200.0,3.8,5.0,35.0,9.0,0.8,70,0.6,45,100,Olahan,Kue & Dessert,,180,Ketan Item Susu Burjo Ketan Susu Warmindo,Glutinous Rice With Condensed Milk Burjo Style · Ketan Item Susu Burjo Ketan Susu Warmindo · 1 mangkok (180 g) · Nasional/Kue Basah · src:Recipe calc · conf:medium
idn-klepon-cake,Klepon Cake,335.0,4.5,18.0,40.0,24.0,1.2,55,0.9,170,100,Olahan,Kue & Dessert,,80,Bolu Klepon Cake Klepon,Pandan Palm Sugar Klepon Cake · Bolu Klepon Cake Klepon · 1 potong (80 g) · Nasional/Kue Basah · src:Recipe calc · conf:medium
idn-klepon-ketan-hitam,Klepon Ketan Hitam,244.0,3.2,7.5,41.0,19.0,2.5,30,1.2,25,100,Olahan,Kue & Dessert,,100,Kelepon Ketan Item Klepon Hitam,Black Glutinous Rice Klepon · Kelepon Ketan Item Klepon Hitam · 5 buah · Nasional/Kue Basah · src:Recipe calc · conf:medium
idn-klepon-ubi-ungu,Klepon Ubi Ungu,233.0,2.6,7.0,40.0,19.0,2.4,28,0.9,25,100,Olahan,Kue & Dessert,,100,Kelepon Ungu Klepon Ubi,Purple Sweet Potato Klepon · Kelepon Ungu Klepon Ubi · 5 buah · Nasional/Kue Basah · src:Recipe calc · conf:medium
idn-kolak-biji-salak,Kolak Biji Salak,151.0,1.0,3.0,30.0,18.0,1.0,14,0.5,25,100,Olahan,Kue & Dessert,,200,Biji Salak Kolak Kolek Biji Salak,Sweet Potato Dumplings In Coconut Syrup · Biji Salak Kolak Kolek Biji Salak · 1 mangkok · Nasional/Buah · src:Recipe calc · conf:high
idn-kolak-campur,Kolak Campur,123.0,1.0,3.0,23.0,16.0,1.3,15,0.4,22,100,Olahan,Kue & Dessert,,250,Kolak Komplit Kolek Campur,"Mixed Kolak With Banana, Sweet Potato & Dumplings · Kolak Komplit Kolek Campur · 1 mangkok · Nasional/Sayuran · src:Recipe calc · conf:high"
idn-kolak-labu-kuning,Kolak Labu Kuning,92.0,0.8,2.8,16.0,12.0,1.0,14,0.4,20,100,Olahan,Kue & Dessert,,200,Kolak Labu Kolek Waluh,Pumpkin In Palm Sugar Coconut Syrup · Kolak Labu Kolek Waluh · 1 mangkok · Nasional/Sayuran · src:Recipe calc · conf:medium
idn-kolak-ubi,Kolak Ubi,125.0,0.9,2.8,24.0,15.0,1.4,16,0.4,20,100,Olahan,Kue & Dessert,,200,Kolak Ubi Jalar Kolek Ubi,Sweet Potato In Palm Sugar Coconut Syrup · Kolak Ubi Jalar Kolek Ubi · 1 mangkok · Nasional/Sayuran · src:Recipe calc · conf:high
idn-kue-bugis,Kue Bugis,249.0,3.0,9.0,39.0,18.0,2.0,22,0.7,40,100,Olahan,Kue & Dessert,,50,Bugis Ketan Kue Bugis Unti Kue Mendut,Glutinous Rice Parcel With Sweet Coconut Filling · Bugis Ketan Kue Bugis Unti Kue Mendut · 1 buah · Nasional/Kue Basah · src:Recipe calc · conf:high
idn-kue-bugis-mandi,Kue Bugis Mandi,227.0,2.6,9.0,34.0,16.0,1.6,22,0.6,45,100,Olahan,Kue & Dessert,,70,Bugis Mandi Kue Mendut Mandi,Kue Bugis Bathed In Coconut Sauce · Bugis Mandi Kue Mendut Mandi · 1 buah · Nasional/Kue Basah · src:Recipe calc · conf:medium
idn-kue-bulan,Kue Bulan,416.0,6.0,14.0,66.0,38.0,2.5,30,2.0,200,100,Olahan,Kue & Dessert,,45,Kue Bulan Kacang Mooncake Tiong Chiu Pia,Lotus Or Bean Paste Mooncake · Kue Bulan Kacang Mooncake Tiong Chiu Pia · 1/4 buah · Nasional/Roti & Pastry · src:USDA analog · conf:medium
idn-kue-cantik-manis,Kue Cantik Manis,189.0,1.0,5.0,35.0,17.0,0.3,12,0.3,40,100,Olahan,Kue & Dessert,,50,Cente Manis Kue Cantik Manis Hunkwe,Mung Bean Starch Pudding With Sago Pearls · Cente Manis Kue Cantik Manis Hunkwe · 1 buah · Nasional/Kue Basah · src:Recipe calc · conf:medium
idn-kue-choco-chip,Kue Choco Chip,480.0,6.0,24.0,60.0,33.0,2.0,40,2.2,300,100,Olahan,Kue & Dessert,,40,Chocochip Cookies Coklat Chip Kue Kering Choco Chip,Chocolate Chip Cookie · Chocochip Cookies Coklat Chip Kue Kering Choco Chip · 3 buah · Nasional/Kue Kering · src:USDA analog · conf:high
idn-kue-cornflakes,Kue Cornflakes,496.0,6.0,27.0,57.0,28.0,1.2,60,3.0,260,100,Olahan,Kue & Dessert,,40,Cookies Cornflakes Kue Kering Cornflakes,Butter Cornflake Cluster Cookie · Cookies Cornflakes Kue Kering Cornflakes · 5 buah · Nasional/Kue Kering · src:Recipe calc · conf:medium
idn-kue-cornflakes-cokelat,Kue Cornflakes Cokelat,495.0,6.0,28.0,56.0,30.0,1.5,50,1.5,200,100,Olahan,Kue & Dessert,,7,Cornflakes Coklat Kue Kering Cornflakes Cokelat,Chocolate Cornflake Cookie · Cornflakes Coklat Kue Kering Cornflakes Cokelat · 1 keping (7 g) · Nasional/Kue Kering · src:Recipe calc · conf:medium
idn-kue-cubit-green-tea,Kue Cubit Green Tea,320.0,6.5,12.0,46.0,24.0,0.8,60,1.1,220,100,Olahan,Kue & Dessert,,60,Cubit Matcha Kue Cubit Matcha,Green Tea Mini Pancake Bites · Cubit Matcha Kue Cubit Matcha · 1 porsi 5 buah (60 g) · Nasional/Sayuran · src:Recipe calc · conf:medium
idn-kue-jahe-kering,Kue Jahe Kering,445.0,5.5,15.0,72.0,34.0,1.5,40,2.2,220,100,Olahan,Kue & Dessert,,8,Ginger Snap Kue Kering Jahe,Crisp Ginger Snap Cookie · Ginger Snap Kue Kering Jahe · 1 keping (8 g) · Nasional/Kue Kering · src:Recipe calc · conf:medium
idn-kue-kacang,Kue Kacang,494.0,9.0,27.0,53.0,24.0,2.5,45,1.8,150,100,Olahan,Kue & Dessert,,40,Kue Kacang Lebaran Kue Kacang Tanah Peanut Cookies,Peanut Shortbread Cookie · Kue Kacang Lebaran Kue Kacang Tanah Peanut Cookies · 5 buah · Nasional/Kue Kering · src:Recipe calc · conf:high
idn-kue-kacang-mede,Kue Kacang Mede,505.0,8.0,28.0,55.0,24.0,2.0,45,2.0,150,100,Olahan,Kue & Dessert,,8,Cookies Kacang Mete Kue Mede,Cashew Nut Cookie · Cookies Kacang Mete Kue Mede · 1 keping (8 g) · Nasional/Kue Kering · src:Recipe calc · conf:medium
idn-kue-keranjang,Kue Keranjang,342.0,1.5,0.5,83.0,45.0,0.5,15,0.8,15,100,Olahan,Kue & Dessert,,50,Dodol Cina Kue Bakul Nian Gao Ti Kwe,Chinese New Year Sticky Rice Cake · Dodol Cina Kue Bakul Nian Gao Ti Kwe · 1 potong · Nasional/Kue Basah · src:Recipe calc · conf:high
idn-kue-kering-sagu-pandan,Kue Kering Sagu Pandan,480.0,3.5,24.0,64.0,24.0,0.6,25,0.8,130,100,Olahan,Kue & Dessert,,6,Kue Sagu Pandan Sagu Pandan,Pandan Sago Melt Cookie · Kue Sagu Pandan Sagu Pandan · 1 keping (6 g) · Nasional/Kue Kering · src:Recipe calc · conf:medium
idn-kue-ku,Kue Ku,261.0,4.0,5.0,50.0,22.0,1.8,25,1.1,45,100,Olahan,Kue & Dessert,,45,Ang Ku Kueh Kue Thok Kue Tok,Red Tortoise Glutinous Cake With Mung Bean Paste · Ang Ku Kueh Kue Thok Kue Tok · 1 buah · Nasional/Kue Basah · src:Recipe calc · conf:high
idn-kue-kurma-isi,Kue Kurma Isi,430.0,5.5,17.0,65.0,32.0,2.5,40,1.5,150,100,Olahan,Kue & Dessert,,12,Cookies Isi Kurma Kue Kering Kurma,Date Filled Cookie · Cookies Isi Kurma Kue Kering Kurma · 1 keping (12 g) · Nasional/Buah · src:Recipe calc · conf:medium
idn-kue-lapis,Kue Lapis,216.0,1.5,6.0,39.0,18.0,0.5,15,0.4,50,100,Olahan,Kue & Dessert,,50,Kue Lapis Pelangi Kue Lapis Tepung Beras Lapis Beras,Steamed Layered Rice Flour Cake · Kue Lapis Pelangi Kue Lapis Tepung Beras Lapis Beras · 1 potong · Nasional/Kue Basah · src:Recipe calc · conf:high
idn-kue-lapis-beras-kukus,Kue Lapis Beras Kukus,240.0,1.8,7.0,42.0,19.0,0.5,13,0.5,50,100,Olahan,Kue & Dessert,,45,Kue Lapis Tepung Beras Lapis Beras,Steamed Rice Flour Layer Cake · Kue Lapis Tepung Beras Lapis Beras · 1 potong (45 g) · Nasional/Kue Basah · src:Recipe calc · conf:medium
idn-kue-lapis-pelangi,Kue Lapis Pelangi,245.0,2.0,7.5,42.0,20.0,0.6,14,0.5,55,100,Olahan,Kue & Dessert,,45,Kue Lapis Warna Lapis Pelangi,Rainbow Steamed Layer Cake · Kue Lapis Warna Lapis Pelangi · 1 potong (45 g) · Nasional/Kue Basah · src:Recipe calc · conf:medium
idn-kue-lapis-sagu,Kue Lapis Sagu,233.0,0.6,6.5,43.0,20.0,0.4,12,0.3,50,100,Olahan,Kue & Dessert,,50,Kue Lapis Kanji Lapis Sagu,Steamed Layered Sago Starch Cake · Kue Lapis Kanji Lapis Sagu · 1 potong · Nasional/Kue Basah · src:Recipe calc · conf:high
idn-kue-lapis-singkong,Kue Lapis Singkong,230.0,1.5,6.5,41.0,18.0,1.4,25,0.6,45,100,Olahan,Kue & Dessert,,50,Kue Lapis Ubi Kayu Lapis Singkong,Cassava Steamed Layer Cake · Kue Lapis Ubi Kayu Lapis Singkong · 1 potong (50 g) · Nasional/Kue Basah · src:Recipe calc · conf:medium
idn-kue-lumpang,Kue Lumpang,215.0,1.4,5.0,41.0,18.0,0.6,15,0.4,45,100,Olahan,Kue & Dessert,,45,Kue Lumpang Hijau Lumpang Pandan,Steamed Rice Cake With Coconut Topping · Kue Lumpang Hijau Lumpang Pandan · 1 buah · Nasional/Kue Basah · src:Recipe calc · conf:medium
idn-kue-lumpur-labu,Kue Lumpur Labu,234.0,4.0,10.0,32.0,17.0,1.2,38,0.7,130,100,Olahan,Kue & Dessert,,50,Kue Lumpur Waluh Lumpur Labu Kuning,Pumpkin Coconut Custard Griddle Cake · Kue Lumpur Waluh Lumpur Labu Kuning · 1 buah · Nasional/Sayuran · src:Recipe calc · conf:medium
idn-kue-lumpur-pandan,Kue Lumpur Pandan,235.0,4.5,10.0,31.0,16.0,0.6,55,0.6,110,100,Olahan,Kue & Dessert,,45,Kue Lumpur Hijau Lumpur Pandan,Pandan Potato Custard Cake · Kue Lumpur Hijau Lumpur Pandan · 1 buah (45 g) · Nasional/Kue Basah · src:Recipe calc · conf:medium
idn-kue-mangkok,Kue Mangkok,234.0,2.5,4.5,46.0,22.0,0.7,25,0.9,60,100,Olahan,Kue & Dessert,,45,Apem Mangkok Fa Gao Kue Mangkuk,Steamed Blooming Rice Cup Cake · Apem Mangkok Fa Gao Kue Mangkuk · 1 buah · Nasional/Kue Basah · src:Recipe calc · conf:high
idn-kue-mangkok-gula-merah,Kue Mangkok Gula Merah,235.0,2.5,3.5,48.0,22.0,0.7,20,0.6,80,100,Olahan,Kue & Dessert,,40,Apem Mangkok Gula Merah Kue Mangkuk Gula Merah,Palm Sugar Steamed Cupcake · Apem Mangkok Gula Merah Kue Mangkuk Gula Merah · 1 buah (40 g) · Nasional/Kue Basah · src:Recipe calc · conf:medium
idn-kue-marmer,Kue Marmer,396.0,6.0,22.0,43.0,26.0,1.0,45,1.5,250,100,Olahan,Kue & Dessert,,60,Bolu Marmer Bolu Marmer Panggang Kue Marble Kue Marmar Marble Cake Marmer Cake,Marble Butter Cake · Bolu Marmer Bolu Marmer Panggang Kue Marble Kue Marmar Marble Cake Marmer Cake · 1 potong · Nasional/Bolu & Cake · src:Recipe calc · conf:high
idn-kue-mata-roda,Kue Mata Roda,216.0,0.8,5.0,42.0,20.0,0.8,12,0.3,40,100,Olahan,Kue & Dessert,,50,Kue Lapis Pisang Kue Roda Mata Roda,Sago Layer Cake With Banana Wheel · Kue Lapis Pisang Kue Roda Mata Roda · 1 potong · Nasional/Kue Basah · src:Recipe calc · conf:medium
idn-kue-nona-manis,Kue Nona Manis,209.0,2.5,7.0,34.0,17.0,0.4,25,0.4,55,100,Olahan,Kue & Dessert,,50,Kue Nonamanis Nona Manis,Steamed Rice Flour Cake With Coconut Custard Centre · Kue Nonamanis Nona Manis · 1 buah · Nasional/Kue Basah · src:Recipe calc · conf:medium
idn-kue-pia-kacang-merah,Kue Pia Kacang Merah,400.0,6.5,15.0,60.0,22.0,2.5,35,1.5,130,100,Olahan,Kue & Dessert,,35,Bakpia Kacang Merah Pia Kacang Merah,Red Bean Pia Pastry · Bakpia Kacang Merah Pia Kacang Merah · 1 buah (35 g) · Nasional/Roti & Pastry · src:Recipe calc · conf:medium
idn-kue-pisang-hunkwe,Kue Pisang Hunkwe,164.0,1.0,4.0,31.0,16.0,1.0,10,0.3,35,100,Olahan,Kue & Dessert,,60,Kue Hunkwe Pisang Kue Pisang Nagasari Hunkwe,Mung Bean Starch Banana Cake · Kue Hunkwe Pisang Kue Pisang Nagasari Hunkwe · 1 buah · Nasional/Buah · src:Recipe calc · conf:high
idn-kue-putu-bambu,Kue Putu Bambu,231.0,2.2,6.0,42.0,20.0,1.6,30,0.9,30,100,Olahan,Kue & Dessert,,60,Kue Putu Putu Bambu Putu Bumbung,Steamed Rice Flour Tubes With Palm Sugar · Kue Putu Putu Bambu Putu Bumbung · 3 buah · Nasional/Kue Basah · src:Recipe calc · conf:high
idn-kue-rangin,Kue Rangin,276.0,1.8,13.0,38.0,15.0,3.2,20,0.6,120,100,Olahan,Kue & Dessert,,50,Kue Pancong Rangin Rangin,Crisp Coconut Sago Griddle Cake · Kue Pancong Rangin Rangin · 2 buah · Nasional/Kue Basah · src:Recipe calc · conf:medium
idn-kue-satu,Kue Satu,395.0,7.0,3.0,85.0,45.0,3.0,40,2.2,30,100,Olahan,Kue & Dessert,,30,Koya Kacang Ijo Kue Satu Kacang Hijau,Pressed Mung Bean Flour Sweet · Koya Kacang Ijo Kue Satu Kacang Hijau · 3 buah · Nasional/Kue Basah · src:Recipe calc · conf:medium
idn-kue-semprit,Kue Semprit,488.0,6.0,27.0,55.0,24.0,1.0,45,1.5,190,100,Olahan,Kue & Dessert,,40,Kue Semprit Mentega Semprit Susu Spritz Cookies,Piped Butter Cookie · Kue Semprit Mentega Semprit Susu Spritz Cookies · 5 buah · Nasional/Kue Kering · src:Recipe calc · conf:high
idn-kue-semprit-cokelat,Kue Semprit Cokelat,486.0,6.2,27.0,54.0,25.0,1.6,45,2.0,190,100,Olahan,Kue & Dessert,,40,Semprit Cokelat Meses Semprit Coklat,Chocolate Piped Butter Cookie · Semprit Cokelat Meses Semprit Coklat · 5 buah · Nasional/Kue Kering · src:Recipe calc · conf:medium
idn-kue-sus-kering,Kue Sus Kering,470.0,9.0,26.0,50.0,12.0,1.0,60,1.8,300,100,Olahan,Kue & Dessert,,4,Choux Kering Mini Sus Kering,Mini Crispy Choux Cookie · Choux Kering Mini Sus Kering · 1 keping (4 g) · Nasional/Kue Kering · src:Recipe calc · conf:medium
idn-kue-sus-vla,Kue Sus Vla,258.0,6.5,16.0,22.0,10.0,0.5,70,0.9,220,100,Olahan,Kue & Dessert,,60,Cream Puff Kue Soes Kue Sus,Choux Pastry With Custard Cream · Cream Puff Kue Soes Kue Sus · 1 buah · Nasional/Roti & Pastry · src:Recipe calc · conf:high
idn-kue-talam-cokelat,Kue Talam Cokelat,215.0,2.5,7.5,34.0,17.0,0.8,25,0.7,55,100,Olahan,Kue & Dessert,,50,Kue Talam Coklat Talam Cokelat,Chocolate Steamed Talam · Kue Talam Coklat Talam Cokelat · 1 potong (50 g) · Nasional/Kue Basah · src:Recipe calc · conf:medium
idn-kue-talam-hunkwe,Kue Talam Hunkwe,180.0,1.5,6.0,30.0,14.0,0.5,12,0.4,45,100,Olahan,Kue & Dessert,,50,Kue Talam Hunkue Talam Hunkwe,Mung Bean Starch Layered Talam · Kue Talam Hunkue Talam Hunkwe · 1 potong (50 g) · Nasional/Kue Basah · src:Recipe calc · conf:medium
idn-kue-talam-jagung,Kue Talam Jagung,174.0,2.2,5.0,30.0,13.0,1.2,15,0.5,60,100,Olahan,Kue & Dessert,,50,Kue Talam Jagung Manis Talam Jagung,Sweet Corn Talam Cake · Kue Talam Jagung Manis Talam Jagung · 1 buah · Nasional/Kue Basah · src:Recipe calc · conf:medium
idn-kue-talam-kacang-hijau,Kue Talam Kacang Hijau,195.0,3.5,6.0,32.0,15.0,1.5,20,0.8,50,100,Olahan,Kue & Dessert,,50,Kue Talam Ijo Talam Kacang Hijau,Mung Bean Steamed Talam · Kue Talam Ijo Talam Kacang Hijau · 1 potong (50 g) · Nasional/Kue Basah · src:Recipe calc · conf:medium
idn-kue-talam-ketan-hitam,Kue Talam Ketan Hitam,210.0,2.8,6.5,35.0,16.0,1.4,20,0.9,50,100,Olahan,Kue & Dessert,,50,Kue Talam Ketan Item Talam Ketan Hitam,Black Glutinous Rice Talam · Kue Talam Ketan Item Talam Ketan Hitam · 1 potong (50 g) · Nasional/Kue Basah · src:Recipe calc · conf:medium
idn-kue-talam-pandan,Kue Talam Pandan,188.0,1.6,6.0,32.0,15.0,0.4,14,0.4,60,100,Olahan,Kue & Dessert,,50,Kue Talam Hijau Talam Pandan,Pandan Coconut Layered Rice Flour Cake · Kue Talam Hijau Talam Pandan · 1 buah · Nasional/Kue Basah · src:FatSecret ID · conf:high
idn-kue-talam-singkong,Kue Talam Singkong,198.0,1.2,5.5,36.0,15.0,1.5,18,0.5,55,100,Olahan,Kue & Dessert,,50,Kue Talam Ubi Kayu Talam Singkong,Cassava Talam Cake · Kue Talam Ubi Kayu Talam Singkong · 1 buah · Nasional/Kue Basah · src:Recipe calc · conf:medium
idn-kue-talam-ubi,Kue Talam Ubi,185.0,1.8,5.5,32.0,14.0,1.5,18,0.5,55,100,Olahan,Kue & Dessert,,50,Kue Talam Ubi Kuning Talam Ubi Jalar,Sweet Potato Talam Cake · Kue Talam Ubi Kuning Talam Ubi Jalar · 1 buah · Nasional/Kue Basah · src:Recipe calc · conf:high
idn-kue-talam-ubi-ungu,Kue Talam Ubi Ungu,181.0,1.8,5.5,31.0,14.0,1.6,18,0.5,55,100,Olahan,Kue & Dessert,,50,Kue Talam Ungu Talam Ubi Ungu,Purple Sweet Potato Talam Cake · Kue Talam Ungu Talam Ubi Ungu · 1 buah · Nasional/Kue Basah · src:Recipe calc · conf:high
idn-kue-tart-butter-cream,Kue Tart Butter Cream,384.0,5.0,20.0,46.0,32.0,0.6,45,1.1,220,100,Olahan,Kue & Dessert,,80,Kue Tart Kue Ulang Tahun Tart Butter Cream,Butter Cream Birthday Cake · Kue Tart Kue Ulang Tahun Tart Butter Cream · 1 potong · Nasional/Bolu & Cake · src:Recipe calc · conf:medium
idn-kue-zebra-panggang,Kue Zebra Panggang,372.0,6.5,20.0,40.0,24.0,1.0,45,1.4,220,100,Olahan,Kue & Dessert,,60,Bolu Zebra Bolu Zebra Panggang Cake Zebra Kue Zebra Zebra Cake,Baked Zebra Striped Butter Cake · Bolu Zebra Bolu Zebra Panggang Cake Zebra Kue Zebra Zebra Cake · 1 potong · Nasional/Bolu & Cake · src:Recipe calc · conf:high
idn-kukis-cokelat-almond,Kukis Cokelat Almond,505.0,8.0,28.0,55.0,28.0,2.5,60,2.2,180,100,Olahan,Kue & Dessert,,10,Choco Almond Cookies Kue Kering Cokelat Almond,Chocolate Almond Cookie · Choco Almond Cookies Kue Kering Cokelat Almond · 1 keping (10 g) · Nasional/Kue Kering · src:Recipe calc · conf:medium
idn-lapis-legit-keju,Lapis Legit Keju,490.0,8.5,32.0,41.0,28.0,0.5,120,1.8,330,100,Olahan,Kue & Dessert,,40,Lapis Legit Cheese Spekkoek Keju,Cheese Thousand Layer Cake · Lapis Legit Cheese Spekkoek Keju · 1 potong · Nasional/Kue Basah · src:Recipe calc · conf:medium
idn-lapis-legit-pandan,Lapis Legit Pandan,500.0,7.0,32.0,46.0,30.0,0.8,50,1.4,160,100,Olahan,Kue & Dessert,,35,Lapis Legit Hijau Spekkoek Pandan,Pandan Thousand Layer Cake · Lapis Legit Hijau Spekkoek Pandan · 1 potong (35 g) · Nasional/Kue Basah · src:Recipe calc · conf:medium
idn-lapis-legit-prune,Lapis Legit Prune,472.0,6.5,29.5,45.0,32.0,1.2,58,1.9,195,100,Olahan,Kue & Dessert,,40,Lapis Legit Buah Spekkoek Prune,Prune Thousand Layer Cake · Lapis Legit Buah Spekkoek Prune · 1 potong · Nasional/Kue Basah · src:Recipe calc · conf:medium
idn-lava-cake-cokelat,Lava Cake Cokelat,402.0,5.5,24.0,42.0,30.0,2.0,60,2.0,160,100,Olahan,Kue & Dessert,,90,Choco Lava Cake Molten Chocolate Cake,Chocolate Lava Cake · Choco Lava Cake Molten Chocolate Cake · 1 buah (90 g) · Nasional/Bolu & Cake · src:Recipe calc · conf:medium
idn-lemper-abon,Lemper Abon,210.0,6.0,6.0,33.0,4.0,0.7,20,0.9,420,100,Olahan,Kue & Dessert,,60,Lemper Abon Sapi Lemper Isi Abon,Glutinous Rice Roll With Beef Floss · Lemper Abon Sapi Lemper Isi Abon · 1 buah · Nasional/Kue Basah · src:Recipe calc · conf:medium
idn-lidah-kucing,Lidah Kucing,472.0,6.0,24.0,58.0,30.0,0.8,30,1.3,200,100,Olahan,Kue & Dessert,,35,Cat Tongue Cookies Kue Lidah Kucing,Cat Tongue Butter Cookie · Cat Tongue Cookies Kue Lidah Kucing · 8 buah · Nasional/Kue Kering · src:Recipe calc · conf:high
idn-lidah-kucing-keju,Lidah Kucing Keju,490.0,7.0,26.0,57.0,25.0,0.8,90,1.2,300,100,Olahan,Kue & Dessert,,5,Cat Tongue Keju Kue Lidah Kucing Keju,Cheese Cat Tongue Cookie · Cat Tongue Keju Kue Lidah Kucing Keju · 1 keping (5 g) · Nasional/Kue Kering · src:Recipe calc · conf:medium
idn-macaron,Macaron,400.0,7.0,19.0,51.0,44.0,2.5,60,1.0,60,100,Olahan,Kue & Dessert,,18,Macaron Prancis Makaron,French Macaron · Macaron Prancis Makaron · 1 buah (18 g) · Nasional/Kue Kering · src:USDA analog · conf:medium
idn-madeleine,Madeleine,430.0,6.5,23.0,50.0,27.0,1.0,40,1.6,230,100,Olahan,Kue & Dessert,,30,Kue Madeleine Madelin,Madeleine · Kue Madeleine Madelin · 1 buah (30 g) · Nasional/Kue Kering · src:USDA analog · conf:medium
idn-mango-sticky-rice,Mango Sticky Rice,210.0,2.8,6.0,36.0,16.0,1.4,20,0.6,80,100,Olahan,Kue & Dessert,,200,Ketan Mangga Sticky Rice Mangga,Mango With Coconut Sticky Rice · Ketan Mangga Sticky Rice Mangga · 1 porsi (200 g) · Nasional/Es Krim & Dessert · src:Recipe calc · conf:medium
idn-manisan-kolang-kaling,Manisan Kolang Kaling,150.0,0.4,0.2,38.0,32.0,1.6,60,0.4,15,100,Olahan,Kue & Dessert,,60,Kolang Kaling Manis Manisan Caruluk,Candied Palm Fruit · Kolang Kaling Manis Manisan Caruluk · 1 porsi (60 g) · Nasional/Sayuran · src:Recipe calc · conf:medium
idn-martabak-manis-cokelat-keju,Martabak Manis Cokelat Keju,385.0,8.0,20.0,43.0,22.0,1.5,140,1.5,300,100,Olahan,Kue & Dessert,,100,Martabak Manis Coklat Keju Terang Bulan Coklat Keju,Sweet Thick Pancake With Chocolate & Cheese · Martabak Manis Coklat Keju Terang Bulan Coklat Keju · 1 potong · Nasional/Susu & Dairy · src:Recipe calc · conf:high
idn-martabak-manis-mini,Martabak Manis Mini,350.0,6.0,16.0,45.0,20.0,1.2,70,1.2,230,100,Olahan,Kue & Dessert,,35,Martabak Mini Terang Bulan Mini,Mini Sweet Martabak · Martabak Mini Terang Bulan Mini · 1 buah (35 g) · Nasional/Martabak · src:Recipe calc · conf:medium
idn-martabak-manis-red-velvet,Martabak Manis Red Velvet,395.0,7.5,21.0,44.0,26.0,1.2,130,1.4,290,100,Olahan,Kue & Dessert,,100,Martabak Red Velvet Terang Bulan Red Velvet,Red Velvet Sweet Thick Pancake · Martabak Red Velvet Terang Bulan Red Velvet · 1 potong · Nasional/Martabak · src:Recipe calc · conf:medium
idn-martabak-tipis-kering,Martabak Tipis Kering,440.0,7.0,22.0,54.0,24.0,1.5,80,1.4,260,100,Olahan,Kue & Dessert,,40,Martabak Tipker Terang Bulan Tipis Kering,Thin Crispy Sweet Martabak · Martabak Tipker Terang Bulan Tipis Kering · 1 potong (40 g) · Nasional/Martabak · src:Recipe calc · conf:medium
idn-mille-crepe-cokelat,Mille Crepe Cokelat,300.0,5.5,19.0,27.0,17.0,0.8,90,0.8,110,100,Olahan,Kue & Dessert,,100,Milcrepe Coklat Mille Crepes Cokelat,Chocolate Mille Crepe · Milcrepe Coklat Mille Crepes Cokelat · 1 potong (100 g) · Nasional/Bolu & Cake · src:Recipe calc · conf:medium
idn-mille-crepe-durian,Mille Crepe Durian,306.0,5.0,19.5,28.0,17.0,1.2,80,0.8,100,100,Olahan,Kue & Dessert,,100,Milcrepe Durian Mille Crepes Durian,Durian Mille Crepe · Milcrepe Durian Mille Crepes Durian · 1 potong (100 g) · Nasional/Buah · src:Recipe calc · conf:medium
idn-mille-crepe-matcha,Mille Crepe Matcha,296.0,5.5,19.0,26.0,16.0,0.9,95,0.8,105,100,Olahan,Kue & Dessert,,100,Milcrepe Green Tea Mille Crepes Matcha,Matcha Mille Crepe · Milcrepe Green Tea Mille Crepes Matcha · 1 potong (100 g) · Nasional/Bolu & Cake · src:Recipe calc · conf:medium
idn-nagasari-labu,Nagasari Labu,174.0,2.2,5.0,30.0,14.0,1.4,20,0.5,45,100,Olahan,Kue & Dessert,,60,Nagasari Waluh Nogosari Labu Kuning,Pumpkin Steamed Rice Flour Cake · Nagasari Waluh Nogosari Labu Kuning · 1 buah · Nasional/Sayuran · src:Recipe calc · conf:medium
idn-nastar,Nastar,472.0,6.0,26.0,54.0,25.0,1.2,40,1.6,210,100,Olahan,Kue & Dessert,,50,Kue Nastar Nanas Tart Nastar Nanas,Pineapple Jam Butter Tart Cookie · Kue Nastar Nanas Tart Nastar Nanas · 4 buah · Nasional/Kue Kering · src:Recipe calc · conf:high
idn-nastar-keju,Nastar Keju,484.0,7.0,28.0,51.0,24.0,1.2,110,1.6,300,100,Olahan,Kue & Dessert,,50,Nastar Cheese Nastar Keju Edam,Cheese Topped Pineapple Tart Cookie · Nastar Cheese Nastar Keju Edam · 4 buah · Nasional/Kue Kering · src:Recipe calc · conf:high
idn-nastar-lumer,Nastar Lumer,465.0,5.5,24.0,57.0,26.0,1.2,45,1.2,210,100,Olahan,Kue & Dessert,,12,Nastar Lumer Selai Nanas Nastar Premium,Molten Pineapple Tart · Nastar Lumer Selai Nanas Nastar Premium · 1 buah (12 g) · Nasional/Kue Kering · src:Recipe calc · conf:medium
idn-nutrijell-jelly-siap-saji,Nutrijell Jelly Siap Saji,65.0,0.4,0.0,16.0,15.0,0.6,8,0.1,20,100,Olahan,Kue & Dessert,,100,Jelly Nutrijell Nutrijell,Nutrijell Prepared Jelly · Jelly Nutrijell Nutrijell · 1 potong (100 g) · Nasional/Kue Basah · src:Recipe calc · conf:medium
idn-nutrijell-puding-cokelat,Nutrijell Puding Cokelat,92.0,1.5,2.0,17.0,15.0,0.5,50,0.3,45,100,Olahan,Kue & Dessert,,120,Nutrijell Puding Puding Nutrijell Cokelat,Nutrijell Chocolate Pudding Prepared · Nutrijell Puding Puding Nutrijell Cokelat · 1 cup (120 g) · Nasional/Kue Basah · src:Recipe calc · conf:medium
idn-ombre-cake,Ombre Cake,386.0,5.0,21.0,45.0,34.0,0.6,60,1.0,220,100,Olahan,Kue & Dessert,,100,Kue Ombre Ombre Cake Buttercream,Ombre Layer Cake · Kue Ombre Ombre Cake Buttercream · 1 potong (100 g) · Nasional/Bolu & Cake · src:Recipe calc · conf:medium
idn-opera-cake,Opera Cake,402.0,6.0,24.0,42.0,31.0,1.8,70,1.5,120,100,Olahan,Kue & Dessert,,85,Kue Opera Opera Gateau,Opera Cake · Kue Opera Opera Gateau · 1 potong (85 g) · Nasional/Bolu & Cake · src:Recipe calc · conf:medium
idn-palm-cheese-stick,Palm Cheese Stick,495.0,9.0,28.0,52.0,12.0,1.5,140,1.6,560,100,Olahan,Kue & Dessert,,7,Palmier Keju Stik Keju Palm,Cheese Palmier Stick · Palmier Keju Stik Keju Palm · 1 keping (7 g) · Nasional/Kue Kering · src:Recipe calc · conf:medium
idn-pisang-keju-cokelat,Pisang Keju Cokelat,285.0,4.5,13.0,38.0,20.0,1.8,70,0.6,160,100,Olahan,Kue & Dessert,,150,Pisang Coklat Keju Piscok Keju,Fried Banana With Cheese And Chocolate · Pisang Coklat Keju Piscok Keju · 1 porsi (150 g) · Nasional/Buah · src:Recipe calc · conf:medium
idn-portuguese-egg-tart,Portuguese Egg Tart,291.0,5.0,16.0,32.0,15.0,0.7,55,0.7,150,100,Olahan,Kue & Dessert,,55,Pastel De Nata Tart Telur Portugis,Portuguese Egg Tart · Pastel De Nata Tart Telur Portugis · 1 buah (55 g) · Nasional/Bolu & Cake · src:USDA analog · conf:medium
idn-profiterole-es-krim,Profiterole Es Krim,299.0,6.0,19.0,26.0,15.0,0.8,90,1.0,150,100,Olahan,Kue & Dessert,,60,Cream Puff Es Krim Profiterol,Ice Cream Profiterole · Cream Puff Es Krim Profiterol · 1 buah (60 g) · Nasional/Bolu & Cake · src:Recipe calc · conf:medium
idn-pudding-cake-karamel,Pudding Cake Karamel,200.0,4.5,8.0,28.0,22.0,0.2,85,0.4,100,100,Olahan,Kue & Dessert,,110,Custard Pudding Cake Puding Cake Karamel,Caramel Pudding Cake · Custard Pudding Cake Puding Cake Karamel · 1 potong (110 g) · Nasional/Bolu & Cake · src:Recipe calc · conf:medium
idn-puding-busa,Puding Busa,92.0,2.5,0.2,20.0,19.0,0.1,8,0.1,45,100,Olahan,Kue & Dessert,,80,Puding Buih Puding Busa Telur,Foamy Egg White Jelly Pudding · Puding Buih Puding Busa Telur · 1 potong · Nasional/Kue Basah · src:Recipe calc · conf:medium
idn-puding-cokelat-susu,Puding Cokelat Susu,118.0,2.8,3.0,20.0,18.0,0.3,70,0.3,50,100,Olahan,Kue & Dessert,,100,Puding Coklat Puding Susu Cokelat,Chocolate Milk Pudding · Puding Coklat Puding Susu Cokelat · 1 potong · Nasional/Kue Basah · src:Recipe calc · conf:high
idn-puding-lava-cokelat,Puding Lava Cokelat,195.0,3.5,8.0,28.0,22.0,0.8,80,0.6,70,100,Olahan,Kue & Dessert,,120,Puding Coklat Lava Puding Lumer Cokelat,Molten Chocolate Pudding Cup · Puding Coklat Lava Puding Lumer Cokelat · 1 cup (120 g) · Nasional/Kue Basah · src:Recipe calc · conf:medium
idn-puding-mangga-susu,Puding Mangga Susu,130.0,2.5,3.5,22.0,19.0,0.6,70,0.2,45,100,Olahan,Kue & Dessert,,120,Puding Mangga Puding Susu Mangga,Mango Milk Pudding · Puding Mangga Puding Susu Mangga · 1 cup (120 g) · Nasional/Buah · src:Recipe calc · conf:medium
idn-puding-regal,Puding Regal,175.0,3.2,6.5,26.0,19.0,0.5,90,0.5,90,100,Olahan,Kue & Dessert,,120,Puding Biskuit Regal Puding Susu Regal,Marie Biscuit Pudding · Puding Biskuit Regal Puding Susu Regal · 1 cup (120 g) · Nasional/Kue Basah · src:Recipe calc · conf:medium
idn-puding-roti-karamel,Puding Roti Karamel,215.0,5.0,7.0,33.0,21.0,0.8,90,0.8,160,100,Olahan,Kue & Dessert,,110,Bread Pudding Karamel Puding Roti,Caramel Bread Pudding · Bread Pudding Karamel Puding Roti · 1 potong (110 g) · Nasional/Kue Basah · src:Recipe calc · conf:medium
idn-puding-sutra-susu,Puding Sutra Susu,120.0,3.0,4.0,18.0,16.0,0.0,90,0.1,45,100,Olahan,Kue & Dessert,,120,Puding Sutera Silky Pudding Susu,Silky Milk Pudding · Puding Sutera Silky Pudding Susu · 1 cup (120 g) · Nasional/Kue Basah · src:Recipe calc · conf:medium
idn-pukis-keju,Pukis Keju,324.0,6.5,14.0,43.0,19.0,0.7,120,1.0,300,100,Olahan,Kue & Dessert,,60,Kue Pukis Keju Pukis Cheese,Cheese-Topped Griddled Yeast Cake · Kue Pukis Keju Pukis Cheese · 2 buah · Nasional/Kue Basah · src:Recipe calc · conf:medium
idn-putri-salju-kacang-mede,Putri Salju Kacang Mede,518.0,7.5,32.0,50.0,21.0,1.5,45,1.8,180,100,Olahan,Kue & Dessert,,40,Putri Salju Kacang Putri Salju Mede,Cashew Snow Crescent Cookie · Putri Salju Kacang Putri Salju Mede · 5 buah · Nasional/Kue Kering · src:Recipe calc · conf:medium
idn-putri-salju-keju,Putri Salju Keju,500.0,7.0,27.0,58.0,28.0,1.2,90,1.4,260,100,Olahan,Kue & Dessert,,8,Kue Putri Salju Keju Snow White Keju,Cheese Snow White Cookie · Kue Putri Salju Keju Snow White Keju · 1 keping (8 g) · Nasional/Kue Kering · src:Recipe calc · conf:medium
idn-putu-ayu,Putu Ayu,283.0,4.5,9.5,45.0,24.0,1.0,30,0.8,120,100,Olahan,Kue & Dessert,,45,Kue Putu Ayu Putri Ayu,Steamed Pandan Sponge With Grated Coconut · Kue Putu Ayu Putri Ayu · 1 buah · Nasional/Kue Basah · src:Recipe calc · conf:high
idn-rainbow-cake,Rainbow Cake,392.0,5.0,22.0,45.0,33.0,0.6,55,1.0,250,100,Olahan,Kue & Dessert,,100,Kue Pelangi Rainbow Layer Cake,Rainbow Layer Cake · Kue Pelangi Rainbow Layer Cake · 1 potong (100 g) · Nasional/Bolu & Cake · src:Recipe calc · conf:medium
idn-red-velvet-cake,Red Velvet Cake,387.0,5.0,21.0,45.0,32.0,1.0,55,1.2,240,100,Olahan,Kue & Dessert,,80,Cake Red Velvet Kue Red Velvet,Red Velvet Cream Cheese Cake · Cake Red Velvet Kue Red Velvet · 1 potong · Nasional/Bolu & Cake · src:USDA analog · conf:medium
idn-roll-cake-es-krim,Roll Cake Es Krim,282.0,4.5,13.0,37.0,26.0,0.6,80,0.9,140,100,Olahan,Kue & Dessert,,80,Bolu Gulung Es Krim Ice Cream Swiss Roll,Ice Cream Roll Cake · Bolu Gulung Es Krim Ice Cream Swiss Roll · 1 potong (80 g) · Nasional/Bolu & Cake · src:Recipe calc · conf:medium
idn-roll-cake-tiramisu,Roll Cake Tiramisu,330.0,5.5,18.0,37.0,25.0,0.8,60,1.1,170,100,Olahan,Kue & Dessert,,70,Bolu Gulung Tiramisu Swiss Roll Tiramisu,Tiramisu Roll Cake · Bolu Gulung Tiramisu Swiss Roll Tiramisu · 1 potong (70 g) · Nasional/Bolu & Cake · src:Recipe calc · conf:medium
idn-roti-kukus-cokelat,Roti Kukus Cokelat,318.0,5.5,8.5,55.0,30.0,1.2,45,1.4,160,100,Olahan,Kue & Dessert,,60,Bolu Kukus Cokelat Roti Kukus Coklat,Steamed Chocolate Cake · Bolu Kukus Cokelat Roti Kukus Coklat · 1 potong · Nasional/Kue Basah · src:Recipe calc · conf:medium
idn-roti-kukus-pandan,Roti Kukus Pandan,300.0,5.5,8.0,50.0,24.0,0.9,45,1.2,200,100,Olahan,Kue & Dessert,,55,Bolu Kukus Pandan Roti Roti Kukus Hijau,Steamed Pandan Sponge Bread · Bolu Kukus Pandan Roti Roti Kukus Hijau · 1 buah (55 g) · Nasional/Kue Basah · src:Recipe calc · conf:medium
idn-rujak-buah,Rujak Buah,75.0,0.9,0.4,18.0,14.0,2.0,22,0.5,180,100,Olahan,Kue & Dessert,,220,Rujak Buah Segar Rujak Manis Buah,Mixed Fresh Fruit Rujak · Rujak Buah Segar Rujak Manis Buah · 1 porsi (220 g) · Nasional/Kue Basah · src:Recipe calc · conf:high
idn-rujak-manis-bumbu-kacang,Rujak Manis Bumbu Kacang,95.0,1.8,1.8,19.0,15.0,2.2,26,0.6,220,100,Olahan,Kue & Dessert,,220,Rujak Bumbu Kacang Rujak Manis,Sweet Fruit Rujak With Peanut Sauce · Rujak Bumbu Kacang Rujak Manis · 1 porsi (220 g) · Nasional/Kacang & Biji · src:Recipe calc · conf:medium
idn-sagu-keju,Sagu Keju,482.0,5.5,24.0,61.0,22.0,0.6,130,0.8,350,100,Olahan,Kue & Dessert,,35,Bangkit Keju Kue Sagu Keju Sagu Keju Santan,Melt In Mouth Sago Cheese Cookie · Bangkit Keju Kue Sagu Keju Sagu Keju Santan · 6 buah · Nasional/Kue Kering · src:Recipe calc · conf:high
idn-salad-buah-saus-mayo,Salad Buah Saus Mayo,150.0,1.8,8.0,19.0,15.0,1.5,45,0.4,90,100,Olahan,Kue & Dessert,,200,Fruit Salad Mayo Salad Buah Salad Buah Mayonaise,Fruit Salad With Mayo Dressing · Fruit Salad Mayo Salad Buah Salad Buah Mayonaise · 1 cup (200 g) · Nasional/Sayur · src:Recipe calc · conf:medium
idn-shortbread,Shortbread,510.0,5.5,27.0,62.0,16.0,1.6,30,2.0,330,100,Olahan,Kue & Dessert,,30,Butter Shortbread Kue Shortbread,Shortbread Cookie · Butter Shortbread Kue Shortbread · 1 buah (30 g) · Nasional/Kue Kering · src:USDA analog · conf:high
idn-smoothie-bowl-buah,Smoothie Bowl Buah,110.0,2.5,2.5,20.0,14.0,2.5,60,0.6,25,100,Olahan,Kue & Dessert,,250,Bowl Smoothie Buah Smoothie Bowl,Fruit Smoothie Bowl · Bowl Smoothie Buah Smoothie Bowl · 1 mangkok (250 g) · Nasional/Es Krim & Dessert · src:Recipe calc · conf:medium
idn-soft-cookie-chocolate-chip,Soft Cookie Chocolate Chip,462.0,5.5,23.0,60.0,36.0,2.2,40,2.2,330,100,Olahan,Kue & Dessert,,40,Cookie Lembut Cokelat Soft Cookies Choco Chip,Soft Chocolate Chip Cookie · Cookie Lembut Cokelat Soft Cookies Choco Chip · 1 buah (40 g) · Nasional/Kue Kering · src:USDA analog · conf:high
idn-sorbet-mangga,Sorbet Mangga,130.0,0.5,0.2,33.0,29.0,0.6,10,0.2,10,100,Olahan,Kue & Dessert,,90,Es Sorbet Mangga Sorbet Buah Mangga,Mango Sorbet · Es Sorbet Mangga Sorbet Buah Mangga · 1 scoop (90 g) · Nasional/Buah · src:Recipe calc · conf:medium
idn-sponge-cake-vanila,Sponge Cake Vanila,290.0,6.5,9.0,46.0,26.0,0.7,45,1.3,210,100,Olahan,Kue & Dessert,,70,Bolu Spons Vanila Sponge Cake,Vanilla Sponge Cake · Bolu Spons Vanila Sponge Cake · 1 potong (70 g) · Nasional/Bolu & Cake · src:USDA analog · conf:high
idn-talam-ketan-srikaya,Talam Ketan Srikaya,233.0,3.2,8.0,37.0,16.0,0.8,28,0.7,60,100,Olahan,Kue & Dessert,,60,Kue Talam Ketan Srikaya Talam Sarikaya,Glutinous Rice Base With Coconut Custard Top · Kue Talam Ketan Srikaya Talam Sarikaya · 1 potong · Nasional/Buah · src:Recipe calc · conf:medium
idn-tart-buah,Tart Buah,291.0,4.0,14.0,38.0,22.0,1.5,55,0.9,120,100,Olahan,Kue & Dessert,,90,Fruit Tart Pai Buah,Fresh Fruit Tart · Fruit Tart Pai Buah · 1 buah (90 g) · Nasional/Bolu & Cake · src:Recipe calc · conf:medium
idn-terang-bulan-tipis-kering,Terang Bulan Tipis Kering,470.0,8.0,26.0,52.0,24.0,1.4,100,1.6,320,100,Olahan,Kue & Dessert,,60,Martabak Manis Tipker Martabak Tipis Kering,Thin Crisp Sweet Martabak · Martabak Manis Tipker Martabak Tipis Kering · 1 potong · Nasional/Martabak · src:Recipe calc · conf:medium
idn-tres-leches-cake,Tres Leches Cake,260.0,5.0,11.0,35.0,26.0,0.4,110,0.7,120,100,Olahan,Kue & Dessert,,110,Kue Tiga Susu Tres Leches,Tres Leches Cake · Kue Tiga Susu Tres Leches · 1 potong (110 g) · Nasional/Bolu & Cake · src:Recipe calc · conf:medium
idn-whipped-cream-manis,Whipped Cream Manis,257.0,3.2,22.2,12.5,12.5,0.0,101,0.0,130,100,Olahan,Kue & Dessert,,10,Krim Kocok Manis Whipped Cream Topping,Sweetened Whipped Cream · Krim Kocok Manis Whipped Cream Topping · 1 sdm topping (10 g) · Nasional/Roti & Pastry · src:USDA analog · conf:medium
idn-jaje-tujak,Jaje Tujak,185.0,3.0,5.0,31.0,2.0,1.2,15,0.6,60,100,Olahan,Kue & Dessert,,70,Jaje Tujak Lombok Jaje Tujaq,Sasak Pounded Glutinous Rice Cake With Coconut · Jaje Tujak Lombok Jaje Tujaq · 1 potong · Nusa Tenggara Barat/Kue Basah · src:Recipe calc · conf:medium
idn-manjareal,Manjareal,380.0,7.0,14.0,56.0,30.0,2.0,35,1.2,80,100,Olahan,Kue & Dessert,,25,Kue Manjareal Manjareal Sumbawa,Sumbawa Rice Flour & Peanut Tartlet · Kue Manjareal Manjareal Sumbawa · 1 buah · Nusa Tenggara Barat/Kue Kering · src:Recipe calc · conf:low
idn-poteng-jaje-tujak,Poteng Jaje Tujak,215.0,3.0,3.5,43.0,15.0,1.0,12,0.6,25,100,Olahan,Kue & Dessert,,80,Poteng Jaje Tujaq Poteng Lombok,Sasak Fermented Glutinous Rice With Rice Cake · Poteng Jaje Tujaq Poteng Lombok · 1 potong · Nusa Tenggara Barat/Kue Basah · src:Recipe calc · conf:medium
idn-manggulu,Manggulu,340.0,8.0,9.0,57.0,40.0,4.0,35,1.5,20,100,Olahan,Kue & Dessert,,30,Kue Manggulu Manggulu Sumba,Sumbanese Banana & Peanut Roll · Kue Manggulu Manggulu Sumba · 1 buah · Nusa Tenggara Timur/Kue Basah · src:Recipe calc · conf:low
idn-rebok,Rebok,430.0,4.0,18.0,63.0,22.0,3.5,25,1.2,30,100,Olahan,Kue & Dessert,,20,Rebhok Rebok Flores,Manggarai Roasted Cassava Flour & Coconut Snack · Rebhok Rebok Flores · 1 sdm · Nusa Tenggara Timur/Kacang & Biji · src:Recipe calc · conf:low
idn-kue-lontar,Kue Lontar,291.0,5.5,13.0,38.0,24.0,0.5,70,0.8,130,100,Olahan,Kue & Dessert,,80,Kue Lontar Papua Pie Susu Papua,Papuan Egg Custard Tart · Kue Lontar Papua Pie Susu Papua · 1 potong · Papua/Kue Basah · src:Recipe calc · conf:medium
idn-bolu-kemojo,Bolu Kemojo,300.0,5.0,13.0,41.0,24.0,0.8,35,1.0,120,100,Olahan,Kue & Dessert,,60,Bolu Kemojo Pekanbaru Bolu Kojo,Riau Pandan Coconut Cake · Bolu Kemojo Pekanbaru Bolu Kojo · 1 potong · Riau/Kue Basah · src:Recipe calc · conf:medium
idn-kue-bangkit,Kue Bangkit,430.0,3.0,12.0,76.0,26.0,0.6,25,0.7,80,100,Olahan,Kue & Dessert,,15,Kue Bangket Kuih Bangkit,Riau Sago Melt-In-Mouth Cookie · Kue Bangket Kuih Bangkit · 3 keping · Riau/Kue Kering · src:Recipe calc · conf:medium
idn-lempuk-durian,Lempuk Durian,340.0,2.5,4.0,72.0,55.0,3.0,20,0.8,20,100,Olahan,Kue & Dessert,,30,Dodol Durian Lempok Durian,Durian Fruit Toffee · Dodol Durian Lempok Durian · 1 potong · Riau/Buah · src:Recipe calc · conf:medium
idn-bolu-cukke,Bolu Cukke,400.0,6.0,18.0,53.0,26.0,0.8,30,1.2,110,100,Olahan,Kue & Dessert,,25,Bolu Cukke Bugis Bolu Cukkeh,Bugis Fried Sweet Sponge · Bolu Cukke Bugis Bolu Cukkeh · 1 buah (25 g) · Sulawesi Selatan/Bolu & Cake · src:Recipe calc · conf:low
idn-cucur-bayao,Cucur Bayao,355.0,7.0,16.0,46.0,33.0,0.5,40,2.0,70,100,Olahan,Kue & Dessert,,40,Cucuru Bayao Kue Bayao,Bugis Egg Yolk Cake In Sugar Syrup · Cucuru Bayao Kue Bayao · 1 buah · Sulawesi Selatan/Kue Basah · src:Recipe calc · conf:medium
idn-dange,Dange,300.0,2.5,9.0,53.0,12.0,2.0,15,0.8,40,100,Olahan,Kue & Dessert,,40,Dange Sagu Kue Dange,Bugis Sago & Coconut Griddle Cake · Dange Sagu Kue Dange · 1 buah · Sulawesi Selatan/Kue Basah · src:Recipe calc · conf:medium
idn-es-palu-butung,Es Palu Butung,155.0,2.0,3.0,30.0,20.0,1.4,25,0.4,45,100,Olahan,Kue & Dessert,,250,Es Pallubutung Pallu Butung,Banana In Sweet Rice-Flour Coconut Sauce · Es Pallubutung Pallu Butung · 1 porsi · Sulawesi Selatan/Es Krim & Dessert · src:Recipe calc · conf:medium
idn-es-pisang-ijo,Es Pisang Ijo,165.0,2.0,3.5,32.0,20.0,1.5,25,0.5,45,100,Olahan,Kue & Dessert,,250,Es Pisang Hijau Pisang Ijo,Green-Wrapped Banana In Sweet Coconut Sauce · Es Pisang Hijau Pisang Ijo · 1 porsi · Sulawesi Selatan/Buah · src:Recipe calc · conf:high
idn-katirisala,Katirisala,270.0,4.5,8.0,44.0,18.0,1.0,25,0.8,60,100,Olahan,Kue & Dessert,,50,Katirisala Bugis Kue Katirisala,Makassar Palm Sugar Sticky Rice Cake · Katirisala Bugis Kue Katirisala · 1 potong (50 g) · Sulawesi Selatan/Kue Basah · src:Recipe calc · conf:medium
idn-kue-baruasa,Kue Baruasa,430.0,5.0,18.0,62.0,26.0,2.0,25,1.2,90,100,Olahan,Kue & Dessert,,25,Baruasa Baruasa Bugis,Bugis Coconut Rice-Flour Cookie · Baruasa Baruasa Bugis · 1 buah · Sulawesi Selatan/Kue Kering · src:Recipe calc · conf:medium
idn-kue-biji-nangka,Kue Biji Nangka,320.0,5.5,10.0,51.0,34.0,1.0,30,1.4,50,100,Olahan,Kue & Dessert,,25,Biji Nangka Kue Biji Nangka Bugis,Bugis Egg Yolk & Sweet Potato Balls In Syrup · Biji Nangka Kue Biji Nangka Bugis · 1 buah · Sulawesi Selatan/Buah · src:Recipe calc · conf:medium
idn-kue-lapis-makassar,Kue Lapis Makassar,235.0,2.5,7.0,40.0,20.0,0.5,15,0.5,60,100,Olahan,Kue & Dessert,,60,Kue Lapis Sagu Makassar Lapis Makassar,Makassarese Steamed Layered Coconut Cake · Kue Lapis Sagu Makassar Lapis Makassar · 1 potong · Sulawesi Selatan/Kue Basah · src:Recipe calc · conf:medium
idn-kue-tetu,Kue Tetu,185.0,2.0,6.5,30.0,16.0,0.6,28,0.7,90,100,Olahan,Kue & Dessert,,50,Kue Perahu Tetu Kue Tetu Makassar Tetu,Makassar Palm Sugar Coconut Pandan Cup Cake · Kue Perahu Tetu Kue Tetu Makassar Tetu · 1 buah (50 g) · Sulawesi Selatan/Kue Basah · src:Recipe calc · conf:medium
idn-pisang-epe,Pisang Epe,190.0,1.5,1.5,43.0,28.0,2.2,15,0.6,15,100,Olahan,Kue & Dessert,,150,Pisang Ape Pisang Epek,Grilled Pressed Banana With Palm Sugar Sauce · Pisang Ape Pisang Epek · 1 porsi · Sulawesi Selatan/Buah · src:Recipe calc · conf:medium
idn-putu-cangkiri,Putu Cangkiri,230.0,3.0,5.0,43.0,16.0,1.5,15,0.7,30,100,Olahan,Kue & Dessert,,45,Kue Putu Cangkiri Putu Cangkir,Steamed Glutinous Rice Cake In Cup Mould · Kue Putu Cangkiri Putu Cangkir · 1 buah · Sulawesi Selatan/Kue Basah · src:Recipe calc · conf:medium
idn-roko-roko-unti,Roko-Roko Unti,215.0,2.5,7.5,34.0,18.0,2.2,18,0.7,35,100,Olahan,Kue & Dessert,,60,Barongko Unti Roko Roko Unti,Steamed Banana Roll With Coconut Filling · Barongko Unti Roko Roko Unti · 1 buah · Sulawesi Selatan/Kue Basah · src:Recipe calc · conf:medium
idn-sanggara-balanda,Sanggara Balanda,300.0,4.5,14.0,40.0,24.0,2.0,25,0.9,60,100,Olahan,Kue & Dessert,,80,Pisang Sanggara Balanda Sanggara Belanda,Fried Banana With Egg Custard Filling · Pisang Sanggara Balanda Sanggara Belanda · 1 buah · Sulawesi Selatan/Kue Basah · src:Recipe calc · conf:medium
idn-apang-bakar,Apang Bakar,265.0,3.5,7.5,46.0,22.0,1.3,30,1.0,120,100,Olahan,Kue & Dessert,,60,Apang Bakar Manado Apang Panggang,Baked Manado Palm Sugar Cake · Apang Bakar Manado Apang Panggang · 1 potong · Sulawesi Utara/Kue Basah · src:Recipe calc · conf:medium
idn-apang-coe,Apang Coe,217.0,2.5,3.5,44.0,20.0,1.2,25,0.9,90,100,Olahan,Kue & Dessert,,60,Apang Coe Manado Apang Manado,Steamed Palm Sugar Rice Cake · Apang Coe Manado Apang Manado · 1 potong · Sulawesi Utara/Kue Basah · src:Recipe calc · conf:medium
idn-bagea-kenari,Bagea Kenari,414.0,5.5,14.0,66.0,22.0,1.8,35,1.2,90,100,Olahan,Kue & Dessert,,40,Bagea Kue Bagea Kenari,Canarium Nut Sago Cookie · Bagea Kue Bagea Kenari · 2 buah · Sulawesi Utara/Kue Kering · src:Recipe calc · conf:medium
idn-brudel,Brudel,415.0,9.0,18.0,54.0,20.0,1.3,45,1.4,190,100,Olahan,Kue & Dessert,,70,Broeder Brudel Kismis Manado Brudel Manado Bruder Kue Brudel Kue Brudel Manado,Manado Raisin Butter Cake · Broeder Brudel Kismis Manado Brudel Manado Bruder Kue Brudel Kue Brudel Manado · 1 potong · Sulawesi Utara/Bolu & Cake · src:Recipe calc · conf:medium
idn-brudel-cokelat,Brudel Cokelat,420.0,7.2,24.0,43.0,26.0,1.4,70,1.9,225,100,Olahan,Kue & Dessert,,70,Broeder Cokelat Brudel Coklat Manado,Chocolate Brudel Cake · Broeder Cokelat Brudel Coklat Manado · 1 potong · Sulawesi Utara/Bolu & Cake · src:Recipe calc · conf:medium
idn-brudel-keju,Brudel Keju,385.0,8.5,19.5,44.0,19.0,1.2,110,1.4,300,100,Olahan,Kue & Dessert,,70,Broeder Keju Kue Brudel Keju,Cheese Brudel Cake · Broeder Keju Kue Brudel Keju · 1 potong · Sulawesi Utara/Bolu & Cake · src:Recipe calc · conf:medium
idn-brudel-kismis,Brudel Kismis,418.0,7.0,23.0,45.0,28.0,1.0,68,1.7,220,100,Olahan,Kue & Dessert,,70,Broeder Kismis Brudel Rum Kismis,Raisin Studded Brudel Cake · Broeder Kismis Brudel Rum Kismis · 1 potong · Sulawesi Utara/Buah · src:Recipe calc · conf:medium
idn-dodol-amurang,Dodol Amurang,384.0,2.5,10.0,71.0,45.0,1.0,25,1.2,60,100,Olahan,Kue & Dessert,,30,Dodol Kenari Amurang Dodol Manado,Amurang Coconut Palm Sugar Toffee · Dodol Kenari Amurang Dodol Manado · 1 potong · Sulawesi Utara/Kue Basah · src:Recipe calc · conf:medium
idn-halua-kenari,Halua Kenari,480.0,9.0,28.0,48.0,38.0,3.0,60,2.0,20,100,Olahan,Kue & Dessert,,30,Halua Kenari Ambon Halua Kenari Manado Kenari Gula Kenari Gula Merah,Candied Canarium Nuts · Halua Kenari Ambon Halua Kenari Manado Kenari Gula Kenari Gula Merah · 1 potong · Sulawesi Utara/Kacang & Biji · src:Recipe calc · conf:medium
idn-klappertaart-kukus,Klappertaart Kukus,216.0,3.8,12.5,22.0,15.0,1.0,75,0.5,110,100,Olahan,Kue & Dessert,,90,Klapertart Kukus Klapertart Tidak Dipanggang Klappertaart Lembut,Non-Baked Coconut Custard · Klapertart Kukus Klapertart Tidak Dipanggang Klappertaart Lembut · 1 cup · Sulawesi Utara/Kue Basah · src:Recipe calc · conf:high
idn-klappertaart-panggang,Klappertaart Panggang,245.0,4.5,14.5,24.0,16.0,1.2,70,0.6,130,100,Olahan,Kue & Dessert,,80,Klapertart Klapertart Panggang Klappertaart Klappertaart Oven,Baked Coconut Custard Tart · Klapertart Klapertart Panggang Klappertaart Klappertaart Oven · 1 potong · Sulawesi Utara/Kue Basah · src:Recipe calc · conf:high
idn-kolombeng,Kolombeng,390.0,7.0,9.5,69.0,33.0,1.0,40,1.3,150,100,Olahan,Kue & Dessert,,40,Kolombeng Manado Kue Kolombeng,Manado Sponge Cookie · Kolombeng Manado Kue Kolombeng · 2 buah · Sulawesi Utara/Sayuran · src:Recipe calc · conf:medium
idn-kue-balapis-manado,Kue Balapis Manado,250.0,2.2,7.5,43.5,19.0,0.9,22,0.6,85,100,Olahan,Kue & Dessert,,55,Balapis Balapis Manado,Manado Green Layer Cake · Balapis Balapis Manado · 1 potong · Sulawesi Utara/Kue Basah · src:Recipe calc · conf:medium
idn-kue-bobengka,Kue Bobengka,263.0,4.0,11.0,37.0,18.0,1.8,40,1.0,120,100,Olahan,Kue & Dessert,,70,Bubengka Kue Bubengka Manado,Baked Coconut Cassava Cake · Bubengka Kue Bubengka Manado · 1 potong · Sulawesi Utara/Kue Basah · src:Recipe calc · conf:medium
idn-kue-cucur-manado,Kue Cucur Manado,320.0,3.0,12.0,50.0,24.0,1.0,30,1.2,110,100,Olahan,Kue & Dessert,,50,Cucur Manado Cucur Manado Gula Merah,Manado Palm Sugar Fritter Cake · Cucur Manado Cucur Manado Gula Merah · 1 buah · Sulawesi Utara/Kue Basah · src:Recipe calc · conf:medium
idn-kue-lampu-lampu,Kue Lampu-Lampu,232.0,2.2,7.0,39.0,18.0,1.0,20,0.5,70,100,Olahan,Kue & Dessert,,45,Kue Lampu Lampu Lampu Lampu Manado,Steamed Pandan Coconut Cup Cake · Kue Lampu Lampu Lampu Lampu Manado · 1 buah · Sulawesi Utara/Kue Basah · src:Recipe calc · conf:medium
idn-kue-lapis-manado,Kue Lapis Manado,246.0,2.0,6.5,45.0,20.0,0.8,20,0.5,80,100,Olahan,Kue & Dessert,,55,Lapis Manado,Manado Steamed Layer Cake · Lapis Manado · 1 potong · Sulawesi Utara/Kue Basah · src:Recipe calc · conf:medium
idn-kue-perahu,Kue Perahu,328.0,4.5,13.0,48.0,22.0,1.2,35,1.0,120,100,Olahan,Kue & Dessert,,50,Kue Perahu Manado,Manado Boat-Shaped Cake · Kue Perahu Manado · 1 buah · Sulawesi Utara/Kue Basah · src:Recipe calc · conf:low
idn-kue-pia-manado,Kue Pia Manado,396.0,7.0,15.0,58.0,22.0,2.5,30,1.6,130,100,Olahan,Kue & Dessert,,40,Bakpia Manado Pia Manado,Manado Mung Bean Pastry · Bakpia Manado Pia Manado · 1 buah · Sulawesi Utara/Kue Kering · src:Recipe calc · conf:medium
idn-onde-onde-manado,Onde-Onde Manado,248.0,2.5,6.0,46.0,18.0,1.8,20,0.9,60,100,Olahan,Kue & Dessert,,35,Klepen Manado Onde Onde Manado,Manado Glutinous Rice Coconut Ball · Klepen Manado Onde Onde Manado · 1 buah · Sulawesi Utara/Kue Basah · src:Recipe calc · conf:medium
idn-sagu-tumbu,Sagu Tumbu,404.0,4.0,12.0,70.0,25.0,1.5,25,1.0,70,100,Olahan,Kue & Dessert,,45,Sagu Tumbu Maluku Sagu Tumbu Manado,Baked Sago And Canarium Nut Cake · Sagu Tumbu Maluku Sagu Tumbu Manado · 1 potong · Sulawesi Utara/Kue Kering · src:Recipe calc · conf:medium
idn-ampiang-dadiah,Ampiang Dadiah,169.0,4.0,5.0,27.0,17.0,0.8,90,1.0,60,100,Olahan,Kue & Dessert,,180,Ampiang Dadiah Bukittinggi Dadiah Ampiang,Flattened Rice With Buffalo Curd · Ampiang Dadiah Bukittinggi Dadiah Ampiang · 1 porsi · Sumatera Barat/Roti & Pastry · src:Recipe calc · conf:medium
idn-bika-koto-gadang,Bika Koto Gadang,264.0,3.0,12.0,36.0,18.0,2.0,30,1.0,70,100,Olahan,Kue & Dessert,,60,Bika Koto Gadang Bukittinggi Bika Minang Bika Padang,Grilled Coconut Rice Cake From Koto Gadang · Bika Koto Gadang Bukittinggi Bika Minang Bika Padang · 1 potong · Sumatera Barat/Kue Basah · src:Recipe calc · conf:medium
idn-bolu-batik-padang,Bolu Batik Padang,382.0,6.5,20.0,44.0,28.0,1.0,40,1.4,180,100,Olahan,Kue & Dessert,,55,Bolu Batik Minang Bolu Gulung Batik Padang,Padang Marbled Sponge Roll · Bolu Batik Minang Bolu Gulung Batik Padang · 1 potong · Sumatera Barat/Bolu & Cake · src:Recipe calc · conf:medium
idn-bubur-kampiun,Bubur Kampiun,157.0,3.0,5.0,25.0,14.0,1.4,40,1.0,90,100,Olahan,Kue & Dessert,,250,Bubua Kampiun Bubur Campur Padang,Minang Mixed Sweet Porridge · Bubua Kampiun Bubur Campur Padang · 1 mangkok · Sumatera Barat/Kue Basah · src:Recipe calc · conf:medium
idn-dadiah,Dadiah,101.8,5.2,7.0,4.5,4.0,0.0,130,0.2,55,100,Olahan,Kue & Dessert,,100,Dadiah Kerbau Minang Dadih,Fermented Buffalo Milk Curd · Dadiah Kerbau Minang Dadih · 1 ruas bambu · Sumatera Barat/Es Krim & Dessert · src:TKPI · conf:medium
idn-galamai,Galamai,332.0,2.5,10.0,58.0,40.0,1.0,30,1.4,55,100,Olahan,Kue & Dessert,,35,Dodol Minang Galamai Payakumbuh Kalamai,Minang Palm Sugar Coconut Toffee · Dodol Minang Galamai Payakumbuh Kalamai · 1 potong · Sumatera Barat/Kue Basah · src:Recipe calc · conf:medium
idn-katan-durian,Katan Durian,247.0,3.5,9.0,38.0,14.0,1.8,26,0.9,45,100,Olahan,Kue & Dessert,,150,Katan Durian Minang Ketan Durian Padang,Sticky Rice With Durian Coconut Sauce · Katan Durian Minang Ketan Durian Padang · 1 porsi · Sumatera Barat/Buah · src:Recipe calc · conf:medium
idn-kipang-kacang,Kipang Kacang,448.0,12.0,20.0,55.0,38.0,4.0,55,1.8,45,100,Olahan,Kue & Dessert,,35,Ampiang Kipang Kipang Kacang Minang,Peanut Palm Sugar Brittle · Ampiang Kipang Kipang Kacang Minang · 1 potong · Sumatera Barat/Kue Kering · src:Recipe calc · conf:medium
idn-kue-sapik,Kue Sapik,428.0,5.0,16.0,66.0,30.0,1.2,25,1.4,90,100,Olahan,Kue & Dessert,,30,Kue Kapik Kue Sepit Sapik Minang,Minang Crisp Folded Wafer · Kue Kapik Kue Sepit Sapik Minang · 3 buah · Sumatera Barat/Kue Kering · src:Recipe calc · conf:medium
idn-kue-talam-padang,Kue Talam Padang,200.0,2.5,6.0,34.0,16.0,0.8,26,0.6,90,100,Olahan,Kue & Dessert,,55,Kue Talam Minang Talam Padang,Padang Layered Coconut Talam Cake · Kue Talam Minang Talam Padang · 1 potong · Sumatera Barat/Kue Basah · src:Recipe calc · conf:medium
idn-lapek-bugih,Lapek Bugih,244.0,3.0,8.0,40.0,16.0,1.6,24,0.9,60,100,Olahan,Kue & Dessert,,60,Lapek Bugis Lepat Bugis Minang,Steamed Glutinous Rice Coconut Parcel · Lapek Bugis Lepat Bugis Minang · 1 buah · Sumatera Barat/Kue Basah · src:Recipe calc · conf:medium
idn-onde-onde-padang,Onde-Onde Padang,225.0,3.0,5.0,42.0,18.0,1.6,24,0.8,40,100,Olahan,Kue & Dessert,,55,Katan Inti Kue Ketan Berinti Onde-Onde Minang,Glutinous Balls With Palm Sugar Filling · Katan Inti Kue Ketan Berinti Onde-Onde Minang · 2 buah · Sumatera Barat/Kue Basah · src:Recipe calc · conf:medium
idn-wajik-minang,Wajik Minang,293.0,2.5,7.0,55.0,30.0,1.0,22,0.8,40,100,Olahan,Kue & Dessert,,50,Wajik Ketan Minang Wajik Padang,Minang Glutinous Rice Palm Sugar Cake · Wajik Ketan Minang Wajik Padang · 1 potong · Sumatera Barat/Kue Basah · src:Recipe calc · conf:medium
idn-bolu-kojo,Bolu Kojo,302.0,6.0,14.0,38.0,24.0,0.9,40,1.2,120,100,Olahan,Kue & Dessert,,60,Bolu Kemojo Palembang Bolu Kojo Palembang,Palembang Pandan Coconut Egg Cake · Bolu Kemojo Palembang Bolu Kojo Palembang · 1 potong · Sumatera Selatan/Bolu & Cake · src:Recipe calc · conf:medium
idn-engkak-ketan,Engkak Ketan,375.0,4.5,18.0,48.0,32.0,0.6,35,1.0,90,100,Olahan,Kue & Dessert,,50,Angkak Ketan Engkak Ketan Palembang,Palembang Glutinous Rice Butter Cake · Angkak Ketan Engkak Ketan Palembang · 1 potong · Sumatera Selatan/Kue Basah · src:Recipe calc · conf:medium
idn-kue-delapan-jam,Kue Delapan Jam,330.0,7.0,13.0,45.0,40.0,0.3,50,1.5,90,100,Olahan,Kue & Dessert,,50,Kue 8 Jam Kue Lapan Jam,Palembang Eight-Hour Steamed Egg Cake · Kue 8 Jam Kue Lapan Jam · 1 potong · Sumatera Selatan/Kue Basah · src:Recipe calc · conf:medium
idn-kue-maksuba,Kue Maksuba,380.0,7.5,20.0,42.0,36.0,0.3,55,1.6,110,100,Olahan,Kue & Dessert,,50,Kue Maksubah Maksuba,Palembang Layered Egg & Butter Cake · Kue Maksubah Maksuba · 1 potong · Sumatera Selatan/Kue Basah · src:Recipe calc · conf:medium
idn-srikaya-palembang,Srikaya Palembang,210.0,5.0,9.0,27.0,24.0,0.3,45,0.8,70,100,Olahan,Kue & Dessert,,60,Kue Srikaya Srikayo Palembang,Palembang Steamed Coconut Egg Custard · Kue Srikaya Srikayo Palembang · 1 potong · Sumatera Selatan/Buah · src:Recipe calc · conf:medium
idn-bika-ambon-zebra,Bika Ambon Zebra,320.0,5.0,12.0,48.0,26.0,0.8,45,1.0,130,100,Olahan,Kue & Dessert,,60,Bika Ambon Cokelat Bika Zebra Medan,Marbled Chocolate Honeycomb Cake · Bika Ambon Cokelat Bika Zebra Medan · 1 potong (60 g) · Sumatera Utara/Kue Basah · src:Recipe calc · conf:medium
idn-bolu-gulung-meranti,Bolu Gulung Meranti,350.0,6.0,16.0,45.0,28.0,0.6,40,1.0,150,100,Olahan,Kue & Dessert,,60,Bolu Gulung Medan Bolu Meranti,Medan Swiss Roll Cake · Bolu Gulung Medan Bolu Meranti · 1 potong · Sumatera Utara/Kue Basah · src:Recipe calc · conf:medium
idn-dodol-durian-medan,Dodol Durian Medan,360.0,2.5,8.0,70.0,45.0,2.0,25,1.0,25,100,Olahan,Kue & Dessert,,30,Dodol Duren Lempok Dodol Durian,Durian Dodol Toffee · Dodol Duren Lempok Dodol Durian · 1 potong (30 g) · Sumatera Utara/Buah · src:Recipe calc · conf:medium
idn-itak-gurgur,Itak Gurgur,280.0,3.5,8.0,48.0,20.0,2.0,22,0.9,40,100,Olahan,Kue & Dessert,,60,Itak Gur-Gur Itak Gurgur Batak,Batak Rice Flour & Palm Sugar Mound · Itak Gur-Gur Itak Gurgur Batak · 1 buah · Sumatera Utara/Kue Basah · src:Recipe calc · conf:low
idn-klepon-durian,Klepon Durian,215.0,2.2,5.5,38.0,17.0,1.2,20,0.6,35,100,Olahan,Kue & Dessert,,90,Klepon Duren Klepon Isi Durian,Durian Filled Glutinous Rice Ball · Klepon Duren Klepon Isi Durian · 1 porsi 5 buah (90 g) · Sumatera Utara/Buah · src:Recipe calc · conf:medium
idn-lapet,Lapet,255.0,3.2,7.0,45.0,18.0,2.0,20,0.8,40,100,Olahan,Kue & Dessert,,70,Lampet Lapet Batak,Batak Steamed Glutinous Rice Cake · Lampet Lapet Batak · 1 buah · Sumatera Utara/Kue Basah · src:Recipe calc · conf:medium
idn-lapis-legit-medan,Lapis Legit Medan,425.0,6.0,26.0,42.0,28.0,0.5,35,1.2,110,100,Olahan,Kue & Dessert,,40,Kue Lapis Legit Spekkoek,Medan Thousand-Layer Spice Cake · Kue Lapis Legit Spekkoek · 1 potong · Sumatera Utara/Kue Basah · src:FatSecret ID · conf:high
idn-ombus-ombus,Ombus-Ombus,245.0,3.0,6.5,44.0,17.0,1.8,20,0.8,45,100,Olahan,Kue & Dessert,,50,Lampet Ombus Ombus Ombus Siborongborong,Batak Steamed Rice Cake With Palm Sugar · Lampet Ombus Ombus Ombus Siborongborong · 1 buah · Sumatera Utara/Kue Basah · src:Recipe calc · conf:medium
idn-pancake-durian-medan,Pancake Durian Medan,240.0,3.0,14.0,25.0,15.0,1.5,30,0.6,45,100,Olahan,Kue & Dessert,,50,Crepe Durian Medan Pancake Durian,Medan Durian Cream Crepe · Crepe Durian Medan Pancake Durian · 1 buah · Sumatera Utara/Buah · src:Recipe calc · conf:medium
idn-talam-durian,Talam Durian,215.0,2.2,8.0,33.5,18.0,1.2,18,0.5,45,100,Olahan,Kue & Dessert,,55,Kue Talam Durian Talam Duren,Durian Coconut Steamed Talam · Kue Talam Durian Talam Duren · 1 potong (55 g) · Sumatera Utara/Buah · src:Recipe calc · conf:medium
idn-ayam-tangkap,Ayam Tangkap,265.0,22.0,18.0,3.0,0.5,1.0,25,1.5,380,100,Olahan,Lauk Pauk,,150,Ayam Sampah Ayam Tangkap Aceh,Acehnese Fried Chicken With Crisp Herbs · Ayam Sampah Ayam Tangkap Aceh · 1 porsi · Aceh/Ayam · src:Recipe calc · conf:high
idn-ikan-asam-keueng,Ikan Asam Keueng,95.0,14.0,3.0,2.5,1.0,0.5,38,1.0,420,100,Olahan,Lauk Pauk,,150,Asam Keueng Eungkot Asam Keueng Masam Keueng,Acehnese Sour Spicy Fish Stew · Asam Keueng Eungkot Asam Keueng Masam Keueng · 1 porsi (150 g) · Aceh/Ikan · src:Recipe calc · conf:medium
idn-sate-matang,Sate Matang,215.0,25.0,11.0,4.0,2.5,0.3,18,2.5,450,100,Olahan,Lauk Pauk,,140,Sate Matang Bireuen,Acehnese Sate Matang · Sate Matang Bireuen · 10 tusuk (tanpa kuah) · Aceh/Sate · src:Recipe calc · conf:medium
idn-sie-itek-aceh,Sie Itek Aceh,200.0,14.0,15.0,3.0,1.2,0.8,25,2.0,430,100,Olahan,Lauk Pauk,,150,Gulai Bebek Aceh Sie Itek,Acehnese Duck Curry · Gulai Bebek Aceh Sie Itek · 1 porsi · Aceh/Bebek & Unggas · src:Recipe calc · conf:medium
idn-sie-reuboh,Sie Reuboh,245.0,20.0,17.0,3.0,1.0,0.6,18,2.6,480,100,Olahan,Lauk Pauk,,120,Daging Reuboh Sie Reuboh Aceh Besar,Acehnese Vinegar-Braised Beef · Daging Reuboh Sie Reuboh Aceh Besar · 1 porsi · Aceh/Daging Sapi · src:Recipe calc · conf:medium
idn-ayam-betutu,Ayam Betutu,200.0,17.0,13.5,3.5,1.0,1.2,25,1.6,480,100,Olahan,Lauk Pauk,,150,Ayam Betutu Gilimanuk Betutu Ayam,Balinese Slow-Cooked Spiced Chicken · Ayam Betutu Gilimanuk Betutu Ayam · 1 porsi · Bali/Ayam · src:FatSecret ID · conf:high
idn-be-pasih-mesambel-matah,Be Pasih Mesambel Matah,195.0,20.0,12.0,2.0,1.0,0.8,30,1.0,400,100,Olahan,Lauk Pauk,,150,Be Pasih Matah Ikan Sambal Matah,Balinese Fish With Raw Shallot Lemongrass Sambal · Be Pasih Matah Ikan Sambal Matah · 1 porsi · Bali/Ikan · src:Recipe calc · conf:medium
idn-bebek-betutu,Bebek Betutu,245.0,16.0,19.0,3.5,1.0,1.2,25,2.4,470,100,Olahan,Lauk Pauk,,150,Bebek Betutu Bali Betutu Bebek,Balinese Slow-Cooked Spiced Duck · Bebek Betutu Bali Betutu Bebek · 1 porsi · Bali/Bebek & Unggas · src:Recipe calc · conf:medium
idn-ikan-bakar-jimbaran,Ikan Bakar Jimbaran,170.0,23.0,6.5,4.0,2.5,0.5,45,1.3,480,100,Olahan,Lauk Pauk,,180,Ikan Bakar Bali Ikan Bakar Sambal Jimbaran,Jimbaran-Style Grilled Fish · Ikan Bakar Bali Ikan Bakar Sambal Jimbaran · 1 ekor sedang · Bali/Ikan · src:Recipe calc · conf:medium
idn-lawar-merah-babi,Lawar Merah Babi,210.0,10.0,16.0,7.0,2.0,2.5,35,2.2,400,100,Olahan,Lauk Pauk,,100,Lawar Babi Merah Lawar Barak,Balinese Minced Pork Salad With Blood · Lawar Babi Merah Lawar Barak · 1 porsi · Bali/Babi · src:Recipe calc · conf:medium
idn-lawar-putih-ayam,Lawar Putih Ayam,175.0,11.0,12.0,6.0,2.0,2.5,35,1.6,380,100,Olahan,Lauk Pauk,,100,Lawar Ayam Lawar Putih,Balinese White Minced Chicken & Coconut Salad · Lawar Ayam Lawar Putih · 1 porsi · Bali/Ayam · src:Recipe calc · conf:medium
idn-sate-kakul,Sate Kakul,145.0,14.0,7.5,5.5,2.5,1.0,120,3.5,460,100,Olahan,Lauk Pauk,,80,Sate Kakul Bali Sate Keong Bali,Balinese Snail Satay · Sate Kakul Bali Sate Keong Bali · 1 porsi · Bali/Sate · src:Recipe calc · conf:low
idn-sate-lilit-ayam,Sate Lilit Ayam,230.0,18.0,15.5,4.0,1.5,1.5,35,1.2,440,100,Olahan,Lauk Pauk,,80,Sate Lilit Ayam Bali,Balinese Minced Chicken Satay On Lemongrass · Sate Lilit Ayam Bali · 1 porsi (4 tusuk) · Bali/Sate · src:Recipe calc · conf:medium
idn-sate-lilit-babi,Sate Lilit Babi,275.0,15.0,22.0,4.0,1.5,1.5,30,1.2,440,100,Olahan,Lauk Pauk,,80,Sate Lilit Be Celeng,Balinese Minced Pork Satay On Lemongrass · Sate Lilit Be Celeng · 1 porsi (4 tusuk) · Bali/Sate · src:Recipe calc · conf:medium
idn-sate-lilit-ikan,Sate Lilit Ikan,255.0,19.5,18.0,3.5,1.5,1.5,45,1.4,450,100,Olahan,Lauk Pauk,,80,Sate Lilit Bali Sate Lilit Tuna,Balinese Minced Fish Satay On Lemongrass · Sate Lilit Bali Sate Lilit Tuna · 1 porsi (4 tusuk) · Bali/Sate · src:FatSecret ID · conf:high
idn-sate-plecing,Sate Plecing,215.0,18.0,14.0,4.5,2.0,1.0,20,1.4,480,100,Olahan,Lauk Pauk,,100,Sate Bumbu Plecing Sate Plecing Bali,Balinese Satay With Spicy Tomato Chilli Sauce · Sate Bumbu Plecing Sate Plecing Bali · 1 porsi · Bali/Buah · src:Recipe calc · conf:medium
idn-sate-susu-bali,Sate Susu Bali,180.0,16.0,11.0,4.0,2.2,0.6,20,1.5,460,100,Olahan,Lauk Pauk,,120,Sate Ambu Bali Sate Susu,Balinese Cow Udder Satay · Sate Ambu Bali Sate Susu · 8 tusuk (120 g) · Bali/Roti & Pastry · src:Recipe calc · conf:medium
idn-timbungan,Timbungan,155.0,13.0,10.5,2.5,0.8,1.0,20,1.8,420,100,Olahan,Lauk Pauk,,200,Timbung Timbungan Bali,Balinese Meat Stew Cooked In Bamboo · Timbung Timbungan Bali · 1 porsi · Bali/Roti & Pastry · src:Recipe calc · conf:low
idn-tum-ayam,Tum Ayam,180.0,15.0,12.0,3.5,1.0,1.0,20,1.2,430,100,Olahan,Lauk Pauk,,60,Pepes Tum Ayam Tum Ayam Bali,Balinese Steamed Minced Chicken In Banana Leaf · Pepes Tum Ayam Tum Ayam Bali · 1 bungkus · Bali/Ayam · src:Recipe calc · conf:medium
idn-tum-babi,Tum Babi,235.0,13.5,18.5,3.5,1.0,1.0,18,1.2,430,100,Olahan,Lauk Pauk,,60,Tum Babi Bali Tum Be Celeng,Balinese Steamed Minced Pork In Banana Leaf · Tum Babi Bali Tum Be Celeng · 1 bungkus · Bali/Babi · src:Recipe calc · conf:medium
idn-pecak-bandeng-banten,Pecak Bandeng Banten,168.0,16.0,10.0,3.5,1.4,0.7,55,1.6,450,100,Olahan,Lauk Pauk,,120,Bandeng Pecak Serang Pecak Bandeng,Banten Grilled Milkfish In Chilli Sauce · Bandeng Pecak Serang Pecak Bandeng · 1 potong · Banten/Ikan · src:Recipe calc · conf:medium
idn-rabeg-banten,Rabeg Banten,188.0,15.0,12.0,5.0,3.5,0.4,25,2.2,520,100,Olahan,Lauk Pauk,,120,Rabeg Kambing Rabeg Sultan Banten,Banten Sweet-Spiced Goat Stew · Rabeg Kambing Rabeg Sultan Banten · 1 porsi · Banten/Daging Sapi · src:Recipe calc · conf:low
idn-sate-bandeng-banten,Sate Bandeng Banten,195.0,16.0,12.0,5.5,2.0,0.4,65,1.8,420,100,Olahan,Lauk Pauk,,200,Sate Bandeng Sate Bandeng Serang,Banten Deboned Stuffed Milkfish Satay · Sate Bandeng Sate Bandeng Serang · 1 ekor · Banten/Sate · src:Recipe calc · conf:medium
idn-sate-bebek-cibeber,Sate Bebek Cibeber,232.0,21.0,14.0,5.0,3.6,0.3,20,2.4,470,100,Olahan,Lauk Pauk,,90,Sate Bebek Banten Sate Bebek Cilegon,Cibeber Duck Satay · Sate Bebek Banten Sate Bebek Cilegon · 5 tusuk · Banten/Sate · src:Recipe calc · conf:low
idn-bagar-hiu,Bagar Hiu,165.0,16.0,10.0,3.0,1.0,1.0,30,1.4,440,100,Olahan,Lauk Pauk,,180,Bagar Hiu Bengkulu Gulai Hiu,Bengkulu Shark Curry With Toasted Coconut · Bagar Hiu Bengkulu Gulai Hiu · 1 porsi · Bengkulu/Kue Basah · src:Recipe calc · conf:low
idn-pendap,Pendap,155.0,11.0,10.0,5.0,1.5,1.8,70,1.6,430,100,Olahan,Lauk Pauk,,150,Ikan Pais Bengkulu Pendap Bengkulu,Bengkulu Fish Steamed In Taro Leaf · Ikan Pais Bengkulu Pendap Bengkulu · 1 bungkus · Bengkulu/Ikan · src:Recipe calc · conf:medium
idn-ayam-areh,Ayam Areh,250.0,15.0,20.0,3.0,1.5,0.5,32,1.1,410,100,Olahan,Lauk Pauk,,90,Areh Ayam Ayam Kuah Areh Opor Areh,Chicken In Thick Coconut Cream · Areh Ayam Ayam Kuah Areh Opor Areh · 1 potong + kuah · DI Yogyakarta/Ayam · src:Recipe calc · conf:medium
idn-ayam-goreng-kalasan,Ayam Goreng Kalasan,235.0,22.0,15.0,3.0,2.0,0.2,20,1.2,460,100,Olahan,Lauk Pauk,,100,Ayam Goreng Klaten Ayam Kalasan,Kalasan Sweet Braised Fried Chicken · Ayam Goreng Klaten Ayam Kalasan · 1 potong · DI Yogyakarta/Ayam · src:Recipe calc · conf:high
idn-gudeg-basah,Gudeg Basah,125.0,3.0,5.0,17.0,9.0,2.5,45,1.2,340,100,Olahan,Lauk Pauk,,100,Gudeg Jogja Gudeg Nangka Gudheg Basah,Wet Jackfruit Stew · Gudeg Jogja Gudeg Nangka Gudheg Basah · 1 porsi · DI Yogyakarta/Lauk Lain · src:Recipe calc · conf:high
idn-gudeg-kering,Gudeg Kering,205.0,3.5,9.5,26.0,17.0,3.0,55,1.5,430,100,Olahan,Lauk Pauk,,90,Gudeg Kaleng Gudeg Wijilan Gudheg Kering,Dry Jackfruit Stew · Gudeg Kaleng Gudeg Wijilan Gudheg Kering · 1 porsi · DI Yogyakarta/Lauk Lain · src:Recipe calc · conf:high
idn-ingkung-ayam,Ingkung Ayam,232.0,18.0,16.5,3.0,1.2,0.4,28,1.3,380,100,Olahan,Lauk Pauk,,100,Ayam Ingkung Ingkung Ayam Kampung Ingkung Jawa,Whole Braised Coconut Chicken · Ayam Ingkung Ingkung Ayam Kampung Ingkung Jawa · 1 potong · DI Yogyakarta/Ayam · src:Recipe calc · conf:medium
idn-mangut-lele,Mangut Lele,155.0,15.0,9.0,3.5,1.4,0.6,32,1.4,500,100,Olahan,Lauk Pauk,,110,Lele Mangut Mangut Lele Jogja,Smoked Catfish In Spicy Coconut Gravy · Lele Mangut Mangut Lele Jogja · 1 ekor + kuah · DI Yogyakarta/Ikan · src:Recipe calc · conf:medium
idn-oseng-mercon,Oseng Mercon,196.0,14.0,14.0,3.5,1.6,0.8,26,2.2,700,100,Olahan,Lauk Pauk,,100,Mercon Jogja Oseng-Oseng Mercon,Fiery Beef Offal Stir-Fry · Mercon Jogja Oseng-Oseng Mercon · 1 porsi · DI Yogyakarta/Sayur · src:Recipe calc · conf:medium
idn-sambal-goreng-krecek,Sambal Goreng Krecek,228.0,9.0,16.0,12.0,5.0,2.0,40,1.6,620,100,Olahan,Lauk Pauk,,60,Krecek Krecek Tolo Sambel Goreng Krecek,Beef Rind & Cowpea Sambal · Krecek Krecek Tolo Sambel Goreng Krecek · 1 sendok sayur · DI Yogyakarta/Gorengan · src:Recipe calc · conf:high
idn-sambal-goreng-krecek-warteg,Sambal Goreng Krecek Warteg,205.0,9.0,13.0,13.0,4.0,2.2,45,1.6,520,100,Olahan,Lauk Pauk,,50,Krecek Warteg Sambal Krecek Tolo,Beef Skin Crackling And Cowpea In Chili Coconut · Krecek Warteg Sambal Krecek Tolo · 1 sendok sayur (50 g) · DI Yogyakarta/Daging Sapi · src:Recipe calc · conf:medium
idn-sate-klathak,Sate Klathak,203.0,22.0,12.5,0.5,0.2,0.0,16,2.5,380,100,Olahan,Lauk Pauk,,90,Sate Klatak Sate Klathak Imogiri,Salt-Grilled Mutton Satay · Sate Klatak Sate Klathak Imogiri · 2 tusuk · DI Yogyakarta/Sate · src:Recipe calc · conf:high
idn-gabus-pucung,Gabus Pucung,108.0,12.0,5.5,3.0,0.8,0.5,30,1.2,450,100,Olahan,Lauk Pauk,,150,Gabus Pucung Betawi Pucung Gabus,Snakehead Fish In Black Keluak Broth · Gabus Pucung Betawi Pucung Gabus · 1 porsi · DKI Jakarta/Ikan · src:Recipe calc · conf:medium
idn-pecak-gurame,Pecak Gurame,145.0,15.0,8.0,3.0,1.2,0.6,40,1.2,420,100,Olahan,Lauk Pauk,,120,Gurame Pecak Pecak Ikan Gurame,Grilled Carp In Chilli Coconut Sauce · Gurame Pecak Pecak Ikan Gurame · 1 potong · DKI Jakarta/Ikan · src:Recipe calc · conf:medium
idn-pindang-bandeng-betawi,Pindang Bandeng Betawi,132.0,14.0,7.0,3.5,2.0,0.3,50,1.4,470,100,Olahan,Lauk Pauk,,120,Bandeng Pindang Betawi Pindang Bandeng,Milkfish In Sour Soy Broth · Bandeng Pindang Betawi Pindang Bandeng · 1 potong + kuah · DKI Jakarta/Ikan · src:Recipe calc · conf:medium
idn-sate-ayam-bumbu-kacang-jakarta,Sate Ayam Bumbu Kacang Jakarta,222.0,19.0,13.5,6.5,4.0,1.0,25,1.4,460,100,Olahan,Lauk Pauk,,100,Sate Ayam Bumbu Kacang Sate Ayam Jakarta,Jakarta Chicken Satay With Peanut Sauce · Sate Ayam Bumbu Kacang Sate Ayam Jakarta · 5 tusuk + bumbu · DKI Jakarta/Sate · src:Recipe calc · conf:high
idn-semur-daging-betawi,Semur Daging Betawi,196.0,16.0,11.5,7.0,5.0,0.3,20,2.4,520,100,Olahan,Lauk Pauk,,100,Semur Betawi Semur Daging Sapi,Betawi Beef In Sweet Soy Stew · Semur Betawi Semur Daging Sapi · 1 porsi · DKI Jakarta/Daging Sapi · src:Recipe calc · conf:high
idn-semur-jengkol-betawi,Semur Jengkol Betawi,158.0,5.5,5.0,22.0,6.0,4.0,30,1.5,480,100,Olahan,Lauk Pauk,,100,Jengkol Semur Semur Jengkol,Braised Dogfruit In Sweet Soy · Jengkol Semur Semur Jengkol · 1 porsi · DKI Jakarta/Sayuran · src:Recipe calc · conf:medium
idn-semur-tahu-kentang,Semur Tahu Kentang,128.0,5.5,6.5,12.0,4.5,1.2,90,1.4,450,100,Olahan,Lauk Pauk,,100,Semur Kentang Tahu Semur Tahu,Tofu & Potato In Sweet Soy Stew · Semur Kentang Tahu Semur Tahu · 1 porsi · DKI Jakarta/Tahu & Tempe · src:Recipe calc · conf:medium
idn-ayam-iloni,Ayam Iloni,215.0,19.0,14.0,3.5,2.0,0.5,22,1.1,440,100,Olahan,Lauk Pauk,,120,Ayam Panggang Iloni Iloni Ayam,Gorontalo Grilled Coconut Chicken · Ayam Panggang Iloni Iloni Ayam · 1 potong · Gorontalo/Ayam · src:Recipe calc · conf:medium
idn-bilenthango,Bilenthango,185.0,21.0,9.5,3.5,1.5,0.7,30,1.4,430,100,Olahan,Lauk Pauk,,150,Ikan Bilenthango Ilabulo Bilenthango,Gorontalo Pan-Grilled Chili Fish · Ikan Bilenthango Ilabulo Bilenthango · 1 ekor sedang · Gorontalo/Ikan · src:Recipe calc · conf:medium
idn-ikan-nike-goreng,Ikan Nike Goreng,210.0,20.0,13.0,2.0,0.2,0.1,350,2.5,400,100,Olahan,Lauk Pauk,,80,Nike Goreng,Fried Nike Whitebait · Nike Goreng · 1 porsi · Gorontalo/Ikan · src:Recipe calc · conf:medium
idn-sate-tuna-gorontalo,Sate Tuna Gorontalo,164.0,22.0,6.0,5.0,3.0,0.3,20,1.5,450,100,Olahan,Lauk Pauk,,100,Sate Ikan Gorontalo Sate Tuna,Gorontalo Tuna Satay · Sate Ikan Gorontalo Sate Tuna · 5 tusuk · Gorontalo/Sate · src:Recipe calc · conf:medium
idn-gulai-ikan-baung,Gulai Ikan Baung,130.0,12.5,8.0,3.0,1.0,0.8,35,1.0,420,100,Olahan,Lauk Pauk,,200,Gulai Baung Gulai Ikan Baung Jambi,Jambi Baung Catfish Coconut Curry · Gulai Baung Gulai Ikan Baung Jambi · 1 porsi · Jambi/Ikan · src:Recipe calc · conf:medium
idn-gulai-tempoyak-ikan-patin,Gulai Tempoyak Ikan Patin,140.0,10.0,8.5,6.5,3.0,1.2,30,1.0,430,100,Olahan,Lauk Pauk,,200,Gulai Patin Tempoyak Patin Tempoyak,Catfish Curry With Fermented Durian · Gulai Patin Tempoyak Patin Tempoyak · 1 porsi · Jambi/Ikan · src:Recipe calc · conf:medium
idn-gulai-tepek-ikan,Gulai Tepek Ikan,150.0,9.0,8.0,11.0,2.0,0.8,32,1.0,500,100,Olahan,Lauk Pauk,,150,Gulai Tepek Tepek Ikan,Jambi Fish Cake Coconut Curry · Gulai Tepek Tepek Ikan · 1 porsi (150 g) · Jambi/Ikan · src:Recipe calc · conf:medium
idn-ati-ampela-semur-warteg,Ati Ampela Semur Warteg,176.0,17.0,8.0,9.0,6.0,0.3,15,6.5,520,100,Olahan,Lauk Pauk,,45,Ati Ampela Kecap Warteg Semur Ati Ampela,Braised Chicken Liver And Gizzard In Sweet Soy · Ati Ampela Kecap Warteg Semur Ati Ampela · 1 potong (45 g) · Jawa/Daging Sapi · src:Recipe calc · conf:high
idn-ayam-kecap-warteg,Ayam Kecap Warteg,203.0,17.0,11.5,8.0,6.0,0.3,20,1.2,560,100,Olahan,Lauk Pauk,,60,Ayam Kecap Manis Warteg Ayam Masak Kecap,Chicken In Sweet Soy Sauce Warteg Style · Ayam Kecap Manis Warteg Ayam Masak Kecap · 1 potong (60 g) · Jawa/Ayam · src:Recipe calc · conf:high
idn-ayam-semur-warteg,Ayam Semur Warteg,195.0,16.0,11.0,8.0,6.0,0.3,20,1.3,480,100,Olahan,Lauk Pauk,,60,Ayam Kecap Semur Semur Ayam Warteg,Braised Chicken In Sweet Soy Warteg Style · Ayam Kecap Semur Semur Ayam Warteg · 1 potong (60 g) · Jawa/Ayam · src:Recipe calc · conf:high
idn-ayam-suwir-kecap,Ayam Suwir Kecap,185.0,19.0,9.0,7.0,5.0,0.4,22,1.3,580,100,Olahan,Lauk Pauk,,45,Ayam Suwir Warteg Suwiran Ayam Kecap,Shredded Chicken In Sweet Soy · Ayam Suwir Warteg Suwiran Ayam Kecap · 1 sendok sayur (45 g) · Jawa/Ayam · src:Recipe calc · conf:high
idn-ayam-ungkep-goreng-warteg,Ayam Ungkep Goreng Warteg,248.0,22.0,16.0,4.0,1.0,0.4,18,1.4,480,100,Olahan,Lauk Pauk,,70,Ayam Goreng Warteg Ayam Ungkep Warteg,Spice Marinated Fried Chicken Warteg Style · Ayam Goreng Warteg Ayam Ungkep Warteg · 1 potong (70 g) · Jawa/Ayam · src:Recipe calc · conf:high
idn-kentang-mustofa,Kentang Mustofa,476.0,4.5,26.0,56.0,8.0,3.5,25,1.4,600,100,Olahan,Lauk Pauk,,25,Kentang Mustofa Pedas Kering Kentang Mustofa,Crispy Matchstick Potato With Chili · Kentang Mustofa Pedas Kering Kentang Mustofa · 1 sendok makan (25 g) · Jawa/Serealia & Umbi · src:Recipe calc · conf:medium
idn-kering-kentang-teri,Kering Kentang Teri,456.0,8.0,24.0,52.0,12.0,3.0,90,1.8,800,100,Olahan,Lauk Pauk,,25,Kentang Kering Teri Kering Kentang Warteg,Crispy Potato Sticks With Anchovy · Kentang Kering Teri Kering Kentang Warteg · 1 sendok makan (25 g) · Jawa/Ikan · src:Recipe calc · conf:medium
idn-opor-tahu-telur-warteg,Opor Tahu Telur Warteg,164.0,9.0,12.0,5.0,2.0,0.8,90,1.5,420,100,Olahan,Lauk Pauk,,70,Opor Tahu Telur Opor Warteg Tahu Telur,Tofu And Egg In Mild Coconut Curry · Opor Tahu Telur Opor Warteg Tahu Telur · 1 sendok sayur (70 g) · Jawa/Telur · src:Recipe calc · conf:medium
idn-oseng-kikil-kecap,Oseng Kikil Kecap,196.0,14.0,10.0,12.0,7.0,0.6,25,1.2,560,100,Olahan,Lauk Pauk,,50,Oseng Kikil Warteg Tumis Kikil Kecap,Stir Fried Beef Tendon In Sweet Soy · Oseng Kikil Warteg Tumis Kikil Kecap · 1 sendok sayur (50 g) · Jawa/Daging Sapi · src:Recipe calc · conf:medium
idn-oseng-tempe-cabe-ijo,Oseng Tempe Cabe Ijo,232.0,13.0,14.0,13.0,4.0,3.6,95,2.2,520,100,Olahan,Lauk Pauk,,50,Oseng Tempe Lombok Ijo Tumis Tempe Cabe Hijau,Stir Fried Tempeh With Green Chili · Oseng Tempe Lombok Ijo Tumis Tempe Cabe Hijau · 1 sendok sayur (50 g) · Jawa/Tahu & Tempe · src:Recipe calc · conf:medium
idn-otak-sapi-goreng-tepung,Otak Sapi Goreng Tepung,250.0,12.0,18.0,10.0,0.5,0.4,20,2.0,480,100,Olahan,Lauk Pauk,,55,Otak Goreng Warteg Otak Sapi Krispi,Battered Fried Beef Brain · Otak Goreng Warteg Otak Sapi Krispi · 1 potong (55 g) · Jawa/Daging Sapi · src:Recipe calc · conf:medium
idn-paru-goreng-warteg,Paru Goreng Warteg,287.0,25.0,19.0,4.0,0.5,0.3,15,6.0,620,100,Olahan,Lauk Pauk,,40,Paru Goreng Kering Paru Sapi Goreng Warteg,Fried Beef Lung Warteg Style · Paru Goreng Kering Paru Sapi Goreng Warteg · 1 potong (40 g) · Jawa/Daging Sapi · src:Recipe calc · conf:medium
idn-sambal-goreng-ati,Sambal Goreng Ati,200.0,15.0,12.0,8.0,3.0,0.8,20,6.0,520,100,Olahan,Lauk Pauk,,50,Sambal Ati Warteg Sambal Goreng Hati,Chicken Liver In Spiced Chili Coconut Sauce · Sambal Ati Warteg Sambal Goreng Hati · 1 sendok sayur (50 g) · Jawa/Daging Sapi · src:Recipe calc · conf:high
idn-sambal-goreng-kentang,Sambal Goreng Kentang,248.0,3.5,14.0,27.0,5.0,2.5,20,0.9,480,100,Olahan,Lauk Pauk,,50,Kentang Sambal Goreng Sambal Kentang Warteg,Spiced Fried Potato Dice In Chili Coconut · Kentang Sambal Goreng Sambal Kentang Warteg · 1 sendok sayur (50 g) · Jawa/Gorengan · src:Recipe calc · conf:high
idn-sambal-goreng-kentang-ati,Sambal Goreng Kentang Ati,233.0,9.0,13.0,20.0,4.0,1.8,20,3.2,500,100,Olahan,Lauk Pauk,,55,Sambal Goreng Ati Kentang Sambal Kentang Hati,Potato And Chicken Liver In Chili Coconut · Sambal Goreng Ati Kentang Sambal Kentang Hati · 1 sendok sayur (55 g) · Jawa/Daging Sapi · src:Recipe calc · conf:high
idn-sambal-goreng-tempe-kentang,Sambal Goreng Tempe Kentang,288.0,10.0,15.0,29.0,12.0,3.2,80,2.0,540,100,Olahan,Lauk Pauk,,50,Sambal Goreng Tempe Tempe Kentang Balado,Tempeh And Potato In Sweet Chili Sauce · Sambal Goreng Tempe Tempe Kentang Balado · 1 sendok sayur (50 g) · Jawa/Tahu & Tempe · src:Recipe calc · conf:medium
idn-semur-bola-daging-warteg,Semur Bola Daging Warteg,214.0,13.0,12.0,13.0,8.0,0.6,25,1.8,540,100,Olahan,Lauk Pauk,,50,Rolade Semur Warteg Semur Bola-Bola Daging,Braised Beef Meatballs In Sweet Soy · Rolade Semur Warteg Semur Bola-Bola Daging · 2 buah (50 g) · Jawa/Daging Sapi · src:Recipe calc · conf:medium
idn-tahu-semur-warteg,Tahu Semur Warteg,140.0,8.0,8.0,9.0,6.0,0.8,130,1.6,520,100,Olahan,Lauk Pauk,,55,Semur Tahu Warteg Tahu Kecap Warteg,Braised Tofu In Sweet Soy · Semur Tahu Warteg Tahu Kecap Warteg · 2 potong (55 g) · Jawa/Tahu & Tempe · src:Recipe calc · conf:high
idn-telur-ceplok-balado-warteg,Telur Ceplok Balado Warteg,218.0,11.0,16.0,8.0,4.0,1.0,50,1.9,470,100,Olahan,Lauk Pauk,,60,Telur Ceplok Sambal Telur Mata Sapi Balado,Fried Egg In Chili Sauce Warteg Style · Telur Ceplok Sambal Telur Mata Sapi Balado · 1 butir (60 g) · Jawa/Telur · src:Recipe calc · conf:high
idn-telur-dadar-warteg-iris,Telur Dadar Warteg Iris,203.0,11.0,15.0,6.0,1.0,0.4,55,1.8,430,100,Olahan,Lauk Pauk,,40,Dadar Telur Tepung Warteg Telur Dadar Iris Warteg,Sliced Warteg Style Omelette · Dadar Telur Tepung Warteg Telur Dadar Iris Warteg · 1 iris (40 g) · Jawa/Telur · src:Recipe calc · conf:high
idn-telur-puyuh-semur-warteg,Telur Puyuh Semur Warteg,196.0,12.5,12.5,9.0,6.5,0.2,60,2.8,500,100,Olahan,Lauk Pauk,,45,Semur Telur Puyuh Telur Puyuh Kecap,Braised Quail Eggs In Sweet Soy · Semur Telur Puyuh Telur Puyuh Kecap · 5 butir (45 g) · Jawa/Bebek & Unggas · src:Recipe calc · conf:medium
idn-telur-semur-warteg,Telur Semur Warteg,175.0,11.0,11.0,8.0,6.0,0.2,50,1.7,520,100,Olahan,Lauk Pauk,,55,Semur Telur Warteg Telur Kecap Warteg,Braised Egg In Sweet Soy Warteg Style · Semur Telur Warteg Telur Kecap Warteg · 1 butir (55 g) · Jawa/Telur · src:Recipe calc · conf:high
idn-tempe-semur-warteg,Tempe Semur Warteg,189.0,12.0,9.0,15.0,9.0,3.0,90,2.2,540,100,Olahan,Lauk Pauk,,55,Semur Tempe Warteg Tempe Kecap Semur,Braised Tempeh In Sweet Soy · Semur Tempe Warteg Tempe Kecap Semur · 2 potong (55 g) · Jawa/Tahu & Tempe · src:Recipe calc · conf:high
idn-teri-goreng-tepung-warteg,Teri Goreng Tepung Warteg,396.0,25.0,24.0,20.0,0.6,0.8,500,3.5,1300,100,Olahan,Lauk Pauk,,25,Teri Crispy Warteg Teri Tepung Krispi,Battered Fried Anchovy · Teri Crispy Warteg Teri Tepung Krispi · 1 sendok makan (25 g) · Jawa/Ikan · src:Recipe calc · conf:medium
idn-teri-kacang-warteg,Teri Kacang Warteg,436.0,24.0,28.0,22.0,6.0,4.0,250,3.5,1100,100,Olahan,Lauk Pauk,,25,Kacang Teri Warteg Teri Kacang Goreng,Fried Anchovy With Peanuts Warteg Style · Kacang Teri Warteg Teri Kacang Goreng · 1 sendok makan (25 g) · Jawa/Ikan · src:Recipe calc · conf:medium
idn-tongkol-balado-warteg,Tongkol Balado Warteg,194.0,20.0,10.0,6.0,2.5,1.0,32,1.9,540,100,Olahan,Lauk Pauk,,50,Tongkol Cabe Merah Tongkol Sambal Warteg,Skipjack Tuna In Red Chili Warteg Style · Tongkol Cabe Merah Tongkol Sambal Warteg · 1 potong (50 g) · Jawa/Ikan · src:Recipe calc · conf:high
idn-tongkol-bumbu-kuning-warteg,Tongkol Bumbu Kuning Warteg,165.0,20.0,8.0,3.5,1.5,0.6,30,1.7,480,100,Olahan,Lauk Pauk,,55,Pesmol Tongkol Warteg Tongkol Kuning Warteg,Skipjack Tuna In Yellow Spice Sauce · Pesmol Tongkol Warteg Tongkol Kuning Warteg · 1 potong (55 g) · Jawa/Ikan · src:Recipe calc · conf:medium
idn-tongkol-suwir-pedas,Tongkol Suwir Pedas,176.0,21.0,8.0,5.0,2.0,0.8,30,1.8,520,100,Olahan,Lauk Pauk,,45,Suwir Tongkol Pedas Tongkol Suwir Warteg,Shredded Spicy Skipjack Tuna · Suwir Tongkol Pedas Tongkol Suwir Warteg · 1 sendok sayur (45 g) · Jawa/Ikan · src:Recipe calc · conf:high
idn-usus-goreng-tepung-warteg,Usus Goreng Tepung Warteg,332.0,16.0,24.0,13.0,0.6,0.5,25,2.0,560,100,Olahan,Lauk Pauk,,35,Usus Goreng Warteg Usus Krispi Warteg,Battered Fried Chicken Intestine · Usus Goreng Warteg Usus Krispi Warteg · 1 potong (35 g) · Jawa/Ayam · src:Recipe calc · conf:medium
idn-ayam-bakar-sunda,Ayam Bakar Sunda,215.0,24.0,11.5,4.0,2.8,0.3,20,1.3,420,100,Olahan,Lauk Pauk,,120,Ayam Bakar Kecap Sunda Ayam Bakar Lalapan,Sundanese Grilled Chicken · Ayam Bakar Kecap Sunda Ayam Bakar Lalapan · 1 potong · Jawa Barat/Ayam · src:Recipe calc · conf:high
idn-ayam-goreng-sunda,Ayam Goreng Sunda,248.0,25.0,15.5,2.0,0.4,0.2,18,1.4,400,100,Olahan,Lauk Pauk,,110,Ayam Goreng Kuning Ayam Goreng Lalapan,Sundanese Fried Turmeric Chicken · Ayam Goreng Kuning Ayam Goreng Lalapan · 1 potong · Jawa Barat/Ayam · src:Recipe calc · conf:high
idn-gurame-bakar,Gurame Bakar,158.0,19.0,8.0,3.0,2.2,0.2,45,1.0,380,100,Olahan,Lauk Pauk,,120,Gurame Bakar Kecap Gurami Bakar,Grilled Giant Gourami · Gurame Bakar Kecap Gurami Bakar · 1 potong · Jawa Barat/Ikan · src:Recipe calc · conf:high
idn-ikan-asin-jambal-roti,Ikan Asin Jambal Roti,285.0,32.0,15.0,3.0,0.5,0.2,200,2.5,2600,100,Olahan,Lauk Pauk,,30,Ikan Asin Jambal Jambal Roti Goreng,Fried Salted Jambal Fish · Ikan Asin Jambal Jambal Roti Goreng · 1 potong kecil · Jawa Barat/Roti & Pastry · src:Recipe calc · conf:medium
idn-ikan-peda-goreng,Ikan Peda Goreng,290.0,30.0,18.0,0.5,0.0,0.0,200,2.5,2200,100,Olahan,Lauk Pauk,,40,Ikan Asin Peda Peda Goreng,Fried Salted Peda Fish · Ikan Asin Peda Peda Goreng · 1 ekor kecil · Jawa Barat/Ikan · src:TKPI · conf:medium
idn-oncom-goreng,Oncom Goreng,205.0,11.0,12.0,13.0,1.0,3.5,65,2.5,320,100,Olahan,Lauk Pauk,,50,Oncom Bakar Oncom Goreng Tepung,Fried Fermented Peanut Cake · Oncom Bakar Oncom Goreng Tepung · 2 potong · Jawa Barat/Tahu & Tempe · src:Recipe calc · conf:medium
idn-pepes-ayam,Pepes Ayam,145.0,17.0,7.5,2.5,1.0,0.6,25,1.2,400,100,Olahan,Lauk Pauk,,100,Pais Ayam Pepes Ayam Kemangi,Steamed Spiced Chicken In Banana Leaf · Pais Ayam Pepes Ayam Kemangi · 1 bungkus · Jawa Barat/Ayam · src:Recipe calc · conf:high
idn-pepes-ikan-kembung,Pepes Ikan Kembung,135.0,16.0,6.0,3.5,1.0,0.6,60,1.4,420,100,Olahan,Lauk Pauk,,110,Pais Ikan Kembung Pepes Kembung,Banana-Leaf Steamed Mackerel · Pais Ikan Kembung Pepes Kembung · 1 bungkus (110 g) · Jawa Barat/Roti & Pastry · src:Recipe calc · conf:medium
idn-pepes-ikan-mas,Pepes Ikan Mas,132.0,15.0,6.5,3.5,1.2,0.8,60,1.4,380,100,Olahan,Lauk Pauk,,100,Pais Lauk Emas Pepes Ikan Mas Sunda,Steamed Carp In Banana Leaf · Pais Lauk Emas Pepes Ikan Mas Sunda · 1 bungkus · Jawa Barat/Ikan · src:Recipe calc · conf:high
idn-pepes-jamur,Pepes Jamur,68.0,3.5,3.5,5.5,1.5,1.8,20,1.0,340,100,Olahan,Lauk Pauk,,80,Pais Jamur Pepes Jamur Tiram,Steamed Spiced Mushroom In Banana Leaf · Pais Jamur Pepes Jamur Tiram · 1 bungkus · Jawa Barat/Sayuran · src:Recipe calc · conf:medium
idn-pepes-oncom,Pepes Oncom,128.0,8.5,6.5,9.5,1.5,3.0,70,2.2,360,100,Olahan,Lauk Pauk,,80,Pais Oncom Pepes Oncom Leunca,Steamed Spiced Oncom In Banana Leaf · Pais Oncom Pepes Oncom Leunca · 1 bungkus · Jawa Barat/Tahu & Tempe · src:Recipe calc · conf:medium
idn-pepes-peda,Pepes Peda,140.0,17.0,6.5,3.0,0.8,0.6,90,1.8,1200,100,Olahan,Lauk Pauk,,90,Pais Peda Pepes Ikan Peda,Banana-Leaf Steamed Salted Mackerel · Pais Peda Pepes Ikan Peda · 1 bungkus (90 g) · Jawa Barat/Lauk Lain · src:Recipe calc · conf:medium
idn-pepes-tahu,Pepes Tahu,118.0,9.0,7.5,3.5,1.0,1.0,140,2.0,350,100,Olahan,Lauk Pauk,,80,Pais Tahu Pepes Tahu Kemangi,Steamed Spiced Tofu In Banana Leaf · Pais Tahu Pepes Tahu Kemangi · 1 bungkus · Jawa Barat/Tahu & Tempe · src:Recipe calc · conf:high
idn-pepes-teri,Pepes Teri,152.0,18.0,7.0,4.0,1.2,0.8,350,2.6,620,100,Olahan,Lauk Pauk,,60,Pais Teri Pepes Ikan Teri,Steamed Spiced Anchovies In Banana Leaf · Pais Teri Pepes Ikan Teri · 1 bungkus · Jawa Barat/Ikan · src:Recipe calc · conf:medium
idn-pepes-udang,Pepes Udang,110.0,15.0,4.0,3.0,0.9,0.5,70,1.2,430,100,Olahan,Lauk Pauk,,100,Pais Udang Pepes Udang Kemangi,Banana-Leaf Steamed Prawn · Pais Udang Pepes Udang Kemangi · 1 bungkus (100 g) · Jawa Barat/Seafood · src:Recipe calc · conf:medium
idn-pesmol-ikan-nila,Pesmol Ikan Nila,138.0,14.5,7.5,3.5,2.0,0.6,35,1.0,400,100,Olahan,Lauk Pauk,,120,Ikan Pesmol Pesmol Nila,Tilapia In Yellow Sour Sauce · Ikan Pesmol Pesmol Nila · 1 ekor sedang · Jawa Barat/Ikan · src:Recipe calc · conf:medium
idn-sate-kalong-cirebon,Sate Kalong Cirebon,215.0,18.0,12.0,10.0,8.0,0.5,20,2.7,520,100,Olahan,Lauk Pauk,,140,Sate Kalong Sate Kerbau Cirebon,Cirebon Sweet Buffalo Satay · Sate Kalong Sate Kerbau Cirebon · 10 tusuk (140 g) · Jawa Barat/Sate · src:Recipe calc · conf:medium
idn-tutut,Tutut,88.0,8.0,4.0,4.5,1.2,0.4,180,3.5,380,100,Olahan,Lauk Pauk,,150,Keong Sawah Sunda Tutut Kuah Kuning,Sundanese Rice-Paddy Snails In Yellow Broth · Keong Sawah Sunda Tutut Kuah Kuning · 1 porsi · Jawa Barat/Seafood · src:Recipe calc · conf:low
idn-ayam-kremes,Ayam Kremes,293.0,20.0,21.0,6.0,0.8,0.4,24,1.3,520,100,Olahan,Lauk Pauk,,110,Ayam Goreng Kremes Kremesan Ayam,Fried Chicken With Crispy Batter Flakes · Ayam Goreng Kremes Kremesan Ayam · 1 potong + kremes · Jawa Tengah/Ayam · src:Recipe calc · conf:high
idn-ayam-panggang-klaten,Ayam Panggang Klaten,217.0,21.0,13.0,4.0,2.2,0.4,22,1.3,470,100,Olahan,Lauk Pauk,,110,Ayam Bakar Klaten Ayam Panggang Gantung,Klaten Grilled Coconut Chicken · Ayam Bakar Klaten Ayam Panggang Gantung · 1 potong · Jawa Tengah/Ayam · src:Recipe calc · conf:medium
idn-babat-gongso,Babat Gongso,185.0,14.0,11.0,8.0,5.5,0.5,60,1.6,620,100,Olahan,Lauk Pauk,,150,Babat Gongso Semarang Gongso Babat,Semarang Sweet Spicy Stir-Fried Tripe · Babat Gongso Semarang Gongso Babat · 1 porsi (150 g) · Jawa Tengah/Daging Sapi · src:Recipe calc · conf:medium
idn-bakso-beranak,Bakso Beranak,207.0,13.0,13.0,9.5,1.0,0.5,24,1.8,780,100,Olahan,Lauk Pauk,,150,Bakso Isi Bakso Bakso Ranjau,Stuffed Giant Meatball · Bakso Isi Bakso Bakso Ranjau · 1 buah · Jawa Tengah/Bakso · src:Recipe calc · conf:low
idn-bakso-sapi,Bakso Sapi,202.0,12.4,13.2,7.6,0.8,0.5,20,1.6,780,100,Olahan,Lauk Pauk,,80,Bakso Daging Sapi Pentol Bakso,Beef Meatball · Bakso Daging Sapi Pentol Bakso · 5 butir · Jawa Tengah/Daging Sapi · src:FatSecret ID · conf:high
idn-bakso-urat,Bakso Urat,196.0,14.0,12.0,8.0,0.9,0.4,22,1.8,760,100,Olahan,Lauk Pauk,,90,Bakso Urat Sapi Pentol Urat,Tendon-Studded Beef Meatball · Bakso Urat Sapi Pentol Urat · 3 butir · Jawa Tengah/Bakso · src:Recipe calc · conf:medium
idn-botok-tahu-tempe,Botok Tahu Tempe,155.0,10.0,10.0,6.0,1.6,2.6,110,2.0,340,100,Olahan,Lauk Pauk,,90,Botok Tahu Botok Tempe Tahu,Steamed Tofu And Tempeh Parcel · Botok Tahu Botok Tempe Tahu · 1 bungkus (90 g) · Jawa Tengah/Tahu & Tempe · src:Recipe calc · conf:medium
idn-botok-tempe,Botok Tempe,175.0,10.0,11.5,8.0,1.8,3.0,110,2.4,380,100,Olahan,Lauk Pauk,,70,Bothok Tempe Botok Tempe Lamtoro,Steamed Tempeh & Coconut Parcel · Bothok Tempe Botok Tempe Lamtoro · 1 bungkus · Jawa Tengah/Tahu & Tempe · src:Recipe calc · conf:medium
idn-botok-teri,Botok Teri,167.0,12.0,11.0,5.0,1.4,2.2,320,2.6,520,100,Olahan,Lauk Pauk,,70,Bothok Teri Botok Teri Kemangi,Steamed Anchovy & Coconut Parcel · Bothok Teri Botok Teri Kemangi · 1 bungkus · Jawa Tengah/Ikan · src:Recipe calc · conf:medium
idn-buntil,Buntil,157.0,6.5,11.0,8.0,2.4,3.0,180,2.6,430,100,Olahan,Lauk Pauk,,70,Buntil Daun Pepaya Buntil Daun Talas,Leaf Parcels With Coconut & Anchovy · Buntil Daun Pepaya Buntil Daun Talas · 1 bungkus · Jawa Tengah/Roti & Pastry · src:Recipe calc · conf:medium
idn-garang-asem-ayam,Garang Asem Ayam,106.0,11.0,5.5,3.0,1.6,0.7,26,0.9,430,100,Olahan,Lauk Pauk,,180,Garang Asem Garang Asem Kudus,Steamed Sour-Spicy Chicken In Banana Leaf · Garang Asem Garang Asem Kudus · 1 bungkus · Jawa Tengah/Ayam · src:Recipe calc · conf:high
idn-gule-kambing,Gule Kambing,166.0,11.5,12.0,3.0,1.2,0.6,32,2.1,530,100,Olahan,Lauk Pauk,,120,Gulai Kambing Gulai Kambing Jawa Gule Wedus,Goat Curry · Gulai Kambing Gulai Kambing Jawa Gule Wedus · 1 porsi + kuah · Jawa Tengah/Kambing · src:Recipe calc · conf:high
idn-ikan-bandeng-presto,Ikan Bandeng Presto,195.0,21.0,11.5,0.5,0.0,0.0,380,2.0,320,100,Olahan,Lauk Pauk,,80,Bandeng Duri Lunak Bandeng Presto,Pressure-Cooked Milkfish · Bandeng Duri Lunak Bandeng Presto · 1 potong · Jawa Tengah/Ikan · src:NilaiGizi · conf:medium
idn-kering-tempe-teri,Kering Tempe Teri,362.0,20.0,20.0,26.0,12.0,3.5,200,3.0,900,100,Olahan,Lauk Pauk,,45,Kering Tempe Kacang Teri Tempe Teri Kering,Crispy Tempeh With Anchovy And Sweet Soy · Kering Tempe Kacang Teri Tempe Teri Kering · 1 sendok sayur (45 g) · Jawa Tengah/Ikan · src:Recipe calc · conf:medium
idn-mangut-beong,Mangut Beong,151.0,15.5,8.5,3.0,1.2,0.5,30,1.3,510,100,Olahan,Lauk Pauk,,110,Beong Mangut Mangut Beong Magelang,Beong Catfish In Spicy Coconut Gravy · Beong Mangut Mangut Beong Magelang · 1 potong + kuah · Jawa Tengah/Ikan · src:Recipe calc · conf:low
idn-opor-bakar-kudus,Opor Bakar Kudus,215.0,18.0,14.0,5.0,2.0,0.6,28,1.3,440,100,Olahan,Lauk Pauk,,110,Ayam Opor Bakar Kudus Opor Panggang Kudus,Kudus Grilled Coconut-Braised Chicken · Ayam Opor Bakar Kudus Opor Panggang Kudus · 1 potong (110 g) · Jawa Tengah/Ayam · src:Recipe calc · conf:medium
idn-opor-telur,Opor Telur,178.0,10.5,13.5,4.5,2.0,0.5,48,1.6,390,100,Olahan,Lauk Pauk,,70,Opor Telur Ayam Telur Opor,Egg In Coconut Curry · Opor Telur Ayam Telur Opor · 1 butir + kuah · Jawa Tengah/Telur · src:Recipe calc · conf:medium
idn-orek-tempe-basah-kecap,Orek Tempe Basah Kecap,252.0,13.0,13.0,22.0,12.0,3.5,95,2.3,620,100,Olahan,Lauk Pauk,,55,Orek Tempe Basah Tempe Orek Kecap Basah,Soft Braised Tempeh In Sweet Soy · Orek Tempe Basah Tempe Orek Kecap Basah · 1 sendok sayur (55 g) · Jawa Tengah/Tahu & Tempe · src:Recipe calc · conf:medium
idn-orek-tempe-kering-warteg,Orek Tempe Kering Warteg,334.0,15.0,18.0,28.0,14.0,4.0,110,2.5,600,100,Olahan,Lauk Pauk,,50,Kering Tempe Warteg Orek Tempe Manis Tempe Orek Manis,Sweet Crispy Fried Tempeh Warteg Style · Kering Tempe Warteg Orek Tempe Manis Tempe Orek Manis · 1 sendok sayur (50 g) · Jawa Tengah/Tahu & Tempe · src:Recipe calc · conf:high
idn-oseng-oseng-tempe,Oseng-Oseng Tempe,191.0,11.0,11.0,12.0,6.0,2.6,90,2.2,520,100,Olahan,Lauk Pauk,,90,Oseng Tempe Tumis Tempe Kecap,Sweet-Spicy Tempeh Stir-Fry · Oseng Tempe Tumis Tempe Kecap · 1 porsi · Jawa Tengah/Tahu & Tempe · src:Recipe calc · conf:high
idn-rica-rica-entok,Rica-Rica Entok,198.0,18.0,12.5,3.5,1.6,0.6,20,2.6,540,100,Olahan,Lauk Pauk,,100,Entok Rica Rica Entok Jawa,Spicy Muscovy Duck · Entok Rica Rica Entok Jawa · 1 porsi · Jawa Tengah/Gulai & Kari · src:Recipe calc · conf:medium
idn-sambal-tumpang,Sambal Tumpang,145.0,8.0,9.0,8.0,2.0,2.4,90,2.0,470,100,Olahan,Lauk Pauk,,80,Lethok Sambel Tumpang Sayur Tumpang,Fermented Tempeh Coconut Sauce · Lethok Sambel Tumpang Sayur Tumpang · 1 sendok sayur · Jawa Tengah/Sambal · src:Recipe calc · conf:medium
idn-sate-ambal,Sate Ambal,195.0,15.0,11.0,10.0,4.5,1.6,32,1.7,470,100,Olahan,Lauk Pauk,,140,Sate Ambal Kebumen Sate Ayam Ambal,Kebumen Chicken Satay With Tempeh Sauce · Sate Ambal Kebumen Sate Ayam Ambal · 10 tusuk (140 g) · Jawa Tengah/Sate · src:Recipe calc · conf:medium
idn-sate-blengong-brebes,Sate Blengong Brebes,210.0,16.0,14.0,6.0,3.2,0.8,22,2.0,490,100,Olahan,Lauk Pauk,,150,Sate Bebek Blengong Sate Blengong,Brebes Blengong Duck Satay · Sate Bebek Blengong Sate Blengong · 10 tusuk (150 g) · Jawa Tengah/Sate · src:Recipe calc · conf:medium
idn-sate-blora,Sate Blora,200.0,14.0,13.0,7.0,4.0,1.0,26,1.4,480,100,Olahan,Lauk Pauk,,150,Sate Ayam Blora Sate Blora Kuah,Blora Chicken Satay With Broth · Sate Ayam Blora Sate Blora Kuah · 10 tusuk + kuah (150 g) · Jawa Tengah/Sate · src:Recipe calc · conf:medium
idn-sate-buntel,Sate Buntel,267.0,17.0,21.0,2.5,1.6,0.3,20,2.4,520,100,Olahan,Lauk Pauk,,80,Sate Bungkus Sate Buntel Solo,Minced Mutton Parcel Satay · Sate Bungkus Sate Buntel Solo · 1 tusuk · Jawa Tengah/Roti & Pastry · src:Recipe calc · conf:high
idn-sate-kambing-bumbu-kecap,Sate Kambing Bumbu Kecap,238.0,20.0,16.0,3.5,2.6,0.2,18,2.6,560,100,Olahan,Lauk Pauk,,90,Sate Kambing Sate Wedus,Goat Satay With Sweet Soy · Sate Kambing Sate Wedus · 5 tusuk · Jawa Tengah/Sate · src:Recipe calc · conf:high
idn-sate-kelinci,Sate Kelinci,197.0,22.0,11.0,2.5,1.8,0.2,18,2.2,430,100,Olahan,Lauk Pauk,,90,Sate Kelinci Jawa Sate Kelinci Lembang,Rabbit Satay · Sate Kelinci Jawa Sate Kelinci Lembang · 5 tusuk · Jawa Tengah/Sate · src:Recipe calc · conf:medium
idn-sate-kerbau-kudus,Sate Kerbau Kudus,200.0,27.0,8.5,3.5,2.5,0.2,16,3.0,420,100,Olahan,Lauk Pauk,,140,Sate Kebo Sate Kerbau,Kudus Water Buffalo Satay · Sate Kebo Sate Kerbau · 10 tusuk · Jawa Tengah/Sate · src:Recipe calc · conf:medium
idn-sate-kere,Sate Kere,175.0,8.0,10.5,12.0,5.0,2.5,80,2.0,420,100,Olahan,Lauk Pauk,,80,Sate Kere Solo Sate Tempe Gembus,Tempeh Gembus Satay · Sate Kere Solo Sate Tempe Gembus · 5 tusuk · Jawa Tengah/Sate · src:Recipe calc · conf:medium
idn-sate-loso,Sate Loso,205.0,17.0,13.0,6.0,3.5,0.9,24,2.6,500,100,Olahan,Lauk Pauk,,150,Sate Kerbau Loso Sate Loso Pemalang,Pemalang Buffalo Satay · Sate Kerbau Loso Sate Loso Pemalang · 10 tusuk (150 g) · Jawa Tengah/Sate · src:Recipe calc · conf:medium
idn-sate-tegal-balibul,Sate Tegal Balibul,230.0,17.0,17.0,3.0,2.2,0.3,16,2.3,430,100,Olahan,Lauk Pauk,,140,Sate Balibul Sate Kambing Tegal Sate Tegal,Tegal Young Goat Satay · Sate Balibul Sate Kambing Tegal Sate Tegal · 10 tusuk (140 g) · Jawa Tengah/Sate · src:Recipe calc · conf:medium
idn-semur-daging-jawa,Semur Daging Jawa,189.0,16.0,11.0,6.5,4.5,0.4,22,2.6,560,100,Olahan,Lauk Pauk,,90,Semur Daging Semur Sapi Jawa,Javanese Sweet Soy Beef Stew · Semur Daging Semur Sapi Jawa · 1 potong + kuah · Jawa Tengah/Daging Sapi · src:Recipe calc · conf:high
idn-tahu-bacem,Tahu Bacem,165.0,10.0,9.0,11.0,7.0,1.4,150,2.2,460,100,Olahan,Lauk Pauk,,60,Bacem Tahu,Sweet Braised Tofu · Bacem Tahu · 2 potong · Jawa Tengah/Tahu & Tempe · src:Recipe calc · conf:high
idn-telur-asin-rebus,Telur Asin Rebus,195.0,13.6,13.6,1.4,0.5,0.0,120,3.0,1200,100,Olahan,Lauk Pauk,,65,Telur Asin Telur Bebek Asin,Boiled Salted Duck Egg · Telur Asin Telur Bebek Asin · 1 butir · Jawa Tengah/Telur · src:TKPI · conf:high
idn-telur-bebek-asin-panggang,Telur Bebek Asin Panggang,190.0,13.5,13.5,1.4,0.5,0.0,100,3.0,1200,100,Olahan,Lauk Pauk,,60,Telur Asin Bakar Telur Asin Oven Telur Asin Panggang,Baked Salted Duck Egg · Telur Asin Bakar Telur Asin Oven Telur Asin Panggang · 1 butir (60 g) · Jawa Tengah/Bebek & Unggas · src:Estimate · conf:medium
idn-telur-pindang,Telur Pindang,152.0,12.5,10.5,2.0,0.8,0.1,52,1.8,340,100,Olahan,Lauk Pauk,,55,Pindang Telur Telur Pindang Jawa,Spiced Braised Egg · Pindang Telur Telur Pindang Jawa · 1 butir · Jawa Tengah/Telur · src:Recipe calc · conf:high
idn-tempe-bacem,Tempe Bacem,225.0,15.0,9.5,20.0,10.0,4.0,120,2.6,480,100,Olahan,Lauk Pauk,,60,Bacem Tempe Tempe Besengek,Sweet Braised Tempeh · Bacem Tempe Tempe Besengek · 2 potong · Jawa Tengah/Tahu & Tempe · src:Recipe calc · conf:high
idn-terik-daging,Terik Daging,194.0,16.0,12.5,4.5,2.2,0.5,26,2.4,480,100,Olahan,Lauk Pauk,,90,Daging Terik Terik Sapi,Beef In Mild Coconut Gravy · Daging Terik Terik Sapi · 1 potong + kuah · Jawa Tengah/Daging Sapi · src:Recipe calc · conf:medium
idn-tumpang-koyor,Tumpang Koyor,164.0,9.5,11.5,5.5,1.8,1.6,70,1.8,540,100,Olahan,Lauk Pauk,,90,Koyor Tumpang Tumpang Koyor Salatiga,Beef Tendon Tumpang Stew · Koyor Tumpang Tumpang Koyor Salatiga · 1 sendok sayur · Jawa Tengah/Lauk Lain · src:Recipe calc · conf:medium
idn-wader-goreng,Wader Goreng,318.0,26.0,22.0,4.0,0.4,0.3,500,3.5,540,100,Olahan,Lauk Pauk,,60,Ikan Wader Goreng Wader Krispi,Crispy Fried Wader Fish · Ikan Wader Goreng Wader Krispi · 1 porsi · Jawa Tengah/Ikan · src:Recipe calc · conf:medium
idn-ayam-lodho,Ayam Lodho,206.0,16.0,14.0,4.0,1.6,0.6,26,1.4,490,100,Olahan,Lauk Pauk,,120,Ayam Lodho Tulungagung Lodho Ayam,Trenggalek Grilled Chicken In Coconut Curry · Ayam Lodho Tulungagung Lodho Ayam · 1 potong + kuah · Jawa Timur/Ayam · src:Recipe calc · conf:medium
idn-bebek-goreng-madura,Bebek Goreng Madura,317.0,22.0,25.0,1.0,0.4,0.1,18,2.6,520,100,Olahan,Lauk Pauk,,110,Bebek Goreng Sinjay Bebek Madura,Madurese Fried Duck · Bebek Goreng Sinjay Bebek Madura · 1 potong · Jawa Timur/Bebek & Unggas · src:Recipe calc · conf:high
idn-bebek-sinjay,Bebek Sinjay,307.0,23.0,23.0,2.0,1.0,0.3,20,2.6,560,100,Olahan,Lauk Pauk,,130,Bebek Sambal Pencit Bebek Sinjay Bangkalan,Bangkalan Fried Duck With Mango Sambal · Bebek Sambal Pencit Bebek Sinjay Bangkalan · 1 potong + sambal · Jawa Timur/Bebek & Unggas · src:Recipe calc · conf:medium
idn-bebek-songkem,Bebek Songkem,215.0,19.0,15.0,1.5,0.6,0.4,20,2.6,400,100,Olahan,Lauk Pauk,,110,Bebek Sangkem Bebek Songkem Madura,Madurese Banana-Leaf Steamed Duck · Bebek Sangkem Bebek Songkem Madura · 1 potong (110 g) · Jawa Timur/Bebek & Unggas · src:Recipe calc · conf:medium
idn-iga-penyet,Iga Penyet,269.0,18.0,21.0,2.0,0.8,0.4,20,2.4,560,100,Olahan,Lauk Pauk,,130,Iga Sapi Penyet Penyet Iga,Smashed Fried Beef Ribs · Iga Sapi Penyet Penyet Iga · 1 potong · Jawa Timur/Daging Sapi · src:Recipe calc · conf:medium
idn-krengsengan-kambing,Krengsengan Kambing,213.0,15.0,15.0,4.5,3.0,0.4,24,2.4,560,100,Olahan,Lauk Pauk,,100,Krengsengan Krengsengan Daging,Sweet-Spiced Goat Stew · Krengsengan Krengsengan Daging · 1 porsi · Jawa Timur/Kambing · src:Recipe calc · conf:medium
idn-pecel-pitik,Pecel Pitik,207.0,18.0,13.0,4.5,1.6,1.6,50,1.8,420,100,Olahan,Lauk Pauk,,120,Pecel Pitik Banyuwangi Pitik Pecel,Osing Grilled Chicken With Grated Coconut · Pecel Pitik Banyuwangi Pitik Pecel · 1 porsi · Jawa Timur/Ayam · src:Recipe calc · conf:low
idn-rawon-daging,Rawon Daging,248.0,20.0,18.0,1.5,0.5,0.3,18,2.6,560,100,Olahan,Lauk Pauk,,90,Daging Rawon Rawon Daging Sapi,Keluak Beef In Thick Gravy · Daging Rawon Rawon Daging Sapi · 1 porsi daging · Jawa Timur/Daging Sapi · src:NilaiGizi · conf:high
idn-sate-ayam-madura,Sate Ayam Madura,225.0,19.5,14.8,4.9,3.0,0.9,22,1.4,355,100,Olahan,Lauk Pauk,,100,Sate Ayam Bumbu Kacang Sate Madura,Madurese Chicken Satay With Peanut Sauce · Sate Ayam Bumbu Kacang Sate Madura · 5 tusuk + bumbu · Jawa Timur/Sate · src:NilaiGizi · conf:high
idn-sate-ayam-ponorogo,Sate Ayam Ponorogo,213.0,21.0,13.0,3.0,2.2,0.3,16,1.2,470,100,Olahan,Lauk Pauk,,90,Sate Ayam Gule Sate Ponorogo,Ponorogo Chicken Satay · Sate Ayam Gule Sate Ponorogo · 5 tusuk · Jawa Timur/Sate · src:Recipe calc · conf:high
idn-sate-kelapa,Sate Kelapa,245.0,20.0,14.0,9.0,5.0,2.0,25,2.2,400,100,Olahan,Lauk Pauk,,140,Sate Kelapa Surabaya Sate Klopo,Coconut-Coated Beef Satay · Sate Kelapa Surabaya Sate Klopo · 10 tusuk · Jawa Timur/Sate · src:Recipe calc · conf:medium
idn-sate-kerang,Sate Kerang,133.0,15.0,5.0,7.0,4.0,0.3,90,12.0,520,100,Olahan,Lauk Pauk,,70,Sate Kerang Madura Sate Kerang Surabaya,Cockle Satay · Sate Kerang Madura Sate Kerang Surabaya · 5 tusuk · Jawa Timur/Sate · src:Recipe calc · conf:medium
idn-sate-komoh,Sate Komoh,210.0,24.0,12.0,1.5,0.8,0.1,16,2.8,450,100,Olahan,Lauk Pauk,,70,Sate Komoh Malang Sate Kotokan,Whole-Slab Beef Satay · Sate Komoh Malang Sate Kotokan · 1 tusuk · Jawa Timur/Sate · src:Recipe calc · conf:medium
idn-sate-lalat-madura,Sate Lalat Madura,210.0,16.0,13.0,8.0,5.0,1.2,28,1.5,480,100,Olahan,Lauk Pauk,,130,Sate Lalat Sate Lalat Pamekasan Sate Laler,Madurese Small-Skewer Chicken Satay · Sate Lalat Sate Lalat Pamekasan Sate Laler · 15 tusuk (130 g) · Jawa Timur/Sate · src:Recipe calc · conf:medium
idn-tahu-takwa-kediri-goreng,Tahu Takwa Kediri Goreng,190.0,14.0,14.0,3.0,0.6,1.4,220,2.6,240,100,Olahan,Lauk Pauk,,80,Tahu Kuning Kediri Tahu Takwa Goreng,Fried Kediri Yellow Tofu · Tahu Kuning Kediri Tahu Takwa Goreng · 2 potong (80 g) · Jawa Timur/Tahu & Tempe · src:Recipe calc · conf:medium
idn-kepiting-soka-goreng,Kepiting Soka Goreng,247.0,16.0,15.0,12.0,1.0,0.6,180,2.0,600,100,Olahan,Lauk Pauk,,120,Kepiting Soka Soft Shell Crab Goreng,Deep-Fried Soft Shell Crab · Kepiting Soka Soft Shell Crab Goreng · 1 porsi · Kalimantan Barat/Seafood · src:Recipe calc · conf:medium
idn-ayam-masak-habang,Ayam Masak Habang,208.0,15.0,14.5,5.0,3.0,0.8,20,1.4,480,100,Olahan,Lauk Pauk,,120,Ayam Bumbu Habang Ayam Habang,Chicken Braised In Banjarese Red Chilli Paste · Ayam Bumbu Habang Ayam Habang · 1 potong · Kalimantan Selatan/Ayam · src:Recipe calc · conf:high
idn-gangan-paliat,Gangan Paliat,133.0,9.0,9.0,4.0,1.5,0.6,30,0.8,420,100,Olahan,Lauk Pauk,,200,Gangan Paliat Tanjung Ikan Paliat,Paliat Fish In Yellow Coconut Gravy · Gangan Paliat Tanjung Ikan Paliat · 1 porsi · Kalimantan Selatan/Ikan · src:Recipe calc · conf:medium
idn-haruan-bakar,Haruan Bakar,114.0,23.0,1.5,2.0,1.0,0.1,45,1.0,350,100,Olahan,Lauk Pauk,,120,Ikan Gabus Bakar Iwak Haruan Bakar,Grilled Snakehead Fish · Ikan Gabus Bakar Iwak Haruan Bakar · 1 ekor · Kalimantan Selatan/Ikan · src:Recipe calc · conf:high
idn-ikan-masak-habang,Ikan Masak Habang,155.0,16.0,8.0,5.0,3.0,0.6,42,1.2,430,100,Olahan,Lauk Pauk,,100,Ikan Habang Iwak Masak Habang,Banjar Fish In Red Chilli Sauce · Ikan Habang Iwak Masak Habang · 1 potong (100 g) · Kalimantan Selatan/Ikan · src:Recipe calc · conf:medium
idn-itik-masak-habang,Itik Masak Habang,247.0,14.0,19.0,5.0,3.0,0.8,18,2.4,470,100,Olahan,Lauk Pauk,,130,Bebek Habang Itik Habang,Duck Braised In Banjarese Red Chilli Paste · Bebek Habang Itik Habang · 1 potong · Kalimantan Selatan/Bebek & Unggas · src:Recipe calc · conf:medium
idn-iwak-pakasam,Iwak Pakasam,199.0,22.0,11.0,3.0,0.3,0.2,90,1.6,1400,100,Olahan,Lauk Pauk,,60,Ikan Pakasam Pakasam Goreng,Fried Banjarese Fermented Freshwater Fish · Ikan Pakasam Pakasam Goreng · 1 ekor · Kalimantan Selatan/Ikan · src:Recipe calc · conf:medium
idn-iwak-saluang-goreng,Iwak Saluang Goreng,326.0,26.0,22.0,6.0,0.2,0.3,450,2.5,500,100,Olahan,Lauk Pauk,,50,Ikan Saluang Krispi Saluang Goreng,Deep-Fried Whole Silver Rasbora · Ikan Saluang Krispi Saluang Goreng · 1 porsi · Kalimantan Selatan/Ikan · src:Recipe calc · conf:medium
idn-iwak-samu,Iwak Samu,192.0,20.0,10.0,5.5,0.5,0.5,80,1.5,1300,100,Olahan,Lauk Pauk,,60,Ikan Samu Samu Haruan,Fried Fermented Fish With Toasted Rice · Ikan Samu Samu Haruan · 1 ekor · Kalimantan Selatan/Ikan · src:Recipe calc · conf:medium
idn-mandai-goreng,Mandai Goreng,217.0,1.5,15.0,19.0,4.0,4.0,30,0.8,900,100,Olahan,Lauk Pauk,,60,Mandai Cempedak Mandai Goreng Banjar,Fried Fermented Cempedak Rind · Mandai Cempedak Mandai Goreng Banjar · 1 porsi · Kalimantan Selatan/Gorengan · src:Recipe calc · conf:medium
idn-patin-baubar,Patin Baubar,191.0,16.0,13.0,2.5,1.0,0.4,25,0.8,400,100,Olahan,Lauk Pauk,,150,Baubar Patin Ikan Patin Baubar,Catfish Baked In Banana Leaf With Coconut Milk · Baubar Patin Ikan Patin Baubar · 1 potong · Kalimantan Selatan/Ikan · src:Recipe calc · conf:medium
idn-sate-banjar,Sate Banjar,223.0,18.0,13.0,8.5,6.0,0.5,20,1.4,500,100,Olahan,Lauk Pauk,,100,Sate Ayam Banjar Sate Habang,Banjarese Chicken Satay With Sweet Red Sauce · Sate Ayam Banjar Sate Habang · 5 tusuk · Kalimantan Selatan/Sate · src:Recipe calc · conf:medium
idn-telur-masak-habang,Telur Masak Habang,194.0,10.0,14.0,7.0,4.0,0.8,45,1.8,450,100,Olahan,Lauk Pauk,,70,Hintalu Masak Habang Telur Habang,Egg In Banjarese Red Chilli Paste · Hintalu Masak Habang Telur Habang · 1 butir · Kalimantan Selatan/Telur · src:Recipe calc · conf:medium
idn-wadi-patin,Wadi Patin,236.0,19.0,16.0,4.0,0.5,0.4,60,1.4,1500,100,Olahan,Lauk Pauk,,60,Wadi Iwak Wadi Patin Goreng,Fried Dayak Fermented Catfish · Wadi Iwak Wadi Patin Goreng · 1 potong · Kalimantan Tengah/Ikan · src:Recipe calc · conf:medium
idn-ayam-cincane,Ayam Cincane,218.0,17.0,14.5,5.0,3.0,0.8,25,1.4,450,100,Olahan,Lauk Pauk,,130,Ayam Cincane Samarinda Cincane,Samarinda Red Braised Grilled Chicken · Ayam Cincane Samarinda Cincane · 1 potong · Kalimantan Timur/Ayam · src:Recipe calc · conf:medium
idn-gence-ruan,Gence Ruan,176.0,20.0,8.5,5.0,3.0,0.8,40,1.2,480,100,Olahan,Lauk Pauk,,130,Gence Haruan Ruan Gence,Kutai Grilled Snakehead With Chilli Relish · Gence Haruan Ruan Gence · 1 porsi · Kalimantan Timur/Ikan · src:Recipe calc · conf:medium
idn-rabo-ruan,Rabo Ruan,380.0,33.0,24.0,8.0,4.0,0.6,60,2.5,900,100,Olahan,Lauk Pauk,,25,Abon Haruan Kutai Rabo Ikan Ruan,Kutai Shredded Snakehead Floss · Abon Haruan Kutai Rabo Ikan Ruan · 2 sdm · Kalimantan Timur/Daging Sapi · src:Recipe calc · conf:medium
idn-sambal-gami-bawis,Sambal Gami Bawis,167.0,18.0,9.0,3.5,2.0,0.8,40,1.2,520,100,Olahan,Lauk Pauk,,150,Gami Bawis Sambal Gami Ikan,Bontang Hot-Pot Grilled Fish In Sambal · Gami Bawis Sambal Gami Ikan · 1 porsi · Kalimantan Timur/Ikan · src:Recipe calc · conf:medium
idn-sate-payau,Sate Payau,187.0,24.0,7.0,7.0,5.0,0.4,20,3.2,480,100,Olahan,Lauk Pauk,,100,Sate Payau Kutai Sate Rusa,Kutai Grilled Venison Satay · Sate Payau Kutai Sate Rusa · 5 tusuk · Kalimantan Timur/Sate · src:Recipe calc · conf:medium
idn-tumis-kapah,Tumis Kapah,109.0,12.0,5.0,4.0,1.5,0.5,60,6.0,500,100,Olahan,Lauk Pauk,,120,Kapah Tumis Kerang Kapah Tarakan,Tarakan Stir-Fried Clams · Kapah Tumis Kerang Kapah Tarakan · 1 porsi · Kalimantan Utara/Seafood · src:Recipe calc · conf:medium
idn-gulai-balak,Gulai Balak,190.0,14.0,13.0,4.5,1.6,0.8,32,2.4,470,100,Olahan,Lauk Pauk,,130,Gulai Balak Lampung Gulai Balak Sapi,Lampung Beef Coconut Curry · Gulai Balak Lampung Gulai Balak Sapi · 1 porsi (130 g) · Lampung/Gulai & Kari · src:Recipe calc · conf:medium
idn-ikan-asar,Ikan Asar,187.0,30.0,7.0,1.0,0.5,0.0,30,1.8,450,100,Olahan,Lauk Pauk,,100,Cakalang Asar Ikan Komu Asar,Moluccan Smoked Skipjack Tuna · Cakalang Asar Ikan Komu Asar · 1 ekor · Maluku/Ikan · src:Recipe calc · conf:high
idn-ikan-kuah-kuning,Ikan Kuah Kuning,85.0,10.0,3.5,3.5,1.5,0.4,30,0.7,420,100,Olahan,Lauk Pauk,,250,Ikan Kuah Kunyit Kuah Kuning Ikan,Yellow Turmeric Fish Broth · Ikan Kuah Kunyit Kuah Kuning Ikan · 1 porsi · Maluku/Ikan · src:Recipe calc · conf:high
idn-ikan-kuah-pala-banda,Ikan Kuah Pala Banda,89.0,11.0,3.5,3.5,1.5,0.4,28,0.8,430,100,Olahan,Lauk Pauk,,250,Ikan Kuah Pala Kuah Pala Banda,Banda Nutmeg & Sour Fish Broth · Ikan Kuah Pala Kuah Pala Banda · 1 porsi · Maluku/Ikan · src:Recipe calc · conf:medium
idn-gohu-ikan,Gohu Ikan,205.0,20.0,13.0,2.0,0.8,0.6,25,1.2,400,100,Olahan,Lauk Pauk,,120,Gohu Ikan Ternate Sashimi Ternate,Ternate Raw Tuna With Hot Coconut Oil & Basil · Gohu Ikan Ternate Sashimi Ternate · 1 porsi · Maluku Utara/Ikan · src:Recipe calc · conf:medium
idn-ikan-garo-rica,Ikan Garo Rica,199.0,19.0,11.5,5.0,3.0,0.8,30,1.2,500,100,Olahan,Lauk Pauk,,130,Garo Rica Ikan Garo Rica Ternate,Ternate Fried Fish In Chilli Sauce · Garo Rica Ikan Garo Rica Ternate · 1 porsi · Maluku Utara/Ikan · src:Recipe calc · conf:medium
idn-abon-ayam,Abon Ayam,400.0,26.0,16.0,38.0,28.0,0.8,50,2.5,1100,100,Olahan,Lauk Pauk,,15,Abon Daging Ayam,Shredded Sweet Chicken Floss · Abon Daging Ayam · 2 sdm · Nasional/Ayam · src:NilaiGizi · conf:medium
idn-abon-sapi,Abon Sapi,380.0,25.0,14.0,39.0,30.0,1.0,60,3.5,1200,100,Olahan,Lauk Pauk,,15,Abon Daging Sapi,Shredded Sweet Beef Floss · Abon Daging Sapi · 2 sdm · Nasional/Daging Sapi · src:NilaiGizi · conf:medium
idn-ati-ampela-bumbu-kuning,Ati Ampela Bumbu Kuning,175.0,20.0,8.5,4.0,1.2,0.5,25,6.5,420,100,Olahan,Lauk Pauk,,60,Ati Ampela Kuning,Chicken Liver And Gizzard In Yellow Spice · Ati Ampela Kuning · 1 porsi · Nasional/Daging Sapi · src:Recipe calc · conf:medium
idn-ati-ampela-goreng,Ati Ampela Goreng,195.0,24.0,9.0,3.5,0.5,0.2,15,6.0,420,100,Olahan,Lauk Pauk,,60,Ati Ampela Goreng Kremes Jeroan Ayam Goreng,Fried Chicken Liver And Gizzard · Ati Ampela Goreng Kremes Jeroan Ayam Goreng · 2 set ati ampela · Nasional/Daging Sapi · src:Recipe calc · conf:medium
idn-ayam-bakar-bumbu-bali,Ayam Bakar Bumbu Bali,230.0,22.0,13.0,6.5,4.0,1.0,22,1.5,480,100,Olahan,Lauk Pauk,,120,Ayam Bakar Bali Ayam Panggang Bumbu Bali,Balinese-Spiced Grilled Chicken · Ayam Bakar Bali Ayam Panggang Bumbu Bali · 1 potong (1/4 ekor) · Nasional/Ayam · src:Recipe calc · conf:medium
idn-ayam-bakar-bumbu-rujak,Ayam Bakar Bumbu Rujak,235.0,21.5,13.5,7.5,5.0,1.2,24,1.5,450,100,Olahan,Lauk Pauk,,120,Ayam Panggang Bumbu Rujak,Grilled Chicken In Spicy Coconut Paste · Ayam Panggang Bumbu Rujak · 1 potong (1/4 ekor) · Nasional/Ayam · src:Recipe calc · conf:medium
idn-ayam-bakar-cabai-hijau,Ayam Bakar Cabai Hijau,230.0,23.0,13.0,5.0,2.5,1.2,22,1.4,440,100,Olahan,Lauk Pauk,,125,Ayam Bakar Cabe Ijo,Grilled Chicken With Green Chilli · Ayam Bakar Cabe Ijo · 1 potong (1/4 ekor) · Nasional/Sayuran · src:Recipe calc · conf:medium
idn-ayam-bakar-madu,Ayam Bakar Madu,225.0,24.0,11.0,7.5,6.5,0.1,18,1.2,420,100,Olahan,Lauk Pauk,,120,Ayam Bakar Honey Ayam Panggang Madu,Honey-Glazed Grilled Chicken · Ayam Bakar Honey Ayam Panggang Madu · 1 potong (1/4 ekor) · Nasional/Ayam · src:Recipe calc · conf:high
idn-ayam-bakar-madu-resto,Ayam Bakar Madu Resto,212.0,24.0,10.0,6.0,5.0,0.2,16,1.1,540,100,Olahan,Lauk Pauk,,130,Ayam Panggang Madu Resto Honey Grilled Chicken,Restaurant Honey Grilled Chicken · Ayam Panggang Madu Resto Honey Grilled Chicken · 1 potong (130 g) · Nasional/Ayam · src:Recipe calc · conf:medium
idn-ayam-bakar-sambal-matah,Ayam Bakar Sambal Matah,250.0,23.0,15.5,4.0,2.0,1.0,20,1.3,450,100,Olahan,Lauk Pauk,,130,Ayam Sambal Matah,Grilled Chicken With Raw Shallot Lemongrass Sambal · Ayam Sambal Matah · 1 potong (1/4 ekor) · Nasional/Ayam · src:Recipe calc · conf:medium
idn-ayam-geprek-keju,Ayam Geprek Keju,278.0,20.0,18.0,9.0,2.0,1.2,90,1.2,720,100,Olahan,Lauk Pauk,,150,Ayam Geprek Saus Keju Geprek Keju,Smashed Fried Chicken With Cheese Sauce · Ayam Geprek Saus Keju Geprek Keju · 1 porsi tanpa nasi (150 g) · Nasional/Ayam · src:Recipe calc · conf:medium
idn-ayam-geprek-mozzarella,Ayam Geprek Mozzarella,290.0,22.0,19.0,8.0,1.5,1.0,140,1.2,760,100,Olahan,Lauk Pauk,,160,Ayam Geprek Mozarella Leleh Geprek Mozarella,Smashed Fried Chicken With Melted Mozzarella · Ayam Geprek Mozarella Leleh Geprek Mozarella · 1 porsi tanpa nasi (160 g) · Nasional/Ayam · src:Recipe calc · conf:medium
idn-ayam-geprek-sambal-bawang,Ayam Geprek Sambal Bawang,262.0,21.0,16.5,8.5,2.2,1.5,26,1.4,700,100,Olahan,Lauk Pauk,,150,Geprek Bensu Geprek Sambal Bawang,Smashed Fried Chicken With Garlic Chilli · Geprek Bensu Geprek Sambal Bawang · 1 porsi tanpa nasi (150 g) · Nasional/Ayam · src:Recipe calc · conf:medium
idn-ayam-geprek-sambal-matah,Ayam Geprek Sambal Matah,258.0,21.0,16.0,8.0,2.0,1.4,26,1.3,650,100,Olahan,Lauk Pauk,,150,Geprek Sambal Matah,Smashed Fried Chicken With Sambal Matah · Geprek Sambal Matah · 1 porsi tanpa nasi (150 g) · Nasional/Ayam · src:Recipe calc · conf:medium
idn-ayam-goreng-bumbu-kuning,Ayam Goreng Bumbu Kuning,260.0,25.0,16.0,3.5,0.8,0.4,18,1.4,450,100,Olahan,Lauk Pauk,,110,Ayam Goreng Kuning Ayam Ungkep Goreng,Turmeric Fried Chicken · Ayam Goreng Kuning Ayam Ungkep Goreng · 1 potong (1/4 ekor) · Nasional/Ayam · src:Recipe calc · conf:high
idn-ayam-goreng-crispy-dada,Ayam Goreng Crispy Dada,300.0,23.0,19.0,10.0,0.5,0.6,20,1.1,690,100,Olahan,Lauk Pauk,,163,Ayam Crispy Dada Dada Crispy,Crispy Fried Chicken Breast · Ayam Crispy Dada Dada Crispy · 1 potong (163 g) · Nasional/Ayam · src:FatSecret ID · conf:high
idn-ayam-goreng-crispy-paha-atas,Ayam Goreng Crispy Paha Atas,295.0,22.0,20.0,9.0,0.5,0.6,20,1.2,640,100,Olahan,Lauk Pauk,,112,Ayam Crispy Paha Atas Paha Atas Crispy,Crispy Fried Chicken Upper Thigh · Ayam Crispy Paha Atas Paha Atas Crispy · 1 potong (112 g) · Nasional/Ayam · src:FatSecret ID · conf:high
idn-ayam-goreng-crispy-paha-bawah,Ayam Goreng Crispy Paha Bawah,309.0,22.0,21.0,10.0,0.5,0.6,22,1.3,660,100,Olahan,Lauk Pauk,,55,Drumstick Crispy Paha Bawah Crispy,Crispy Fried Chicken Drumstick · Drumstick Crispy Paha Bawah Crispy · 1 potong (55 g) · Nasional/Ayam · src:FatSecret ID · conf:high
idn-ayam-goreng-crispy-sayap,Ayam Goreng Crispy Sayap,352.0,23.0,24.0,12.0,0.6,0.6,24,1.3,700,100,Olahan,Lauk Pauk,,48,Crispy Chicken Wing Sayap Crispy,Crispy Fried Chicken Wing · Crispy Chicken Wing Sayap Crispy · 1 potong (48 g) · Nasional/Ayam · src:FatSecret ID · conf:high
idn-ayam-goreng-d-besto,Ayam Goreng D'Besto,288.0,20.5,18.5,11.5,0.8,0.6,21,1.2,580,100,Olahan,Lauk Pauk,,90,Ayam Dbesto D Besto Crispy,D'Besto Fried Chicken · Ayam Dbesto D Besto Crispy · 1 potong (90 g) · Nasional/Ayam · src:Estimate · conf:medium
idn-ayam-goreng-hot-and-crispy-dada,Ayam Goreng Hot And Crispy Dada,275.0,24.0,16.0,11.0,0.6,0.7,20,1.2,830,100,Olahan,Lauk Pauk,,160,Hot Crispy Dada,Hot And Crispy Fried Chicken Breast · Hot Crispy Dada · 1 potong (160 g) · Nasional/Ayam · src:Estimate · conf:medium
idn-ayam-goreng-hot-and-crispy-paha,Ayam Goreng Hot And Crispy Paha,302.0,21.0,20.0,11.0,0.6,0.7,21,1.3,810,100,Olahan,Lauk Pauk,,110,Ayam Pedas Crispy Hot Crispy Paha,Hot And Crispy Fried Chicken Thigh · Ayam Pedas Crispy Hot Crispy Paha · 1 potong (110 g) · Nasional/Ayam · src:Estimate · conf:medium
idn-ayam-goreng-original-recipe-dada,Ayam Goreng Original Recipe Dada,227.0,26.0,12.0,5.0,0.4,0.3,16,1.0,730,100,Olahan,Lauk Pauk,,172,Chicken Breast Original Dada Original Recipe,Original Recipe Fried Chicken Breast · Chicken Breast Original Dada Original Recipe · 1 potong (172 g) · Nasional/Ayam · src:FatSecret ID · conf:high
idn-ayam-goreng-original-recipe-paha,Ayam Goreng Original Recipe Paha,269.0,24.0,17.0,6.0,0.4,0.4,18,1.2,720,100,Olahan,Lauk Pauk,,104,Ayam Original KFC Paha Original Recipe,Original Recipe Fried Chicken Thigh · Ayam Original KFC Paha Original Recipe · 1 potong (104 g) · Nasional/Ayam · src:FatSecret ID · conf:high
idn-ayam-goreng-original-recipe-sayap,Ayam Goreng Original Recipe Sayap,302.0,24.0,20.0,7.0,0.4,0.4,20,1.3,760,100,Olahan,Lauk Pauk,,43,Original Wing Sayap Original,Original Recipe Fried Chicken Wing · Original Wing Sayap Original · 1 potong (43 g) · Nasional/Ayam · src:FatSecret ID · conf:high
idn-ayam-goreng-rocket-chicken,Ayam Goreng Rocket Chicken,287.0,21.0,18.0,11.0,0.8,0.6,21,1.2,600,100,Olahan,Lauk Pauk,,95,Ayam Rocket Rocket Chicken,Rocket Chicken Fried Chicken · Ayam Rocket Rocket Chicken · 1 potong (95 g) · Nasional/Ayam · src:Estimate · conf:medium
idn-ayam-goreng-serundeng,Ayam Goreng Serundeng,290.0,24.0,18.0,8.0,3.0,2.0,30,1.8,470,100,Olahan,Lauk Pauk,,120,Ayam Goreng Kelapa Ayam Serundeng,Fried Chicken With Spiced Grated Coconut · Ayam Goreng Kelapa Ayam Serundeng · 1 potong (1/4 ekor) · Nasional/Ayam · src:Recipe calc · conf:medium
idn-ayam-goreng-tepung,Ayam Goreng Tepung,290.0,21.0,18.0,11.0,0.5,0.5,25,1.5,550,100,Olahan,Lauk Pauk,,90,Ayam Crispy Fried Chicken Crispy,Battered Fried Chicken · Ayam Crispy Fried Chicken Crispy · 1 potong · Nasional/Ayam · src:Recipe calc · conf:high
idn-ayam-goreng-tepung-sabana,Ayam Goreng Tepung Sabana,292.0,20.0,19.0,12.0,0.8,0.6,22,1.2,560,100,Olahan,Lauk Pauk,,85,Ayam Goreng Kaki Lima Crispy Ayam Sabana Hisana Fried Chicken,Sabana Style Crispy Fried Chicken · Ayam Goreng Kaki Lima Crispy Ayam Sabana Hisana Fried Chicken · 1 potong (85 g) · Nasional/Ayam · src:Recipe calc · conf:medium
idn-ayam-krispi-kantin,Ayam Krispi Kantin,277.0,19.0,17.0,12.0,0.8,0.6,20,1.2,600,100,Olahan,Lauk Pauk,,90,Ayam Crispy Kantin Ayam Tepung Kantin,Canteen Style Crispy Fried Chicken · Ayam Crispy Kantin Ayam Tepung Kantin · 1 potong (90 g) · Nasional/Ayam · src:Recipe calc · conf:medium
idn-ayam-mentega,Ayam Mentega,197.0,13.5,13.0,6.5,3.5,0.5,25,1.0,560,100,Olahan,Lauk Pauk,,130,Ayam Saus Mentega,Butter Soy Chicken · Ayam Saus Mentega · 1 porsi · Nasional/Ayam · src:Recipe calc · conf:medium
idn-ayam-panggang-oven,Ayam Panggang Oven,205.0,26.0,10.5,1.0,0.5,0.1,15,1.1,380,100,Olahan,Lauk Pauk,,120,Ayam Oven Roast Chicken,Oven-Roasted Chicken · Ayam Oven Roast Chicken · 1 potong (1/4 ekor) · Nasional/Ayam · src:USDA analog · conf:high
idn-ayam-saus-mentega-resto,Ayam Saus Mentega Resto,214.0,16.0,14.0,6.0,3.0,0.4,20,1.0,580,100,Olahan,Lauk Pauk,,180,Ayam Butter Chicken Butter Sauce Resto,Restaurant Butter Sauce Chicken · Ayam Butter Chicken Butter Sauce Resto · 1 porsi (180 g) · Nasional/Ayam · src:Recipe calc · conf:medium
idn-babat-rebus,Babat Rebus,94.0,12.0,4.0,2.0,0.0,0.0,69,0.7,68,100,Olahan,Lauk Pauk,,60,Babat Sapi Rebus Tripe,Boiled Beef Tripe · Babat Sapi Rebus Tripe · 1 porsi · Nasional/Daging Sapi · src:USDA analog · conf:high
idn-babi-kecap-resto,Babi Kecap Resto,244.0,17.0,16.0,8.0,6.0,0.3,14,1.2,720,100,Olahan,Lauk Pauk,,150,Babi Kecap Pork Kecap Manis,Braised Pork In Sweet Soy Sauce · Babi Kecap Pork Kecap Manis · 1 porsi (150 g) · Nasional/Babi · src:Recipe calc · conf:medium
idn-bakso-ikan-rebus,Bakso Ikan Rebus,110.0,9.0,2.5,12.5,1.0,0.3,30,0.6,620,100,Olahan,Lauk Pauk,,50,Bakso Ikan Fish Ball,Boiled Fish Balls · Bakso Ikan Fish Ball · 5 butir · Nasional/Ikan · src:FatSecret ID · conf:medium
idn-bebek-bakar,Bebek Bakar,300.0,22.0,22.0,3.5,2.5,0.3,15,2.5,430,100,Olahan,Lauk Pauk,,130,Bebek Bakar Kecap Bebek Panggang,Grilled Duck · Bebek Bakar Kecap Bebek Panggang · 1 potong (1/4 ekor) · Nasional/Bebek & Unggas · src:Recipe calc · conf:medium
idn-bebek-goreng-kremes,Bebek Goreng Kremes,340.0,23.0,24.0,8.5,1.0,0.5,22,2.6,500,100,Olahan,Lauk Pauk,,130,Bebek Goreng Crispy Bebek Kremes,Crispy Fried Duck With Crumbs · Bebek Goreng Crispy Bebek Kremes · 1 potong (1/4 ekor) · Nasional/Bebek & Unggas · src:Recipe calc · conf:medium
idn-bebek-panggang-cina,Bebek Panggang Cina,335.0,19.0,28.0,2.0,1.5,0.1,12,2.7,480,100,Olahan,Lauk Pauk,,100,Bebek Panggang Peranakan Bebek Peking,Chinese-Style Roast Duck · Bebek Panggang Peranakan Bebek Peking · 1 potong · Nasional/Bebek & Unggas · src:USDA analog · conf:medium
idn-bebek-peking,Bebek Peking,340.0,19.0,28.0,3.0,2.0,0.2,12,2.4,420,100,Olahan,Lauk Pauk,,80,Bebek Panggang Peking Peking Duck,Peking Duck · Bebek Panggang Peking Peking Duck · 4 potong (80 g) · Nasional/Bebek & Unggas · src:USDA analog · conf:medium
idn-bebek-rica-rica,Bebek Rica-Rica,290.0,21.0,21.0,4.5,2.0,1.0,20,2.4,480,100,Olahan,Lauk Pauk,,150,Bebek Rica,Spicy Duck Rica-Rica · Bebek Rica · 1 porsi · Nasional/Bebek & Unggas · src:Recipe calc · conf:medium
idn-beef-teriyaki-resto,Beef Teriyaki Resto,197.0,16.0,10.0,11.0,7.5,0.4,14,2.2,790,100,Olahan,Lauk Pauk,,120,Daging Teriyaki Sapi Teriyaki,Beef Teriyaki · Daging Teriyaki Sapi Teriyaki · 1 porsi (120 g) · Nasional/Daging Sapi · src:FatSecret ID · conf:medium
idn-bulgogi-sapi,Bulgogi Sapi,190.0,17.0,10.0,8.0,6.0,0.5,16,2.4,640,100,Olahan,Lauk Pauk,,130,Daging Bulgogi Sapi Bulgogi,Korean Beef Bulgogi · Daging Bulgogi Sapi Bulgogi · 1 porsi (130 g) · Nasional/Daging Sapi · src:USDA analog · conf:medium
idn-burung-dara-goreng,Burung Dara Goreng,285.0,25.0,19.0,3.5,0.8,0.2,18,3.5,400,100,Olahan,Lauk Pauk,,150,Burung Dara Kremes Merpati Goreng,Fried Squab Pigeon · Burung Dara Kremes Merpati Goreng · 1 ekor · Nasional/Mie Instan · src:Recipe calc · conf:medium
idn-burung-puyuh-goreng,Burung Puyuh Goreng,265.0,24.0,17.5,3.0,0.6,0.2,20,3.8,400,100,Olahan,Lauk Pauk,,90,Puyuh Goreng,Fried Quail · Puyuh Goreng · 1 ekor · Nasional/Bebek & Unggas · src:Recipe calc · conf:medium
idn-ceker-ayam-bakar,Ceker Ayam Bakar,260.0,21.0,18.0,3.5,2.5,0.1,80,0.9,420,100,Olahan,Lauk Pauk,,100,Ceker Bakar Ceker Panggang,Grilled Chicken Feet · Ceker Bakar Ceker Panggang · 5 buah · Nasional/Ayam · src:Recipe calc · conf:medium
idn-ceker-ayam-rebus,Ceker Ayam Rebus,215.0,19.4,14.6,0.2,0.0,0.0,88,0.9,67,100,Olahan,Lauk Pauk,,60,Ceker Rebus Kaki Ayam Rebus,Boiled Chicken Feet · Ceker Rebus Kaki Ayam Rebus · 3 buah · Nasional/Ayam · src:USDA analog · conf:high
idn-chicken-cordon-bleu,Chicken Cordon Bleu,262.0,18.0,16.0,12.0,1.2,0.8,120,1.1,680,100,Olahan,Lauk Pauk,,140,Cordon Bleu Ayam,Chicken Cordon Bleu · Cordon Bleu Ayam · 1 potong (140 g) · Nasional/Ayam · src:USDA analog · conf:medium
idn-chicken-fingers-resto,Chicken Fingers Resto,290.0,20.0,15.0,20.0,1.2,0.9,20,1.1,720,100,Olahan,Lauk Pauk,,110,Ayam Strip Resto Chicken Strips Resto,Restaurant Chicken Fingers · Ayam Strip Resto Chicken Strips Resto · 3 potong (110 g) · Nasional/Ayam · src:Estimate · conf:medium
idn-chicken-popcorn-resto,Chicken Popcorn Resto,351.0,20.0,20.0,22.0,1.0,1.0,22,1.3,760,100,Olahan,Lauk Pauk,,85,Ayam Popcorn Chain Popcorn Chicken Resto,Restaurant Popcorn Chicken · Ayam Popcorn Chain Popcorn Chicken Resto · 1 cup regular (85 g) · Nasional/Ayam · src:FatSecret ID · conf:high
idn-chicken-steak-resto,Chicken Steak Resto,190.0,17.0,10.0,8.0,3.0,0.6,16,1.0,520,100,Olahan,Lauk Pauk,,150,Chicken Steak Saus Blackpepper Steak Ayam,Restaurant Chicken Steak · Chicken Steak Saus Blackpepper Steak Ayam · 1 potong (150 g) · Nasional/Ayam · src:Recipe calc · conf:medium
idn-chicken-teriyaki-resto,Chicken Teriyaki Resto,180.0,17.0,7.0,12.0,8.0,0.4,16,1.0,760,100,Olahan,Lauk Pauk,,120,Ayam Teriyaki Chicken Teriyaki HokBen,Chicken Teriyaki · Ayam Teriyaki Chicken Teriyaki HokBen · 1 porsi (120 g) · Nasional/Ayam · src:FatSecret ID · conf:high
idn-chicken-yakiniku,Chicken Yakiniku,159.0,17.0,7.0,7.0,4.5,0.5,16,1.0,700,100,Olahan,Lauk Pauk,,120,Ayam Yakiniku,Chicken Yakiniku · Ayam Yakiniku · 1 porsi (120 g) · Nasional/Ayam · src:FatSecret ID · conf:medium
idn-cumi-asin-cabe-hijau,Cumi Asin Cabe Hijau,245.0,30.0,12.0,4.0,1.5,0.8,60,2.0,1400,100,Olahan,Lauk Pauk,,80,Cumi Asin Cabai Hijau,Salted Squid With Green Chilli · Cumi Asin Cabai Hijau · 1 porsi · Nasional/Seafood · src:Recipe calc · conf:medium
idn-cumi-bakar,Cumi Bakar,130.0,20.0,3.5,4.0,2.5,0.1,35,0.9,440,100,Olahan,Lauk Pauk,,150,Cumi-Cumi Bakar Sotong Bakar,Grilled Squid · Cumi-Cumi Bakar Sotong Bakar · 1 porsi · Nasional/Seafood · src:Recipe calc · conf:medium
idn-cumi-rebus,Cumi Rebus,122.0,20.8,1.9,4.1,0.0,0.0,32,0.7,44,100,Olahan,Lauk Pauk,,80,Cumi-Cumi Rebus Sotong Rebus,Boiled Squid · Cumi-Cumi Rebus Sotong Rebus · 1 porsi · Nasional/Seafood · src:USDA analog · conf:high
idn-cumi-telur-asin,Cumi Telur Asin,247.0,16.0,15.0,12.0,1.4,0.6,60,1.0,700,100,Olahan,Lauk Pauk,,150,Cumi Saus Telur Asin Salted Egg Squid,Squid With Salted Egg Sauce · Cumi Saus Telur Asin Salted Egg Squid · 1 porsi (150 g) · Nasional/Seafood · src:Recipe calc · conf:medium
idn-dada-ayam-fillet-kukus,Dada Ayam Fillet Kukus,165.0,31.0,3.6,0.0,0.0,0.0,15,1.0,74,100,Olahan,Lauk Pauk,,100,Ayam Kukus Tanpa Kulit Chicken Breast Kukus Fillet Dada Ayam Kukus,Steamed Skinless Chicken Breast Fillet · Ayam Kukus Tanpa Kulit Chicken Breast Kukus Fillet Dada Ayam Kukus · 1 potong (100 g) · Nasional/Ayam · src:USDA analog · conf:high
idn-dada-ayam-panggang-tanpa-kulit,Dada Ayam Panggang Tanpa Kulit,165.0,31.0,3.6,0.0,0.0,0.0,15,1.0,74,100,Olahan,Lauk Pauk,,100,Dada Ayam Panggang Grilled Chicken Breast,Grilled Skinless Chicken Breast · Dada Ayam Panggang Grilled Chicken Breast · 1 potong sedang · Nasional/Ayam · src:USDA analog · conf:high
idn-dada-ayam-rebus-tanpa-kulit,Dada Ayam Rebus Tanpa Kulit,150.0,28.5,3.2,0.0,0.0,0.0,13,0.9,60,100,Olahan,Lauk Pauk,,100,Ayam Rebus Dada Dada Ayam Rebus,Boiled Skinless Chicken Breast · Ayam Rebus Dada Dada Ayam Rebus · 1 potong sedang · Nasional/Ayam · src:USDA analog · conf:high
idn-daging-kambing-rebus,Daging Kambing Rebus,148.0,26.0,3.5,0.0,0.0,0.0,16,3.5,80,100,Olahan,Lauk Pauk,,60,Daging Kambing Matang Kambing Rebus,Boiled Goat Meat · Daging Kambing Matang Kambing Rebus · 1 potong sedang · Nasional/Daging Sapi · src:USDA analog · conf:high
idn-daging-sapi-giling-tumis,Daging Sapi Giling Tumis,254.0,25.7,16.0,0.5,0.0,0.0,20,2.5,75,100,Olahan,Lauk Pauk,,60,Daging Cincang Tumis Minced Beef,Cooked Ground Beef · Daging Cincang Tumis Minced Beef · 1 porsi · Nasional/Daging Sapi · src:USDA analog · conf:high
idn-daging-sapi-panggang,Daging Sapi Panggang,220.0,30.0,10.5,0.0,0.0,0.0,10,2.9,60,100,Olahan,Lauk Pauk,,100,Sapi Bakar Steak Sapi Panggang,Grilled Lean Beef · Sapi Bakar Steak Sapi Panggang · 1 potong · Nasional/Daging Sapi · src:USDA analog · conf:high
idn-daging-sapi-rebus,Daging Sapi Rebus,230.0,28.0,12.5,0.0,0.0,0.0,12,2.8,55,100,Olahan,Lauk Pauk,,60,Daging Rebus Sapi Rebus,Boiled Beef · Daging Rebus Sapi Rebus · 1 potong sedang · Nasional/Daging Sapi · src:USDA analog · conf:high
idn-ebi-furai,Ebi Furai,244.0,13.0,12.0,21.0,1.4,1.0,50,1.0,540,100,Olahan,Lauk Pauk,,90,Ebi Fry Udang Goreng Tepung Panko,Japanese Deep Fried Breaded Prawn · Ebi Fry Udang Goreng Tepung Panko · 3 buah (90 g) · Nasional/Seafood · src:Estimate · conf:medium
idn-egg-chicken-roll,Egg Chicken Roll,288.0,14.0,19.0,15.0,1.0,0.8,30,1.4,640,100,Olahan,Lauk Pauk,,34,Egg Roll Ayam HokBen Ekado Resto,Japanese Egg Chicken Roll · Egg Roll Ayam HokBen Ekado Resto · 2 potong (34 g) · Nasional/Ayam · src:FatSecret ID · conf:medium
idn-entog-goreng,Entog Goreng,305.0,24.0,22.0,2.5,0.5,0.2,16,2.8,420,100,Olahan,Lauk Pauk,,120,Entok Goreng Menthok Goreng,Fried Muscovy Duck · Entok Goreng Menthok Goreng · 1 potong · Nasional/Bebek & Unggas · src:Recipe calc · conf:medium
idn-fuyunghai-seafood-resto,Fuyunghai Seafood Resto,202.0,11.0,14.0,8.0,4.0,1.0,50,1.6,560,100,Olahan,Lauk Pauk,,180,Fu Yung Hai Seafood Fuyunghai Resto,Restaurant Seafood Egg Foo Young · Fu Yung Hai Seafood Fuyunghai Resto · 1 porsi (180 g) · Nasional/Seafood · src:Recipe calc · conf:medium
idn-hati-ayam-rebus,Hati Ayam Rebus,167.0,24.5,6.5,0.9,0.0,0.0,11,11.6,76,100,Olahan,Lauk Pauk,,30,Ati Ayam Rebus,Boiled Chicken Liver · Ati Ayam Rebus · 1 potong · Nasional/Ayam · src:USDA analog · conf:high
idn-iga-babi-bakar,Iga Babi Bakar,310.0,22.0,22.0,6.0,5.0,0.2,25,1.2,520,100,Olahan,Lauk Pauk,,200,BBQ Pork Ribs Iga Babi Panggang,Grilled Pork Ribs · BBQ Pork Ribs Iga Babi Panggang · 1 porsi (3 potong) · Nasional/Daging Sapi · src:Recipe calc · conf:medium
idn-iga-bakar-madu,Iga Bakar Madu,290.0,21.0,20.0,6.5,5.5,0.1,18,2.4,480,100,Olahan,Lauk Pauk,,200,Iga Madu Iga Sapi Bakar Madu,Honey Grilled Beef Short Ribs · Iga Madu Iga Sapi Bakar Madu · 1 porsi (3 potong) · Nasional/Daging Sapi · src:Recipe calc · conf:medium
idn-iga-sapi-bakar,Iga Sapi Bakar,330.0,24.0,26.0,0.8,0.5,0.0,15,2.4,320,100,Olahan,Lauk Pauk,,120,Beef Short Ribs Iga Bakar,Grilled Beef Ribs · Beef Short Ribs Iga Bakar · 1 potong · Nasional/Daging Sapi · src:Recipe calc · conf:medium
idn-ikan-asam-manis,Ikan Asam Manis,195.0,16.0,9.0,12.0,8.5,0.6,35,1.0,520,100,Olahan,Lauk Pauk,,200,Ikan Goreng Asam Manis Ikan Saus Asam Manis,Sweet And Sour Fried Fish · Ikan Goreng Asam Manis Ikan Saus Asam Manis · 1 ekor sedang · Nasional/Ikan · src:Recipe calc · conf:medium
idn-ikan-bakar-bumbu-kuning,Ikan Bakar Bumbu Kuning,145.0,20.0,6.0,2.5,1.2,0.4,45,1.1,400,100,Olahan,Lauk Pauk,,120,Ikan Bakar Kuning Ikan Panggang Bumbu Kuning,Grilled Fish In Turmeric Spice Paste · Ikan Bakar Kuning Ikan Panggang Bumbu Kuning · 1 ekor sedang (120 g) · Nasional/Ikan · src:Recipe calc · conf:medium
idn-ikan-bakar-bumbu-rujak,Ikan Bakar Bumbu Rujak,175.0,22.0,7.0,5.5,3.5,0.8,42,1.4,460,100,Olahan,Lauk Pauk,,180,Ikan Bumbu Rujak Bakar,Grilled Fish In Spicy Sweet Paste · Ikan Bumbu Rujak Bakar · 1 ekor sedang · Nasional/Ikan · src:Recipe calc · conf:medium
idn-ikan-bandeng-bakar,Ikan Bandeng Bakar,210.0,22.0,12.5,2.5,1.5,0.1,60,1.5,400,100,Olahan,Lauk Pauk,,180,Bandeng Bakar,Grilled Milkfish · Bandeng Bakar · 1 ekor sedang · Nasional/Ikan · src:Recipe calc · conf:medium
idn-ikan-baronang-bakar,Ikan Baronang Bakar,150.0,24.0,4.5,2.0,1.2,0.1,55,1.0,400,100,Olahan,Lauk Pauk,,170,Baronang Bakar,Grilled Rabbitfish · Baronang Bakar · 1 ekor sedang · Nasional/Ikan · src:Recipe calc · conf:medium
idn-ikan-bawal-bakar,Ikan Bawal Bakar,160.0,23.0,6.0,2.5,1.5,0.1,45,1.0,400,100,Olahan,Lauk Pauk,,170,Bawal Bakar,Grilled Pomfret · Bawal Bakar · 1 ekor sedang · Nasional/Ikan · src:Recipe calc · conf:medium
idn-ikan-bawal-goreng,Ikan Bawal Goreng,215.0,25.0,12.0,0.8,0.2,0.0,50,1.1,340,100,Olahan,Lauk Pauk,,150,Bawal Goreng,Fried Pomfret · Bawal Goreng · 1 ekor sedang · Nasional/Ikan · src:Recipe calc · conf:medium
idn-ikan-dori-goreng-tepung,Ikan Dori Goreng Tepung,230.0,14.0,12.5,15.5,0.8,0.5,20,0.6,470,100,Olahan,Lauk Pauk,,130,Dori Crispy Fillet Dori Goreng,Battered Fried Dory Fillet · Dori Crispy Fillet Dori Goreng · 1 porsi · Nasional/Ikan · src:Recipe calc · conf:medium
idn-ikan-kakap-bakar,Ikan Kakap Bakar,145.0,25.0,3.5,2.0,1.2,0.1,40,0.5,400,100,Olahan,Lauk Pauk,,150,Kakap Merah Bakar,Grilled Red Snapper · Kakap Merah Bakar · 1 potong · Nasional/Ikan · src:Recipe calc · conf:high
idn-ikan-kakap-goreng-tepung,Ikan Kakap Goreng Tepung,235.0,18.0,11.5,15.0,0.8,0.5,30,0.9,460,100,Olahan,Lauk Pauk,,130,Fillet Kakap Crispy Kakap Goreng Tepung,Battered Fried Snapper · Fillet Kakap Crispy Kakap Goreng Tepung · 1 porsi · Nasional/Ikan · src:Recipe calc · conf:medium
idn-ikan-kembung-bakar,Ikan Kembung Bakar,165.0,25.0,7.0,0.0,0.0,0.0,55,1.2,120,100,Olahan,Lauk Pauk,,90,Kembung Bakar,Grilled Indian Mackerel · Kembung Bakar · 1 ekor sedang · Nasional/Roti & Pastry · src:TKPI · conf:high
idn-ikan-kembung-goreng,Ikan Kembung Goreng,240.0,26.0,14.5,1.0,0.1,0.0,60,1.3,220,100,Olahan,Lauk Pauk,,80,Kembung Goreng,Fried Indian Mackerel · Kembung Goreng · 1 ekor sedang · Nasional/Roti & Pastry · src:Recipe calc · conf:high
idn-ikan-kerapu-bakar,Ikan Kerapu Bakar,140.0,25.0,3.0,2.0,1.2,0.1,35,0.6,390,100,Olahan,Lauk Pauk,,150,Kerapu Bakar,Grilled Grouper · Kerapu Bakar · 1 potong · Nasional/Ikan · src:Recipe calc · conf:medium
idn-ikan-lele-bakar,Ikan Lele Bakar,155.0,22.0,6.5,2.0,1.2,0.1,35,0.9,380,100,Olahan,Lauk Pauk,,150,Lele Bakar,Grilled Catfish · Lele Bakar · 1 ekor sedang · Nasional/Ikan · src:Recipe calc · conf:medium
idn-ikan-lele-goreng,Ikan Lele Goreng,230.0,22.0,15.0,1.0,0.1,0.0,50,1.0,180,100,Olahan,Lauk Pauk,,90,Lele Goreng Pecel Lele Ikan,Fried Catfish · Lele Goreng Pecel Lele Ikan · 1 ekor sedang · Nasional/Ikan · src:Recipe calc · conf:high
idn-ikan-nila-bakar,Ikan Nila Bakar,145.0,26.0,4.0,0.5,0.2,0.0,30,0.8,150,100,Olahan,Lauk Pauk,,120,Ikan Nila Panggang Nila Bakar,Grilled Tilapia · Ikan Nila Panggang Nila Bakar · 1 ekor sedang · Nasional/Ikan · src:USDA analog · conf:high
idn-ikan-nila-goreng,Ikan Nila Goreng,200.0,26.0,10.0,0.5,0.2,0.0,45,1.0,320,100,Olahan,Lauk Pauk,,150,Nila Goreng,Fried Tilapia · Nila Goreng · 1 ekor sedang · Nasional/Ikan · src:Recipe calc · conf:high
idn-ikan-pari-bakar,Ikan Pari Bakar,145.0,24.0,4.0,2.5,1.5,0.1,30,1.2,420,100,Olahan,Lauk Pauk,,150,Ikan Pe Bakar Pari Bakar,Grilled Stingray · Ikan Pe Bakar Pari Bakar · 1 potong · Nasional/Ikan · src:Recipe calc · conf:medium
idn-ikan-salmon-panggang,Ikan Salmon Panggang,220.0,25.0,12.5,1.0,0.5,0.0,15,0.5,320,100,Olahan,Lauk Pauk,,120,Salmon Bakar Salmon Panggang,Roasted Salmon · Salmon Bakar Salmon Panggang · 1 potong fillet · Nasional/Ikan · src:USDA analog · conf:high
idn-ikan-sarden-kaleng,Ikan Sarden Kaleng,185.0,17.0,10.5,5.0,2.5,0.4,240,2.0,450,100,Olahan,Lauk Pauk,,75,Sarden Kaleng Sardines Saus Tomat,Canned Sardines In Tomato Sauce · Sarden Kaleng Sardines Saus Tomat · 1/2 kaleng · Nasional/Ikan · src:FatSecret ID · conf:high
idn-ikan-selar-goreng,Ikan Selar Goreng,215.0,26.0,12.0,0.5,0.2,0.0,80,1.6,380,100,Olahan,Lauk Pauk,,120,Ikan Selar Kuning Goreng Selar Goreng,Fried Yellowstripe Scad · Ikan Selar Kuning Goreng Selar Goreng · 2 ekor · Nasional/Ikan · src:Recipe calc · conf:medium
idn-ikan-tenggiri-goreng,Ikan Tenggiri Goreng,210.0,27.0,11.0,0.5,0.2,0.0,35,1.1,340,100,Olahan,Lauk Pauk,,120,Tenggiri Goreng,Fried Spanish Mackerel · Tenggiri Goreng · 1 potong · Nasional/Ikan · src:Recipe calc · conf:medium
idn-ikan-teri-goreng,Ikan Teri Goreng,320.0,34.0,19.0,1.0,0.2,0.0,900,3.5,1600,100,Olahan,Lauk Pauk,,20,Teri Goreng Teri Medan Goreng,Fried Dried Anchovies · Teri Goreng Teri Medan Goreng · 2 sdm · Nasional/Ikan · src:TKPI · conf:medium
idn-ikan-tongkol-rebus,Ikan Tongkol Rebus,130.0,26.5,2.5,0.0,0.0,0.0,35,1.6,60,100,Olahan,Lauk Pauk,,80,Tongkol Kukus Tongkol Rebus,Boiled Little Tuna · Tongkol Kukus Tongkol Rebus · 1 potong sedang · Nasional/Sayuran · src:TKPI · conf:high
idn-ikan-tuna-kaleng,Ikan Tuna Kaleng,116.0,25.5,0.8,0.0,0.0,0.0,11,1.3,320,100,Olahan,Lauk Pauk,,80,Tuna In Water Tuna Kaleng,Canned Tuna In Water · Tuna In Water Tuna Kaleng · 1/2 kaleng · Nasional/Ikan · src:USDA analog · conf:high
idn-kambing-guling,Kambing Guling,265.0,24.0,18.0,1.0,0.5,0.1,18,2.5,400,100,Olahan,Lauk Pauk,,120,Kambing Golek Kambing Guling Bakar,Spit-Roasted Whole Lamb · Kambing Golek Kambing Guling Bakar · 1 porsi · Nasional/Kambing · src:Recipe calc · conf:medium
idn-karaage-ayam-resto,Karaage Ayam Resto,275.0,19.0,17.0,12.0,1.0,0.5,18,1.0,620,100,Olahan,Lauk Pauk,,100,Ayam Karaage Resto Karaage Jepang,Japanese Chicken Karaage Restaurant Style · Ayam Karaage Resto Karaage Jepang · 1 porsi (100 g) · Nasional/Ayam · src:FatSecret ID · conf:medium
idn-katsu-ayam-saus-teriyaki,Katsu Ayam Saus Teriyaki,255.0,17.0,14.0,16.0,4.0,0.8,22,1.1,640,100,Olahan,Lauk Pauk,,150,Ayam Katsu Teriyaki Chicken Katsu Saus,Chicken Katsu With Teriyaki Sauce · Ayam Katsu Teriyaki Chicken Katsu Saus · 1 porsi tanpa nasi (150 g) · Nasional/Ayam · src:Recipe calc · conf:medium
idn-kepiting-lada-hitam,Kepiting Lada Hitam,135.0,15.0,6.0,5.0,2.5,0.6,70,1.0,700,100,Olahan,Lauk Pauk,,130,Kepiting Saus Lada Hitam,Black Pepper Crab · Kepiting Saus Lada Hitam · 1 ekor sedang · Nasional/Seafood · src:Recipe calc · conf:medium
idn-kepiting-rebus,Kepiting Rebus,100.0,19.0,1.5,2.0,0.0,0.0,90,0.8,400,100,Olahan,Lauk Pauk,,100,Kepiting Kukus Rajungan Rebus,Boiled Crab · Kepiting Kukus Rajungan Rebus · 1 ekor sedang · Nasional/Seafood · src:TKPI · conf:high
idn-kepiting-saus-padang,Kepiting Saus Padang,130.0,14.0,5.5,6.5,3.5,0.7,70,1.0,680,100,Olahan,Lauk Pauk,,130,Kepiting Padang Kepiting Saos Padang,Crab In Padang Chilli Sauce · Kepiting Padang Kepiting Saos Padang · 1 ekor sedang · Nasional/Seafood · src:Recipe calc · conf:medium
idn-kerang-hijau-rebus,Kerang Hijau Rebus,150.0,20.0,4.0,6.5,0.0,0.0,40,6.0,300,100,Olahan,Lauk Pauk,,80,Green Mussel Kerang Rebus,Boiled Green Mussels · Green Mussel Kerang Rebus · 1 porsi · Nasional/Seafood · src:USDA analog · conf:medium
idn-kerang-hijau-saus-padang,Kerang Hijau Saus Padang,145.0,14.0,6.5,8.0,4.0,0.8,70,4.5,620,100,Olahan,Lauk Pauk,,150,Kerang Hijau Padang Kerang Saos Padang,Green Mussels In Padang Sauce · Kerang Hijau Padang Kerang Saos Padang · 1 porsi · Nasional/Seafood · src:Recipe calc · conf:medium
idn-koloke-ayam,Koloke Ayam,218.0,11.0,10.5,20.0,12.0,0.7,25,0.9,480,100,Olahan,Lauk Pauk,,140,Ayam Koloke Kuluyuk Ayam,Sweet And Sour Battered Chicken · Ayam Koloke Kuluyuk Ayam · 1 porsi · Nasional/Sayuran · src:Recipe calc · conf:medium
idn-koloke-babi-asam-manis,Koloke Babi Asam Manis,233.0,12.0,11.0,22.0,13.0,0.8,22,1.0,520,100,Olahan,Lauk Pauk,,180,Koloke Pork Kuluyuk Babi,Sweet And Sour Pork · Koloke Pork Kuluyuk Babi · 1 porsi (180 g) · Nasional/Babi · src:Recipe calc · conf:medium
idn-korean-fried-chicken-soy-garlic,Korean Fried Chicken Soy Garlic,265.0,18.0,13.0,19.0,10.0,0.6,22,1.1,720,100,Olahan,Lauk Pauk,,150,Ayam Korea Soy Garlic KFC Korea Soy Garlic,Korean Fried Chicken Soy Garlic · Ayam Korea Soy Garlic KFC Korea Soy Garlic · 3 potong (150 g) · Nasional/Ayam · src:Estimate · conf:medium
idn-korean-fried-chicken-yangnyeom,Korean Fried Chicken Yangnyeom,277.0,17.0,13.0,23.0,14.0,0.8,22,1.2,760,100,Olahan,Lauk Pauk,,150,Ayam Korea Yangnyeom Yangnyeom Chicken,Korean Fried Chicken Sweet Spicy · Ayam Korea Yangnyeom Yangnyeom Chicken · 3 potong (150 g) · Nasional/Ayam · src:Estimate · conf:medium
idn-kornet-sapi,Kornet Sapi,160.0,12.0,9.0,8.0,1.0,0.0,15,2.0,950,100,Olahan,Lauk Pauk,,40,Corned Beef Kaleng,Corned Beef · Corned Beef Kaleng · 2 sdm · Nasional/Daging Sapi · src:USDA analog · conf:high
idn-kulit-ayam-goreng,Kulit Ayam Goreng,480.0,20.0,42.0,5.0,0.2,0.2,20,1.5,250,100,Olahan,Lauk Pauk,,30,Kulit Ayam Krispi Goreng,Deep-Fried Chicken Skin · Kulit Ayam Krispi Goreng · 1 porsi kecil · Nasional/Ayam · src:USDA analog · conf:medium
idn-kuning-telur-rebus,Kuning Telur Rebus,322.0,15.9,26.5,3.6,0.6,0.0,129,2.7,48,100,Olahan,Lauk Pauk,,17,Egg Yolk Kuning Telur Yolk Rebus,Boiled Egg Yolk · Egg Yolk Kuning Telur Yolk Rebus · 1 butir kuning (17 g) · Nasional/Telur · src:USDA analog · conf:high
idn-lobster-bakar,Lobster Bakar,145.0,21.0,5.5,1.5,0.8,0.0,60,0.5,480,100,Olahan,Lauk Pauk,,120,Lobster Panggang Udang Barong Bakar,Grilled Lobster · Lobster Panggang Udang Barong Bakar · 1 ekor kecil · Nasional/Seafood · src:USDA analog · conf:medium
idn-mcd-crispy-chicken-dada,McD Crispy Chicken Dada,267.0,23.0,16.0,10.0,0.5,0.5,18,1.1,600,100,Olahan,Lauk Pauk,,120,Ayam McD Dada McD Ayam Crispy Dada,McDonald's Crispy Chicken Breast · Ayam McD Dada McD Ayam Crispy Dada · 1 potong (120 g) · Nasional/Ayam · src:FatSecret ID · conf:high
idn-mcd-crispy-chicken-paha,McD Crispy Chicken Paha,327.0,20.0,22.0,12.0,0.5,0.5,20,1.2,620,100,Olahan,Lauk Pauk,,101,Ayam McD Paha McD Ayam Crispy Paha,McDonald's Crispy Chicken Thigh · Ayam McD Paha McD Ayam Crispy Paha · 1 potong (101 g) · Nasional/Ayam · src:FatSecret ID · conf:high
idn-omelet-putih-telur,Omelet Putih Telur,60.0,11.0,0.5,1.5,0.8,0.2,15,0.2,250,100,Olahan,Lauk Pauk,,120,Egg White Omelette Omelet Putih Telur Saja,Egg White Omelette · Egg White Omelette Omelet Putih Telur Saja · 1 porsi (120 g) · Nasional/Telur · src:Recipe calc · conf:medium
idn-orak-arik-telur-sayur-burjo,Orak Arik Telur Sayur Burjo,140.0,8.5,10.0,4.0,2.0,1.2,45,1.4,380,100,Olahan,Lauk Pauk,,90,Orak Arik Burjo Telur Orak Arik Sayur Warmindo,Scrambled Egg With Cabbage And Carrot · Orak Arik Burjo Telur Orak Arik Sayur Warmindo · 1 porsi (90 g) · Nasional/Telur · src:Recipe calc · conf:medium
idn-paha-ayam-goreng-berkulit,Paha Ayam Goreng Berkulit,260.0,24.0,17.5,1.5,0.2,0.1,15,1.4,300,100,Olahan,Lauk Pauk,,90,Ayam Goreng Paha Paha Ayam Goreng,Fried Chicken Thigh With Skin · Ayam Goreng Paha Paha Ayam Goreng · 1 potong · Nasional/Ayam · src:Recipe calc · conf:high
idn-paha-ayam-rebus-tanpa-kulit,Paha Ayam Rebus Tanpa Kulit,209.0,26.0,10.9,0.0,0.0,0.0,12,1.3,88,100,Olahan,Lauk Pauk,,80,Paha Ayam Rebus,Boiled Skinless Chicken Thigh · Paha Ayam Rebus · 1 potong · Nasional/Ayam · src:USDA analog · conf:high
idn-putih-telur-rebus,Putih Telur Rebus,52.0,10.9,0.2,0.7,0.7,0.0,7,0.1,166,100,Olahan,Lauk Pauk,,66,Albumin Telur Egg White Rebus Putih Telur,Boiled Egg White · Albumin Telur Egg White Rebus Putih Telur · 2 butir putih telur (66 g) · Nasional/Telur · src:USDA analog · conf:high
idn-richeese-fire-chicken,Richeese Fire Chicken,271.0,23.2,13.0,15.5,1.0,0.7,22,1.2,780,100,Olahan,Lauk Pauk,,140,Ayam Richeese Fire Chicken Richeese,Richeese Fire Chicken · Ayam Richeese Fire Chicken Richeese · 1 potong (140 g) · Nasional/Ayam · src:FatSecret ID · conf:high
idn-richeese-fire-chicken-level-5,Richeese Fire Chicken Level 5,276.0,22.5,13.5,16.5,1.6,0.9,22,1.3,900,100,Olahan,Lauk Pauk,,145,Fire Chicken Level 5 Richeese Pedas Level 5,Richeese Fire Chicken Spicy Level 5 · Fire Chicken Level 5 Richeese Pedas Level 5 · 1 potong (145 g) · Nasional/Ayam · src:Estimate · conf:medium
idn-richeese-fire-wings,Richeese Fire Wings,290.0,22.0,16.0,14.0,1.0,0.7,24,1.3,820,100,Olahan,Lauk Pauk,,95,Fire Wings Sayap Richeese,Richeese Fire Wings · Fire Wings Sayap Richeese · 2 potong (95 g) · Nasional/Ayam · src:Estimate · conf:medium
idn-sapi-cah-jamur,Sapi Cah Jamur,131.0,12.0,7.0,5.0,2.0,1.0,16,2.2,600,100,Olahan,Lauk Pauk,,200,Beef Mushroom Resto Daging Sapi Cah Jamur,Stir Fried Beef With Mushroom · Beef Mushroom Resto Daging Sapi Cah Jamur · 1 porsi (200 g) · Nasional/Daging Sapi · src:Recipe calc · conf:medium
idn-sapo-tahu-ayam,Sapo Tahu Ayam,119.0,8.0,7.0,6.0,2.0,1.2,140,1.6,540,100,Olahan,Lauk Pauk,,250,Claypot Tofu Ayam Sapo Tahu Ayam Resto,Claypot Tofu With Chicken · Claypot Tofu Ayam Sapo Tahu Ayam Resto · 1 porsi (250 g) · Nasional/Ayam · src:Recipe calc · conf:medium
idn-sate-ati-ampela,Sate Ati Ampela,165.0,24.0,5.5,4.0,3.2,0.1,12,5.5,450,100,Olahan,Lauk Pauk,,120,Sate Ati Ampela Ayam Sate Jeroan Ayam,Chicken Liver And Gizzard Satay · Sate Ati Ampela Ayam Sate Jeroan Ayam · 10 tusuk · Nasional/Sate · src:Recipe calc · conf:medium
idn-sate-ayam-bumbu-kecap,Sate Ayam Bumbu Kecap,195.0,24.5,8.5,5.5,4.5,0.2,15,1.3,480,100,Olahan,Lauk Pauk,,130,Sate Ayam Kecap Sate Ayam Manis,Chicken Satay In Sweet Soy Marinade · Sate Ayam Kecap Sate Ayam Manis · 10 tusuk (tanpa bumbu kacang) · Nasional/Sate · src:Recipe calc · conf:high
idn-sate-ayam-bumbu-kuning,Sate Ayam Bumbu Kuning,190.0,25.0,9.0,2.0,1.0,0.3,16,1.2,400,100,Olahan,Lauk Pauk,,130,Sate Ayam Kunyit,Turmeric-Marinated Chicken Satay · Sate Ayam Kunyit · 10 tusuk (tanpa bumbu kacang) · Nasional/Sate · src:Recipe calc · conf:medium
idn-sate-ayam-bumbu-rujak,Sate Ayam Bumbu Rujak,215.0,22.0,11.0,7.0,4.5,0.8,20,1.4,430,100,Olahan,Lauk Pauk,,130,Sate Ayam Rujak,Chicken Satay In Spicy Coconut Spice Paste · Sate Ayam Rujak · 10 tusuk · Nasional/Sate · src:Recipe calc · conf:medium
idn-sate-ayam-kampung,Sate Ayam Kampung,175.0,27.0,6.5,2.5,2.0,0.1,15,1.5,400,100,Olahan,Lauk Pauk,,130,Sate Ayam Jawa Sate Pitik,Free-Range Chicken Satay · Sate Ayam Jawa Sate Pitik · 10 tusuk (tanpa bumbu kacang) · Nasional/Sate · src:Recipe calc · conf:medium
idn-sate-ayam-taichan,Sate Ayam Taichan,165.0,27.0,5.5,0.5,0.2,0.0,12,1.0,420,100,Olahan,Lauk Pauk,,120,Sate Ayam Taican Sate Taichan,Taichan Chicken Satay · Sate Ayam Taican Sate Taichan · 10 tusuk (tanpa sambal) · Nasional/Sate · src:Recipe calc · conf:high
idn-sate-babat,Sate Babat,150.0,16.0,7.0,4.5,3.5,0.1,60,1.0,480,100,Olahan,Lauk Pauk,,130,Sate Babat Sapi,Grilled Beef Tripe Satay · Sate Babat Sapi · 10 tusuk · Nasional/Sate · src:Recipe calc · conf:medium
idn-sate-babi,Sate Babi,250.0,24.0,14.5,5.5,4.8,0.1,12,1.0,480,100,Olahan,Lauk Pauk,,140,Sate B2 Sate Babi Kecap,Pork Satay · Sate B2 Sate Babi Kecap · 10 tusuk · Nasional/Sate · src:Recipe calc · conf:medium
idn-sate-cumi,Sate Cumi,115.0,19.0,2.0,4.0,2.5,0.0,35,0.9,420,100,Olahan,Lauk Pauk,,120,Sate Cumi-Cumi Sate Sotong,Grilled Squid Satay · Sate Cumi-Cumi Sate Sotong · 6 tusuk · Nasional/Sate · src:Recipe calc · conf:medium
idn-sate-ikan-tenggiri,Sate Ikan Tenggiri,155.0,24.0,5.0,3.0,2.0,0.1,30,1.0,400,100,Olahan,Lauk Pauk,,120,Sate Tenggiri,Spanish Mackerel Satay · Sate Tenggiri · 6 tusuk · Nasional/Sate · src:Recipe calc · conf:medium
idn-sate-jamur,Sate Jamur,95.0,4.0,3.5,12.0,4.0,2.5,20,1.2,380,100,Olahan,Lauk Pauk,,100,Sate Jamur Tiram Sate Vegetarian,Mushroom Satay · Sate Jamur Tiram Sate Vegetarian · 10 tusuk · Nasional/Sayuran · src:Recipe calc · conf:medium
idn-sate-kambing-muda,Sate Kambing Muda,210.0,25.0,11.0,2.5,2.0,0.1,15,2.8,380,100,Olahan,Lauk Pauk,,150,Sate Cempe Sate Kambing,Young Goat Satay · Sate Cempe Sate Kambing · 10 tusuk · Nasional/Sate · src:Recipe calc · conf:high
idn-sate-kikil,Sate Kikil,190.0,20.0,10.0,4.0,3.0,0.1,25,1.0,450,100,Olahan,Lauk Pauk,,130,Sate Kikil Sapi,Grilled Beef Tendon Satay · Sate Kikil Sapi · 10 tusuk · Nasional/Sate · src:Recipe calc · conf:medium
idn-sate-kulit-ayam,Sate Kulit Ayam,380.0,20.0,32.0,3.0,2.5,0.1,12,1.0,480,100,Olahan,Lauk Pauk,,100,Sate Kulit Sate Kulit Ayam Bakar,Chicken Skin Satay · Sate Kulit Sate Kulit Ayam Bakar · 10 tusuk · Nasional/Sate · src:Recipe calc · conf:medium
idn-sate-sapi,Sate Sapi,205.0,26.0,9.5,3.5,3.0,0.1,14,2.6,420,100,Olahan,Lauk Pauk,,140,Sate Daging Sapi Sate Sapi Bumbu Kecap,Beef Satay · Sate Daging Sapi Sate Sapi Bumbu Kecap · 10 tusuk · Nasional/Sate · src:Recipe calc · conf:high
idn-sate-tahu,Sate Tahu,145.0,11.0,8.5,6.5,3.5,1.0,180,2.0,400,100,Olahan,Lauk Pauk,,110,Sate Tahu Bakar,Tofu Satay · Sate Tahu Bakar · 5 tusuk · Nasional/Sate · src:Recipe calc · conf:medium
idn-sate-tempe,Sate Tempe,210.0,15.0,10.0,15.0,5.0,4.0,90,2.2,420,100,Olahan,Lauk Pauk,,100,Sate Tempe Bacem Sate Tempe Bakar,Tempeh Satay · Sate Tempe Bacem Sate Tempe Bakar · 5 tusuk · Nasional/Sate · src:Recipe calc · conf:medium
idn-sate-torpedo,Sate Torpedo,160.0,22.0,6.5,2.5,1.8,0.1,12,1.8,380,100,Olahan,Lauk Pauk,,100,Sate Torpedo Kambing,Grilled Goat Testicle Satay · Sate Torpedo Kambing · 5 tusuk · Nasional/Sate · src:Estimate · conf:low
idn-sate-udang,Sate Udang,110.0,22.0,1.5,2.0,1.5,0.0,60,1.5,450,100,Olahan,Lauk Pauk,,120,Sate Udang Bakar,Grilled Shrimp Satay · Sate Udang Bakar · 6 tusuk · Nasional/Sate · src:Recipe calc · conf:medium
idn-sayap-ayam-bakar-madu,Sayap Ayam Bakar Madu,245.0,23.0,14.0,6.5,5.5,0.1,18,1.1,450,100,Olahan,Lauk Pauk,,90,Chicken Wing Bakar Sayap Bakar Madu,Honey Grilled Chicken Wings · Chicken Wing Bakar Sayap Bakar Madu · 2 potong sayap · Nasional/Ayam · src:Recipe calc · conf:medium
idn-sayap-ayam-goreng,Sayap Ayam Goreng,320.0,27.0,22.0,2.5,0.3,0.1,18,1.3,320,100,Olahan,Lauk Pauk,,70,Ayam Goreng Sayap Chicken Wing,Fried Chicken Wings · Ayam Goreng Sayap Chicken Wing · 2 potong · Nasional/Ayam · src:USDA analog · conf:high
idn-scrambled-egg-mentega,Scrambled Egg Mentega,180.0,11.5,14.0,1.5,1.0,0.0,60,1.4,200,100,Olahan,Lauk Pauk,,110,Scrambled Egg Telur Kocok Mentega Telur Orak Arik Mentega,Buttered Scrambled Eggs · Scrambled Egg Telur Kocok Mentega Telur Orak Arik Mentega · 1 porsi 2 butir (110 g) · Nasional/Telur · src:USDA analog · conf:high
idn-sosis-ayam,Sosis Ayam,195.0,13.0,12.0,6.5,1.5,0.2,20,1.0,800,100,Olahan,Lauk Pauk,,50,Sosis Daging Ayam,Chicken Sausage · Sosis Daging Ayam · 1 buah · Nasional/Ayam · src:FatSecret ID · conf:medium
idn-spicy-chicken-wings-resto,Spicy Chicken Wings Resto,321.0,23.0,21.0,10.0,2.5,0.6,24,1.4,880,100,Olahan,Lauk Pauk,,105,Hot Wings Sayap Pedas Resto,Restaurant Spicy Chicken Wings · Hot Wings Sayap Pedas Resto · 3 potong (105 g) · Nasional/Ayam · src:Estimate · conf:medium
idn-steak-daging-sapi-sirloin,Steak Daging Sapi Sirloin,230.0,27.0,13.0,0.5,0.2,0.0,12,2.6,380,100,Olahan,Lauk Pauk,,150,Sirloin Steak Steak Sapi,Grilled Sirloin Beef Steak · Sirloin Steak Steak Sapi · 1 potong · Nasional/Daging Sapi · src:USDA analog · conf:high
idn-steak-sapi-lada-hitam,Steak Sapi Lada Hitam,199.0,19.0,11.0,6.0,2.4,0.5,14,2.4,560,100,Olahan,Lauk Pauk,,150,Beef Steak Lada Hitam Steak Blackpepper,Black Pepper Beef Steak · Beef Steak Lada Hitam Steak Blackpepper · 1 potong (150 g) · Nasional/Daging Sapi · src:Recipe calc · conf:medium
idn-steak-sirloin-resto,Steak Sirloin Resto,235.0,24.0,15.0,1.0,0.5,0.0,10,2.6,340,100,Olahan,Lauk Pauk,,150,Sirloin Steak Steak Sirloin Panggang,Restaurant Sirloin Steak · Sirloin Steak Steak Sirloin Panggang · 1 potong (150 g) · Nasional/Daging Sapi · src:USDA analog · conf:high
idn-steak-tenderloin-resto,Steak Tenderloin Resto,198.0,26.0,10.0,1.0,0.5,0.0,10,2.8,320,100,Olahan,Lauk Pauk,,150,Steak Has Dalam Resto Tenderloin Steak,Restaurant Tenderloin Steak · Steak Has Dalam Resto Tenderloin Steak · 1 potong (150 g) · Nasional/Daging Sapi · src:USDA analog · conf:high
idn-tahu-kukus,Tahu Kukus,78.0,8.5,4.8,1.9,0.6,0.4,220,1.6,12,100,Olahan,Lauk Pauk,,100,Tahu Putih Kukus Tahu Rebus Tanpa Minyak,Steamed Tofu · Tahu Putih Kukus Tahu Rebus Tanpa Minyak · 2 potong (100 g) · Nasional/Tahu & Tempe · src:TKPI · conf:high
idn-tahu-putih-rebus,Tahu Putih Rebus,78.0,8.5,4.7,1.9,0.5,0.4,200,2.7,5,100,Olahan,Lauk Pauk,,50,Tahu Kukus Tahu Rebus,Boiled Plain White Tofu · Tahu Kukus Tahu Rebus · 1 potong sedang · Nasional/Tahu & Tempe · src:TKPI · conf:high
idn-telur-ayam-kampung-rebus,Telur Ayam Kampung Rebus,154.0,12.8,11.5,0.7,0.4,0.0,55,2.0,130,100,Olahan,Lauk Pauk,,45,Telur Ayam Buras Rebus Telur Kampung Rebus,Boiled Free Range Chicken Egg · Telur Ayam Buras Rebus Telur Kampung Rebus · 1 butir (45 g) · Nasional/Ayam · src:TKPI · conf:medium
idn-telur-ayam-mentah,Telur Ayam Mentah,143.0,12.6,9.5,0.7,0.4,0.0,56,1.8,142,100,Olahan,Lauk Pauk,,55,Telur Ayam Negeri Telur Ayam Segar Telur Mentah,Raw Whole Chicken Egg · Telur Ayam Negeri Telur Ayam Segar Telur Mentah · 1 butir (55 g) · Nasional/Ayam · src:USDA analog · conf:high
idn-telur-ayam-rebus,Telur Ayam Rebus,155.0,12.6,10.6,1.1,1.1,0.0,50,1.2,124,100,Olahan,Lauk Pauk,,55,Telur Ayam Matang Telur Rebus,Boiled Chicken Egg · Telur Ayam Matang Telur Rebus · 1 butir · Nasional/Ayam · src:USDA analog · conf:high
idn-telur-ayam-rebus-setengah-matang,Telur Ayam Rebus Setengah Matang,143.0,12.6,9.5,0.7,0.4,0.0,56,1.8,140,100,Olahan,Lauk Pauk,,55,Soft Boiled Egg Telur Rebus Lembek Telur Setengah Matang,Soft Boiled Chicken Egg · Soft Boiled Egg Telur Rebus Lembek Telur Setengah Matang · 1 butir (55 g) · Nasional/Ayam · src:USDA analog · conf:high
idn-telur-balado-kantin,Telur Balado Kantin,184.0,11.0,12.0,8.0,4.0,0.8,50,1.8,460,100,Olahan,Lauk Pauk,,60,Telur Balado Katering Telur Sambal Kantin,Chili Sauce Egg Canteen Style · Telur Balado Katering Telur Sambal Kantin · 1 butir (60 g) · Nasional/Telur · src:Recipe calc · conf:high
idn-telur-bebek-mentah,Telur Bebek Mentah,185.0,12.8,13.8,1.5,0.9,0.0,64,3.9,146,100,Olahan,Lauk Pauk,,70,Telur Bebek Segar Telur Itik Mentah,Raw Duck Egg · Telur Bebek Segar Telur Itik Mentah · 1 butir (70 g) · Nasional/Bebek & Unggas · src:USDA analog · conf:high
idn-telur-ceplok-goreng,Telur Ceplok Goreng,196.0,13.6,15.3,0.8,0.4,0.0,62,1.8,207,100,Olahan,Lauk Pauk,,50,Telur Ceplok Telur Mata Sapi,Fried Egg Sunny Side Up · Telur Ceplok Telur Mata Sapi · 1 butir · Nasional/Telur · src:USDA analog · conf:high
idn-telur-mata-sapi-sunny-side-up,Telur Mata Sapi Sunny Side Up,196.0,13.6,14.8,0.8,0.4,0.0,62,1.9,207,100,Olahan,Lauk Pauk,,46,Fried Egg Sunny Side Up Telur Mata Sapi,Sunny Side Up Fried Egg · Fried Egg Sunny Side Up Telur Mata Sapi · 1 butir (46 g) · Nasional/Daging Sapi · src:USDA analog · conf:high
idn-telur-omelet-keju,Telur Omelet Keju,232.0,15.7,18.0,0.9,0.5,0.0,180,1.7,330,100,Olahan,Lauk Pauk,,110,Dadar Telur Keju Omelet Keju Omelette Cheese,Cheese Omelette · Dadar Telur Keju Omelet Keju Omelette Cheese · 1 porsi (110 g) · Nasional/Telur · src:Recipe calc · conf:medium
idn-telur-orak-arik,Telur Orak-Arik,168.0,11.0,12.8,2.2,1.2,0.3,55,1.4,230,100,Olahan,Lauk Pauk,,70,Scrambled Egg Telur Orak Arik,Scrambled Egg · Scrambled Egg Telur Orak Arik · 1 porsi · Nasional/Telur · src:Recipe calc · conf:high
idn-telur-poached,Telur Poached,143.0,12.5,9.5,0.7,0.4,0.0,56,1.8,210,100,Olahan,Lauk Pauk,,50,Poached Egg Telur Rebus Tanpa Kulit,Poached Egg · Poached Egg Telur Rebus Tanpa Kulit · 1 butir (50 g) · Nasional/Telur · src:USDA analog · conf:high
idn-telur-puyuh-mentah,Telur Puyuh Mentah,158.0,13.1,11.1,0.4,0.4,0.0,64,3.7,141,100,Olahan,Lauk Pauk,,50,Quail Egg Mentah Telur Puyuh Segar,Raw Quail Egg · Quail Egg Mentah Telur Puyuh Segar · 5 butir (50 g) · Nasional/Bebek & Unggas · src:USDA analog · conf:high
idn-telur-puyuh-rebus,Telur Puyuh Rebus,158.0,13.0,11.1,0.4,0.4,0.0,64,3.7,141,100,Olahan,Lauk Pauk,,50,Telur Burung Puyuh Rebus,Boiled Quail Eggs · Telur Burung Puyuh Rebus · 5 butir · Nasional/Bebek & Unggas · src:USDA analog · conf:high
idn-tempe-kukus,Tempe Kukus,201.0,20.8,8.8,13.5,0.5,1.4,155,4.0,9,100,Olahan,Lauk Pauk,,50,Tempe Polos Tempe Rebus,Steamed Tempeh · Tempe Polos Tempe Rebus · 1 potong sedang · Nasional/Tahu & Tempe · src:TKPI · conf:high
idn-tempe-orek-kering,Tempe Orek Kering,290.0,14.0,16.0,23.0,12.0,2.5,110,2.8,480,100,Olahan,Lauk Pauk,,60,Kering Tempe Orek Tempe,Dry Sweet Stir-Fried Tempeh · Kering Tempe Orek Tempe · 1 porsi · Nasional/Tahu & Tempe · src:Recipe calc · conf:medium
idn-tongkol-balado,Tongkol Balado,185.0,23.0,8.5,4.0,2.0,0.8,30,1.8,520,100,Olahan,Lauk Pauk,,100,Ikan Tongkol Balado Tongkol Sambal Balado,Skipjack Tuna In Chilli Sauce · Ikan Tongkol Balado Tongkol Sambal Balado · 1 potong · Nasional/Sayuran · src:Recipe calc · conf:medium
idn-udang-asam-manis,Udang Asam Manis,155.0,15.0,5.5,11.0,8.0,0.6,50,1.2,560,100,Olahan,Lauk Pauk,,150,Udang Saus Asam Manis,Sweet And Sour Prawns · Udang Saus Asam Manis · 1 porsi · Nasional/Seafood · src:Recipe calc · conf:medium
idn-udang-bakar,Udang Bakar,125.0,22.0,2.5,3.0,2.0,0.1,65,1.6,480,100,Olahan,Lauk Pauk,,120,Udang Panggang,Grilled Prawns · Udang Panggang · 1 porsi (6 ekor) · Nasional/Seafood · src:Recipe calc · conf:high
idn-udang-goreng,Udang Goreng,190.0,22.0,10.0,2.0,0.3,0.1,80,1.0,250,100,Olahan,Lauk Pauk,,60,Udang Goreng Bawang,Pan-Fried Shrimp · Udang Goreng Bawang · 5 ekor sedang · Nasional/Seafood · src:Recipe calc · conf:medium
idn-udang-mayo,Udang Mayo,266.0,13.0,18.0,13.0,6.0,0.6,58,0.9,520,100,Olahan,Lauk Pauk,,150,Shrimp Mayo Udang Mayones,Prawn With Mayonnaise Sauce · Shrimp Mayo Udang Mayones · 1 porsi (150 g) · Nasional/Seafood · src:Recipe calc · conf:medium
idn-udang-rebus,Udang Rebus,99.0,24.0,0.3,0.2,0.0,0.0,70,0.5,111,100,Olahan,Lauk Pauk,,60,Udang Kukus Udang Matang,Boiled Shrimp · Udang Kukus Udang Matang · 5 ekor sedang · Nasional/Seafood · src:USDA analog · conf:high
idn-udang-saus-mentega,Udang Saus Mentega,175.0,17.0,9.5,5.0,3.0,0.3,55,1.3,620,100,Olahan,Lauk Pauk,,150,Udang Mentega Udang Saos Mentega,Butter Sauce Prawns · Udang Mentega Udang Saos Mentega · 1 porsi · Nasional/Seafood · src:Recipe calc · conf:medium
idn-udang-telur-asin,Udang Telur Asin,248.0,15.0,16.0,11.0,1.4,0.6,70,1.2,720,100,Olahan,Lauk Pauk,,150,Salted Egg Prawn Udang Saus Telur Asin,Prawn With Salted Egg Sauce · Salted Egg Prawn Udang Saus Telur Asin · 1 porsi (150 g) · Nasional/Seafood · src:Recipe calc · conf:medium
idn-usus-ayam-goreng,Usus Ayam Goreng,350.0,18.0,29.0,3.5,0.2,0.2,25,2.5,350,100,Olahan,Lauk Pauk,,50,Usus Goreng Usus Krispi,Fried Chicken Intestine · Usus Goreng Usus Krispi · 1 porsi · Nasional/Roti & Pastry · src:Recipe calc · conf:medium
idn-ayam-rarang,Ayam Rarang,215.0,18.0,14.0,5.0,2.6,1.0,24,1.5,480,100,Olahan,Lauk Pauk,,100,Ayam Pelalah Rarang Ayam Rarang Lombok,Lombok Chilli-Braised Chicken · Ayam Pelalah Rarang Ayam Rarang Lombok · 1 potong (100 g) · Nusa Tenggara Barat/Ayam · src:Recipe calc · conf:medium
idn-gecok,Gecok,230.0,16.0,16.0,5.5,1.5,2.0,35,2.6,460,100,Olahan,Lauk Pauk,,120,Gecok Daging Gecok Sumbawa,Sumbawa Minced Beef With Grated Coconut · Gecok Daging Gecok Sumbawa · 1 porsi · Nusa Tenggara Barat/Daging Sapi · src:Recipe calc · conf:low
idn-sate-ampet,Sate Ampet,210.0,17.0,13.0,6.0,2.5,1.0,20,3.0,540,100,Olahan,Lauk Pauk,,100,Sate Ampat Sate Ampet Lombok,Lombok Beef Offal Satay With Spicy Sauce · Sate Ampat Sate Ampet Lombok · 1 porsi · Nusa Tenggara Barat/Sate · src:Recipe calc · conf:low
idn-sate-pusut,Sate Pusut,250.0,16.0,18.0,5.0,1.5,1.5,30,1.8,450,100,Olahan,Lauk Pauk,,80,Sate Pusut Lombok Sate Pusut Sapi,Sasak Minced Meat & Coconut Satay · Sate Pusut Lombok Sate Pusut Sapi · 1 porsi · Nusa Tenggara Barat/Sate · src:Recipe calc · conf:medium
idn-sate-rembiga,Sate Rembiga,245.0,22.0,14.0,7.0,5.0,0.5,20,2.8,620,100,Olahan,Lauk Pauk,,130,Sate Rembiga Mataram Sate Rembige,Lombok Sweet Spicy Beef Satay · Sate Rembiga Mataram Sate Rembige · 1 porsi (10 tusuk) · Nusa Tenggara Barat/Sate · src:Recipe calc · conf:medium
idn-sate-tanjung,Sate Tanjung,195.0,18.0,12.0,4.0,1.5,1.0,35,1.2,430,100,Olahan,Lauk Pauk,,80,Sate Ikan Tanjung Sate Tanjung Lombok,North Lombok Fish Satay In Coconut Spice · Sate Ikan Tanjung Sate Tanjung Lombok · 1 porsi · Nusa Tenggara Barat/Sate · src:Recipe calc · conf:medium
idn-karmanaci,Karmanaci,265.0,24.0,17.0,4.0,2.0,0.5,18,3.0,560,100,Olahan,Lauk Pauk,,120,Daging Karmanaci Karmanaci Rote,Rote Spiced Fried Beef · Daging Karmanaci Karmanaci Rote · 1 porsi · Nusa Tenggara Timur/Daging Sapi · src:Recipe calc · conf:low
idn-lawar-ikan-ntt,Lawar Ikan NTT,145.0,16.0,7.5,3.0,1.2,1.2,35,1.2,380,100,Olahan,Lauk Pauk,,100,Lawar Ikan Flores Lawar Ikan Sumba,Sumbanese Lime-Cured Raw Fish With Coconut · Lawar Ikan Flores Lawar Ikan Sumba · 1 porsi · Nusa Tenggara Timur/Ikan · src:Recipe calc · conf:low
idn-pelepah-manuk,Pelepah Manuk,190.0,17.0,12.5,3.0,1.2,0.8,20,1.4,450,100,Olahan,Lauk Pauk,,150,Ayam Pelepah Manuk Pelepah Manuk Flores,Flores Spicy Braised Chicken · Ayam Pelepah Manuk Pelepah Manuk Flores · 1 porsi · Nusa Tenggara Timur/Ayam · src:Recipe calc · conf:low
idn-se-i-babi,Se'i Babi,285.0,22.0,21.5,1.0,0.5,0.0,12,1.2,700,100,Olahan,Lauk Pauk,,100,Daging Se'i Babi Sei Babi,Kupang Smoked Pork · Daging Se'i Babi Sei Babi · 1 porsi · Nusa Tenggara Timur/Babi · src:Recipe calc · conf:medium
idn-se-i-sapi,Se'i Sapi,215.0,28.0,11.0,1.0,0.5,0.0,15,3.0,720,100,Olahan,Lauk Pauk,,100,Daging Se'i Sapi Sei Sapi,Kupang Smoked Beef · Daging Se'i Sapi Sei Sapi · 1 porsi · Nusa Tenggara Timur/Daging Sapi · src:Recipe calc · conf:medium
idn-se-i-sapi-sambal-luat,Se'i Sapi Sambal Luat,205.0,24.0,11.0,3.0,1.2,0.6,20,2.8,780,100,Olahan,Lauk Pauk,,150,Se'i Sapi Lu'at Sei Sapi Sambal Lu'at,Smoked Beef With Timorese Chilli Lime Sambal · Se'i Sapi Lu'at Sei Sapi Sambal Lu'at · 1 porsi · Nusa Tenggara Timur/Daging Sapi · src:Recipe calc · conf:medium
idn-aunu-senebre,Aunu Senebre,193.0,13.0,13.0,6.0,1.5,3.0,200,2.5,550,100,Olahan,Lauk Pauk,,100,Aunu Senebre Papua Aunu Teri Daun Pepaya,"Papuan Anchovy, Papaya Leaf & Coconut Steam · Aunu Senebre Papua Aunu Teri Daun Pepaya · 1 porsi · Papua/Ikan · src:Recipe calc · conf:medium"
idn-barapen,Barapen,229.0,15.0,17.0,4.0,1.0,0.8,20,1.4,250,100,Olahan,Lauk Pauk,,180,Bakar Batu Barapen Papua,Papuan Hot-Stone Pit-Roasted Pork · Bakar Batu Barapen Papua · 1 porsi · Papua/Babi · src:Recipe calc · conf:medium
idn-sate-ulat-sagu,Sate Ulat Sagu,296.0,8.5,26.0,6.5,2.0,0.5,35,1.8,300,100,Olahan,Lauk Pauk,,60,Sate Koo Sate Ulat Sagu Papua,Grilled Sago Grub Satay · Sate Koo Sate Ulat Sagu Papua · 5 tusuk · Papua/Sate · src:Recipe calc · conf:medium
idn-udang-selingkuh,Udang Selingkuh,103.0,21.0,1.5,1.0,0.5,0.1,70,1.5,300,100,Olahan,Lauk Pauk,,90,Udang Capit Wamena Udang Selingkuh Wamena,Wamena Freshwater Clawed Prawn · Udang Capit Wamena Udang Selingkuh Wamena · 1 ekor · Papua/Seafood · src:Recipe calc · conf:medium
idn-ulat-sagu,Ulat Sagu,241.0,5.8,21.6,5.8,1.0,0.5,30,1.5,50,100,Olahan,Lauk Pauk,,40,Koo Ulat Sagu Segar,Fresh Sago Grubs · Koo Ulat Sagu Segar · 5 ekor · Papua/Bubur · src:NilaiGizi · conf:high
idn-ikan-bakar-manokwari,Ikan Bakar Manokwari,163.0,22.0,7.0,3.0,1.5,0.8,35,1.4,480,100,Olahan,Lauk Pauk,,200,Ikan Bakar Papua Ikan Bakar Sambal Manokwari,Manokwari Grilled Fish With Raw Chilli Sambal · Ikan Bakar Papua Ikan Bakar Sambal Manokwari · 1 ekor · Papua Barat/Ikan · src:Recipe calc · conf:medium
idn-asam-pedas-ikan-patin,Asam Pedas Ikan Patin,95.0,12.5,3.5,4.0,1.8,1.0,30,1.0,450,100,Olahan,Lauk Pauk,,220,Asam Padeh Patin Riau Asam Pedas Patin,Sour & Spicy Catfish Stew · Asam Padeh Patin Riau Asam Pedas Patin · 1 porsi · Riau/Ikan · src:Recipe calc · conf:high
idn-gulai-belacan-riau,Gulai Belacan Riau,130.0,11.0,8.0,4.5,1.5,1.2,50,1.2,560,100,Olahan,Lauk Pauk,,180,Gulai Belacan Gulai Belacan Udang,Riau Prawn Curry With Shrimp Paste · Gulai Belacan Gulai Belacan Udang · 1 porsi · Riau/Seafood · src:Recipe calc · conf:medium
idn-gulai-ikan-patin,Gulai Ikan Patin,145.0,12.0,9.5,3.5,1.2,0.9,35,1.1,420,100,Olahan,Lauk Pauk,,200,Gulai Ikan Patin Santan Gulai Patin Riau,Riau Catfish Coconut Curry · Gulai Ikan Patin Santan Gulai Patin Riau · 1 porsi · Riau/Ikan · src:Recipe calc · conf:high
idn-ikan-salai,Ikan Salai,235.0,38.0,8.0,1.0,0.0,0.0,60,2.2,420,100,Olahan,Lauk Pauk,,60,Ikan Asap Riau Salai Ikan Patin,Smoked Freshwater Fish · Ikan Asap Riau Salai Ikan Patin · 1 potong · Riau/Ikan · src:Recipe calc · conf:medium
idn-bau-peapi,Bau Peapi,120.0,16.0,5.0,2.5,1.0,0.4,38,1.1,410,100,Olahan,Lauk Pauk,,150,Bau Peapi Mandar Ikan Peapi,Mandar Turmeric Fish Stew · Bau Peapi Mandar Ikan Peapi · 1 porsi (150 g) · Sulawesi Barat/Ikan · src:Recipe calc · conf:medium
idn-ikan-bakar-parape,Ikan Bakar Parape,175.0,21.0,8.0,4.0,3.0,0.3,35,1.2,520,100,Olahan,Lauk Pauk,,200,Ikan Bakar Rica Parape Ikan Parape,Makassarese Grilled Fish In Sweet Coconut Soy · Ikan Bakar Rica Parape Ikan Parape · 1 ekor · Sulawesi Selatan/Ikan · src:Recipe calc · conf:medium
idn-konro-bakar,Konro Bakar,245.0,17.0,17.0,6.0,3.0,1.2,30,2.6,520,100,Olahan,Lauk Pauk,,200,Iga Bakar Konro Konro Bakar Karebosi,Grilled Beef Ribs With Peanut Sauce · Iga Bakar Konro Konro Bakar Karebosi · 1 porsi · Sulawesi Selatan/Daging Sapi · src:Recipe calc · conf:high
idn-nasu-likku,Nasu Likku,185.0,16.0,12.0,3.5,1.2,0.8,26,1.3,430,100,Olahan,Lauk Pauk,,100,Ayam Likku Nasu Likku Bugis,Bugis Galangal Coconut Chicken · Ayam Likku Nasu Likku Bugis · 1 potong (100 g) · Sulawesi Selatan/Ayam · src:Recipe calc · conf:medium
idn-nasu-palekko,Nasu Palekko,215.0,16.0,15.0,4.0,1.5,0.8,25,2.4,520,100,Olahan,Lauk Pauk,,150,Nasu Palekko Bebek Nasu Palekko Sidrap,Bugis Spicy Minced Duck · Nasu Palekko Bebek Nasu Palekko Sidrap · 1 porsi · Sulawesi Selatan/Bebek & Unggas · src:Recipe calc · conf:medium
idn-pa-piong-bau,Pa'piong Bau,235.0,15.0,18.0,3.5,0.8,1.5,40,2.0,400,100,Olahan,Lauk Pauk,,180,Pa'piong Bo'bo Bau Papiong Babi,Torajan Pork Cooked In Bamboo · Pa'piong Bo'bo Bau Papiong Babi · 1 porsi · Sulawesi Selatan/Babi · src:Recipe calc · conf:medium
idn-pa-piong-manuk,Pa'piong Manuk,175.0,16.0,11.0,3.0,0.8,1.5,40,1.6,390,100,Olahan,Lauk Pauk,,180,Pa'piong Manuk Toraja Papiong Ayam,Torajan Chicken Cooked In Bamboo · Pa'piong Manuk Toraja Papiong Ayam · 1 porsi · Sulawesi Selatan/Ayam · src:Recipe calc · conf:medium
idn-pallu-ce-la,Pallu Ce'la,145.0,22.0,6.0,0.5,0.2,0.0,40,1.4,950,100,Olahan,Lauk Pauk,,80,Ikan Pallu Ce'la Pallu Cella,Makassarese Salt-Boiled Turmeric Fish · Ikan Pallu Ce'la Pallu Cella · 1 potong · Sulawesi Selatan/Ikan · src:Recipe calc · conf:medium
idn-pallumara-ikan,Pallumara Ikan,85.0,10.0,3.5,3.0,1.2,0.4,30,1.0,420,100,Olahan,Lauk Pauk,,250,Pallu Mara Bandeng Palumara,Makassarese Sour Yellow Fish Broth · Pallu Mara Bandeng Palumara · 1 porsi · Sulawesi Selatan/Ikan · src:Recipe calc · conf:high
idn-pantollo-pamarrasan-babi,Pantollo Pamarrasan Babi,250.0,15.0,19.0,4.5,1.0,1.5,25,2.4,460,100,Olahan,Lauk Pauk,,150,Pamarrasan Pantollo Pamarrasan,Torajan Pork In Black Keluak Sauce · Pamarrasan Pantollo Pamarrasan · 1 porsi · Sulawesi Selatan/Babi · src:Recipe calc · conf:medium
idn-abon-cakalang,Abon Cakalang,390.0,35.0,18.0,20.0,12.0,1.0,50,3.0,900,100,Olahan,Lauk Pauk,,20,Abon Ikan Cakalang,Skipjack Floss · Abon Ikan Cakalang · 2 sendok makan · Sulawesi Utara/Daging Sapi · src:Recipe calc · conf:medium
idn-ayam-bakar-rica,Ayam Bakar Rica,212.0,22.0,12.5,3.0,1.8,0.6,22,1.2,470,100,Olahan,Lauk Pauk,,120,Ayam Bakar Manado,Grilled Chicken With Chili Paste · Ayam Bakar Manado · 1 potong · Sulawesi Utara/Ayam · src:Recipe calc · conf:high
idn-ayam-garo-rica,Ayam Garo Rica,180.0,16.5,11.0,4.0,1.8,0.9,24,1.2,470,100,Olahan,Lauk Pauk,,120,Garo Rica Ayam,Stir-Fried Chicken In Chili · Garo Rica Ayam · 1 porsi · Sulawesi Utara/Ayam · src:Recipe calc · conf:high
idn-ayam-isi-bambu,Ayam Isi Bambu,178.0,17.0,11.0,3.2,1.4,0.9,25,1.2,400,100,Olahan,Lauk Pauk,,150,Ayam Bambu Minahasa Ayam Bulu,Chicken Cooked In Bamboo · Ayam Bambu Minahasa Ayam Bulu · 1 porsi · Sulawesi Utara/Ayam · src:Recipe calc · conf:medium
idn-ayam-tuturuga,Ayam Tuturuga,190.0,13.5,14.0,3.5,1.6,1.0,25,1.2,420,100,Olahan,Lauk Pauk,,170,Tuturuga Ayam,Chicken In Coconut Turmeric Curry · Tuturuga Ayam · 1 porsi · Sulawesi Utara/Ayam · src:Recipe calc · conf:high
idn-ayam-woku-belanga,Ayam Woku Belanga,165.0,14.5,10.5,3.5,1.5,0.9,26,1.1,450,100,Olahan,Lauk Pauk,,170,Ayam Woku Woku Ayam,Chicken In Woku Spice Broth · Ayam Woku Woku Ayam · 1 porsi · Sulawesi Utara/Ayam · src:Recipe calc · conf:high
idn-babi-putar,Babi Putar,300.0,22.0,23.0,0.5,0.3,0.0,15,1.2,380,100,Olahan,Lauk Pauk,,100,Babi Guling Manado Babi Panggang Putar,Spit-Roasted Pork · Babi Guling Manado Babi Panggang Putar · 1 potong · Sulawesi Utara/Babi · src:Recipe calc · conf:medium
idn-cakalang-bakar,Cakalang Bakar,160.0,28.5,4.5,0.5,0.3,0.1,32,1.7,340,100,Olahan,Lauk Pauk,,120,Ikan Cakalang Bakar,Grilled Fresh Skipjack · Ikan Cakalang Bakar · 1 potong · Sulawesi Utara/Ikan · src:Recipe calc · conf:high
idn-cakalang-fufu,Cakalang Fufu,170.0,33.0,4.0,0.0,0.0,0.0,40,2.2,480,100,Olahan,Lauk Pauk,,80,Cakalang Asap Cakalang Asar Fufu Ikan Fufu,Smoked Skipjack Tuna · Cakalang Asap Cakalang Asar Fufu Ikan Fufu · 1 potong sedang · Sulawesi Utara/Ikan · src:TKPI · conf:high
idn-cakalang-fufu-goreng,Cakalang Fufu Goreng,230.0,32.0,11.0,0.5,0.0,0.0,40,2.2,500,100,Olahan,Lauk Pauk,,70,Fufu Goreng,Fried Smoked Skipjack · Fufu Goreng · 1 potong sedang · Sulawesi Utara/Ikan · src:Recipe calc · conf:medium
idn-cakalang-fufu-suwir-rica,Cakalang Fufu Suwir Rica,214.0,22.1,13.2,1.8,0.9,0.6,30,1.9,600,100,Olahan,Lauk Pauk,,90,Cakalang Suwir Rica Fufu Rica,Shredded Smoked Skipjack In Chili · Cakalang Suwir Rica Fufu Rica · 1 porsi · Sulawesi Utara/Ikan · src:Recipe calc · conf:high
idn-cakalang-saus,Cakalang Saus,195.0,20.0,9.5,6.5,4.5,0.6,28,1.6,520,100,Olahan,Lauk Pauk,,100,Cakalang Asam Manis Pedas Cakalang Saus Manado,Skipjack In Sweet Spicy Sauce · Cakalang Asam Manis Pedas Cakalang Saus Manado · 1 porsi · Sulawesi Utara/Ikan · src:Recipe calc · conf:medium
idn-cumi-rica-rica,Cumi Rica-Rica,148.0,15.0,7.5,5.0,2.0,0.8,35,1.0,470,100,Olahan,Lauk Pauk,,110,Rica-Rica Cumi,Squid In Hot Chili Paste · Rica-Rica Cumi · 1 porsi · Sulawesi Utara/Seafood · src:Recipe calc · conf:medium
idn-ikan-bakar-dabu-dabu,Ikan Bakar Dabu-Dabu,168.0,25.0,6.5,3.5,2.0,0.8,32,1.4,400,100,Olahan,Lauk Pauk,,160,Ikan Bakar Dabu Dabu Manado,Grilled Fish With Fresh Chili Relish · Ikan Bakar Dabu Dabu Manado · 1 ekor sedang · Sulawesi Utara/Ikan · src:Recipe calc · conf:high
idn-ikan-bakar-rica,Ikan Bakar Rica,175.0,26.0,6.5,3.0,1.5,0.6,35,1.5,420,100,Olahan,Lauk Pauk,,150,Ikan Bakar Manado Ikan Bakar Rica-Rica,Grilled Fish With Chili Paste · Ikan Bakar Manado Ikan Bakar Rica-Rica · 1 ekor sedang · Sulawesi Utara/Ikan · src:Recipe calc · conf:high
idn-ikan-malalugis-bakar,Ikan Malalugis Bakar,165.0,27.5,5.5,0.6,0.3,0.1,60,2.1,350,100,Olahan,Lauk Pauk,,90,Layang Bakar Manado,Grilled Round Scad · Layang Bakar Manado · 1 ekor · Sulawesi Utara/Ikan · src:Recipe calc · conf:medium
idn-ikan-rica-rica,Ikan Rica-Rica,150.0,18.5,7.0,3.4,1.6,0.8,28,1.3,460,100,Olahan,Lauk Pauk,,120,Rica-Rica Ikan,Fish In Hot Chili Paste · Rica-Rica Ikan · 1 porsi · Sulawesi Utara/Ikan · src:Recipe calc · conf:high
idn-ikan-tuna-bakar,Ikan Tuna Bakar,158.0,29.0,4.0,0.5,0.3,0.1,15,1.5,320,100,Olahan,Lauk Pauk,,120,Tuna Bakar Manado,Grilled Tuna · Tuna Bakar Manado · 1 potong · Sulawesi Utara/Ikan · src:Recipe calc · conf:high
idn-ikan-woku-daun,Ikan Woku Daun,158.0,19.0,8.0,3.0,1.3,0.9,35,1.2,440,100,Olahan,Lauk Pauk,,120,Ikan Woku Kering Woku Daun Ikan,Fish Woku Wrapped In Leaves · Ikan Woku Kering Woku Daun Ikan · 1 bungkus · Sulawesi Utara/Ikan · src:Recipe calc · conf:medium
idn-pampis-cakalang,Pampis Cakalang,258.0,21.4,16.7,4.7,1.5,2.4,30,2.0,520,100,Olahan,Lauk Pauk,,80,Pampis Pampis Ikan Cakalang,Skipjack Sauteed With Coconut And Chili · Pampis Pampis Ikan Cakalang · 1 porsi · Sulawesi Utara/Ikan · src:Recipe calc · conf:high
idn-pampis-tongkol,Pampis Tongkol,245.0,20.5,15.5,4.8,1.5,2.3,32,2.2,500,100,Olahan,Lauk Pauk,,80,Pampis Deho,Little Tuna Sauteed With Coconut And Chili · Pampis Deho · 1 porsi · Sulawesi Utara/Sayuran · src:Recipe calc · conf:high
idn-paniki,Paniki,200.0,17.0,13.5,3.5,1.5,1.0,30,2.5,400,100,Olahan,Lauk Pauk,,120,Kelelawar Santan Paniki Manado,Fruit Bat In Coconut Milk · Kelelawar Santan Paniki Manado · 1 porsi · Sulawesi Utara/Lauk Lain · src:Recipe calc · conf:low
idn-ragey,Ragey,285.0,20.0,21.5,3.0,1.8,0.4,18,1.3,480,100,Olahan,Lauk Pauk,,100,Ragey Manado Sate Ragey,Minahasan Grilled Pork Satay · Ragey Manado Sate Ragey · 3 tusuk · Sulawesi Utara/Sate · src:Recipe calc · conf:medium
idn-sate-kolombi,Sate Kolombi,145.0,17.0,6.0,5.5,2.5,0.7,120,3.5,480,100,Olahan,Lauk Pauk,,80,Sate Keong Manado,Freshwater Snail Satay · Sate Keong Manado · 5 tusuk · Sulawesi Utara/Sayuran · src:Recipe calc · conf:low
idn-tikus-hutan-rica,Tikus Hutan Rica,185.0,20.0,10.5,3.2,1.4,0.8,22,2.8,420,100,Olahan,Lauk Pauk,,120,RW Tikus Tikus Hutan Rica-Rica,Forest Rat In Chili Paste · RW Tikus Tikus Hutan Rica-Rica · 1 porsi · Sulawesi Utara/Daging Sapi · src:Recipe calc · conf:low
idn-tinorangsak,Tinorangsak,250.0,19.5,17.5,4.0,1.6,0.9,22,3.5,480,100,Olahan,Lauk Pauk,,120,Tinorangsak Babi Tinoransak,Minahasan Spiced Pork · Tinorangsak Babi Tinoransak · 1 porsi · Sulawesi Utara/Babi · src:Recipe calc · conf:medium
idn-tongkol-fufu,Tongkol Fufu,162.0,32.0,3.5,0.0,0.0,0.0,45,2.4,470,100,Olahan,Lauk Pauk,,80,Deho Fufu Tongkol Asap,Smoked Little Tuna · Deho Fufu Tongkol Asap · 1 potong sedang · Sulawesi Utara/Sayuran · src:Recipe calc · conf:medium
idn-tuturuga-ikan,Tuturuga Ikan,165.0,13.0,11.0,3.6,1.6,1.0,28,1.0,420,100,Olahan,Lauk Pauk,,170,Ikan Tuturuga,Fish In Coconut Turmeric Curry · Ikan Tuturuga · 1 porsi · Sulawesi Utara/Ikan · src:Recipe calc · conf:medium
idn-udang-woku,Udang Woku,132.0,14.5,6.5,4.0,1.6,0.9,60,1.4,470,100,Olahan,Lauk Pauk,,110,Woku Udang,Prawn In Woku Spice · Woku Udang · 1 porsi · Sulawesi Utara/Seafood · src:Recipe calc · conf:medium
idn-asam-padeh-baung,Asam Padeh Baung,161.0,17.0,9.0,3.0,1.4,0.7,32,1.2,420,100,Olahan,Lauk Pauk,,130,Asam Padeh Ikan Baung Asam Pedas Baung,Sour Spicy Baung Catfish · Asam Padeh Ikan Baung Asam Pedas Baung · 1 potong + kuah · Sumatera Barat/Gulai & Kari · src:Recipe calc · conf:medium
idn-asam-padeh-daging,Asam Padeh Daging,191.0,19.0,11.0,4.0,1.8,0.9,26,3.0,450,100,Olahan,Lauk Pauk,,110,Asam Padeh Dagiang Asam Pedas Daging Padang,Sour Spicy Beef · Asam Padeh Dagiang Asam Pedas Daging Padang · 1 porsi · Sumatera Barat/Daging Sapi · src:Recipe calc · conf:medium
idn-asam-padeh-tongkol,Asam Padeh Tongkol,148.0,20.0,6.0,3.5,1.6,0.8,30,1.7,430,100,Olahan,Lauk Pauk,,120,Asam Padeh Ikan Asam Padeh Ikan Tongkol Asam Padeh Kakap Asam Pedas Tongkol Padang,Sour Spicy Little Tuna · Asam Padeh Ikan Asam Padeh Ikan Tongkol Asam Padeh Kakap Asam Pedas Tongkol Padang · 1 potong + kuah · Sumatera Barat/Sayuran · src:Recipe calc · conf:high
idn-ayam-lado-mudo,Ayam Lado Mudo,249.5,23.0,15.5,4.5,1.8,1.4,26,1.5,490,100,Olahan,Lauk Pauk,,100,Ayam Cabe Hijau Padang Ayam Lado Ijo,Chicken In Green Chili · Ayam Cabe Hijau Padang Ayam Lado Ijo · 1 potong · Sumatera Barat/Ayam · src:Recipe calc · conf:high
idn-cumi-hitam-padang,Cumi Hitam Padang,165.0,16.0,9.0,5.0,1.8,0.6,38,1.4,520,100,Olahan,Lauk Pauk,,90,Cumi Tinta Hitam Gulai Cumi Hitam Gulai Cumi Padang,Squid In Black Ink Padang Style · Cumi Tinta Hitam Gulai Cumi Hitam Gulai Cumi Padang · 1 porsi · Sumatera Barat/Seafood · src:Recipe calc · conf:medium
idn-dendeng-lambok,Dendeng Lambok,272.0,26.0,16.0,6.0,2.4,1.6,32,3.8,540,100,Olahan,Lauk Pauk,,70,Dendeng Basah Padang Dendeng Lambuak,Soft Wet Dendeng With Chili · Dendeng Basah Padang Dendeng Lambuak · 1 porsi · Sumatera Barat/Daging Sapi · src:Recipe calc · conf:medium
idn-gulai-babat,Gulai Babat,184.0,16.0,12.0,3.0,1.4,0.6,60,1.1,460,100,Olahan,Lauk Pauk,,100,Gulai Babat Padang Gulai Paruik,Beef Tripe Curry · Gulai Babat Padang Gulai Paruik · 1 porsi + kuah · Sumatera Barat/Daging Sapi · src:Recipe calc · conf:medium
idn-gulai-cincang,Gulai Cincang,232.0,18.0,16.0,4.0,1.8,0.8,32,3.0,490,100,Olahan,Lauk Pauk,,120,Gulai Cancang Gulai Cincang Kapau,Minang Beef And Offal Curry · Gulai Cancang Gulai Cincang Kapau · 1 porsi + kuah · Sumatera Barat/Gulai & Kari · src:Recipe calc · conf:high
idn-gulai-gajeboh,Gulai Gajeboh,356.0,9.0,34.0,3.5,1.6,0.7,26,1.6,450,100,Olahan,Lauk Pauk,,90,Gajeboh Gulai Gajebo Gulai Sandung Lamur,Fatty Beef Brisket Curry · Gajeboh Gulai Gajebo Gulai Sandung Lamur · 1 potong + kuah · Sumatera Barat/Gulai & Kari · src:Recipe calc · conf:medium
idn-gulai-ikan-tongkol,Gulai Ikan Tongkol,163.0,17.0,9.0,3.5,1.6,0.6,35,1.6,430,100,Olahan,Lauk Pauk,,110,Gulai Ikan Kembung Gulai Ikan Tuno Gulai Lauak Gulai Tongkol Padang,Little Tuna Curry · Gulai Ikan Kembung Gulai Ikan Tuno Gulai Lauak Gulai Tongkol Padang · 1 potong + kuah · Sumatera Barat/Sayuran · src:Recipe calc · conf:high
idn-gulai-itiak,Gulai Itiak,259.0,18.0,19.0,4.0,1.8,0.8,28,2.8,470,100,Olahan,Lauk Pauk,,110,Gulai Bebek Padang Gulai Itiak Minang,Duck Curry Padang Style · Gulai Bebek Padang Gulai Itiak Minang · 1 potong + kuah · Sumatera Barat/Bebek & Unggas · src:Recipe calc · conf:medium
idn-gulai-kambing-padang,Gulai Kambing Padang,230.5,17.0,16.5,3.5,1.6,0.8,30,2.6,470,100,Olahan,Lauk Pauk,,110,Gulai Kambiang Gulai Kambing Minang,Padang Goat Curry · Gulai Kambiang Gulai Kambing Minang · 1 porsi + kuah · Sumatera Barat/Kambing · src:Recipe calc · conf:medium
idn-gulai-kepala-ikan-kakap,Gulai Kepala Ikan Kakap,162.0,14.0,10.0,4.0,1.8,0.8,60,1.4,440,100,Olahan,Lauk Pauk,,150,Gulai Kapalo Lauak Gulai Kepala Kakap Padang,Red Snapper Head Curry · Gulai Kapalo Lauak Gulai Kepala Kakap Padang · 1 porsi · Sumatera Barat/Ikan · src:Recipe calc · conf:high
idn-gulai-kikil,Gulai Kikil,210.8,19.0,14.0,2.2,1.0,0.4,30,1.2,480,100,Olahan,Lauk Pauk,,100,Gulai Tunjang Kikil Kikil Gulai Padang Kikil Padang,Beef Tendon Curry · Gulai Tunjang Kikil Kikil Gulai Padang Kikil Padang · 1 porsi + kuah · Sumatera Barat/Daging Sapi · src:Recipe calc · conf:high
idn-gulai-limpa,Gulai Limpa,178.5,18.0,10.5,3.0,1.4,0.6,22,8.0,460,100,Olahan,Lauk Pauk,,90,Gulai Limpo Limpa Gulai Padang,Beef Spleen Curry · Gulai Limpo Limpa Gulai Padang · 1 potong + kuah · Sumatera Barat/Gulai & Kari · src:Recipe calc · conf:medium
idn-gulai-masin-ikan,Gulai Masin Ikan,145.0,13.0,9.0,4.0,1.6,0.7,44,1.3,480,100,Olahan,Lauk Pauk,,150,Gulai Masin Ikan Gulai Masin Padang,Minang Sour Coconut Fish Curry · Gulai Masin Ikan Gulai Masin Padang · 1 porsi (150 g) · Sumatera Barat/Ikan · src:Recipe calc · conf:medium
idn-gulai-tambusu,Gulai Tambusu,214.0,12.5,16.0,5.0,1.8,0.7,55,1.8,470,100,Olahan,Lauk Pauk,,90,Gulai Tambunsu Tambunsu Usus Isi Telur,Curried Stuffed Beef Intestine · Gulai Tambunsu Tambunsu Usus Isi Telur · 1 potong + kuah · Sumatera Barat/Gulai & Kari · src:Recipe calc · conf:medium
idn-gulai-telur,Gulai Telur,168.5,11.0,12.5,3.0,1.5,0.5,55,1.8,420,100,Olahan,Lauk Pauk,,80,Gulai Talua Talua Bulek Gulai Telur Bulat Gulai Telur Gulai Padang,Egg Curry Padang Style · Gulai Talua Talua Bulek Gulai Telur Bulat Gulai Telur Gulai Padang · 1 butir + kuah · Sumatera Barat/Telur · src:Recipe calc · conf:medium
idn-gulai-usus,Gulai Usus,194.0,14.0,14.0,3.0,1.4,0.6,28,1.6,470,100,Olahan,Lauk Pauk,,100,Gulai Isi Parut Gulai Usus Sapi,Beef Intestine Curry · Gulai Isi Parut Gulai Usus Sapi · 1 porsi + kuah · Sumatera Barat/Roti & Pastry · src:Recipe calc · conf:medium
idn-ikan-balado,Ikan Balado,213.0,19.0,13.0,5.0,2.2,1.4,45,1.6,520,100,Olahan,Lauk Pauk,,90,Ikan Lado Merah Padang Lauak Balado,Fish In Red Chili Sambal · Ikan Lado Merah Padang Lauak Balado · 1 ekor · Sumatera Barat/Ikan · src:Recipe calc · conf:high
idn-ikan-bilih-goreng,Ikan Bilih Goreng,340.0,38.0,20.0,2.0,0.4,0.3,1200,5.0,780,100,Olahan,Lauk Pauk,,40,Bilih Goreng Ikan Bilih Balado Ikan Bilih Singkarak,Fried Bilih Lake Fish · Bilih Goreng Ikan Bilih Balado Ikan Bilih Singkarak · 1 porsi kecil · Sumatera Barat/Ikan · src:Recipe calc · conf:medium
idn-itiak-lado-mudo,Itiak Lado Mudo,278.0,20.0,20.0,4.5,1.8,1.4,24,3.0,520,100,Olahan,Lauk Pauk,,100,Bebek Cabe Hijau Padang Bebek Lado Mudo Itiak Lado Ijo,Duck In Green Chili · Bebek Cabe Hijau Padang Bebek Lado Mudo Itiak Lado Ijo · 1 potong · Sumatera Barat/Bebek & Unggas · src:Recipe calc · conf:medium
idn-jengkol-balado,Jengkol Balado,207.0,8.0,11.0,19.0,3.0,5.5,45,2.0,480,100,Olahan,Lauk Pauk,,70,Gulai Jariang Jariang Balado Jengkol Lado Merah,Dogfruit In Red Chili Sambal · Gulai Jariang Jariang Balado Jengkol Lado Merah · 1 porsi · Sumatera Barat/Sayuran · src:Recipe calc · conf:medium
idn-kalio-daging,Kalio Daging,232.0,17.0,16.0,5.0,2.2,1.2,30,2.6,430,100,Olahan,Lauk Pauk,,90,Ayam Kalio Kalio Ayam Kalio Sapi Randang Kalio Rendang Basah,Wet-Stage Beef Rendang · Ayam Kalio Kalio Ayam Kalio Sapi Randang Kalio Rendang Basah · 1 potong + kuah · Sumatera Barat/Daging Sapi · src:Recipe calc · conf:high
idn-kentang-balado,Kentang Balado,170.0,2.5,8.0,22.0,3.5,2.4,20,0.9,400,100,Olahan,Lauk Pauk,,60,Kantang Balado Kentang Sambal Padang,Potato In Red Chili Sambal · Kantang Balado Kentang Sambal Padang · 1 porsi · Sumatera Barat/Bubur · src:Recipe calc · conf:high
idn-kentang-balado-kering,Kentang Balado Kering,370.0,4.0,18.0,48.0,12.0,3.6,30,1.4,520,100,Olahan,Lauk Pauk,,30,Kantang Karing Balado Kering Kentang Padang,Crisp Potato Matchsticks In Chili · Kantang Karing Balado Kering Kentang Padang · 2 sendok makan · Sumatera Barat/Bubur · src:Recipe calc · conf:medium
idn-kikil-cabe-hijau,Kikil Cabe Hijau,209.0,20.0,13.0,3.0,1.2,1.0,32,1.4,520,100,Olahan,Lauk Pauk,,90,Kikil Lado Ijo Tunjang Lado Mudo,Beef Tendon In Green Chili · Kikil Lado Ijo Tunjang Lado Mudo · 1 porsi · Sumatera Barat/Daging Sapi · src:Recipe calc · conf:medium
idn-palai-bada,Palai Bada,185.0,13.0,12.0,6.0,1.6,1.4,90,1.6,470,100,Olahan,Lauk Pauk,,100,Palai Ikan Palai Rinuak Pepes Ikan Padang,Minang Banana-Leaf Fish Parcel · Palai Ikan Palai Rinuak Pepes Ikan Padang · 1 bungkus (100 g) · Sumatera Barat/Bumbu & Saus · src:Recipe calc · conf:medium
idn-paru-goreng-padang,Paru Goreng Padang,302.0,28.0,20.0,2.5,0.6,0.5,22,6.2,560,100,Olahan,Lauk Pauk,,50,Dendeng Paru Paru Balado Kering Paru Goreng Paru Karing,Padang Fried Beef Lung · Dendeng Paru Paru Balado Kering Paru Goreng Paru Karing · 1 potong · Sumatera Barat/Daging Sapi · src:Recipe calc · conf:medium
idn-rendang-ayam,Rendang Ayam,243.3,19.5,16.5,4.2,1.7,1.1,28,1.9,450,100,Olahan,Lauk Pauk,,80,Randang Ayam Randang Runtiah Rendang Ayam Padang Rendang Suwir Ayam,Chicken Rendang · Randang Ayam Randang Runtiah Rendang Ayam Padang Rendang Suwir Ayam · 1 potong · Sumatera Barat/Ayam · src:Recipe calc · conf:high
idn-rendang-belut,Rendang Belut,248.0,22.0,16.0,4.0,1.6,1.1,38,2.4,480,100,Olahan,Lauk Pauk,,60,Baluik Goreng Belut Padang Randang Baluik Rendang Baluik,Eel Rendang · Baluik Goreng Belut Padang Randang Baluik Rendang Baluik · 1 porsi · Sumatera Barat/Daging Sapi · src:Recipe calc · conf:medium
idn-rendang-daging-kering,Rendang Daging Kering,322.0,26.0,22.0,5.0,1.8,1.5,40,4.0,560,100,Olahan,Lauk Pauk,,60,Randang Karing Rendang Hitam Rendang Kering,Dry-Cooked Beef Rendang · Randang Karing Rendang Hitam Rendang Kering · 1 potong sedang · Sumatera Barat/Daging Sapi · src:Recipe calc · conf:high
idn-rendang-daging-sapi,Rendang Daging Sapi,193.0,22.6,7.9,7.8,1.6,1.2,32,3.2,470,100,Olahan,Lauk Pauk,,70,Randang Daging Rendang Padang Rendang Sapi,Beef Rendang · Randang Daging Rendang Padang Rendang Sapi · 1 potong sedang · Sumatera Barat/Daging Sapi · src:TKPI · conf:high
idn-rendang-jengkol,Rendang Jengkol,214.0,8.5,12.0,18.0,2.5,5.5,45,2.0,430,100,Olahan,Lauk Pauk,,80,Randang Jariang Rendang Jariang Rendang Jengkol Padang,Dogfruit Rendang · Randang Jariang Rendang Jariang Rendang Jengkol Padang · 1 porsi · Sumatera Barat/Sayuran · src:Recipe calc · conf:medium
idn-rendang-lokan,Rendang Lokan,226.5,18.0,14.5,6.0,2.2,1.4,70,6.0,520,100,Olahan,Lauk Pauk,,70,Randang Lokan Rendang Kerang Padang,Clam Rendang · Randang Lokan Rendang Kerang Padang · 1 porsi · Sumatera Barat/Daging Sapi · src:Recipe calc · conf:medium
idn-rendang-paru,Rendang Paru,247.0,24.0,15.0,4.0,1.6,1.2,26,5.5,520,100,Olahan,Lauk Pauk,,55,Randang Paru Rendang Paru Sapi,Beef Lung Rendang · Randang Paru Rendang Paru Sapi · 1 potong · Sumatera Barat/Daging Sapi · src:Recipe calc · conf:medium
idn-rendang-telur,Rendang Telur,352.0,15.0,28.0,10.0,2.4,1.8,65,3.0,620,100,Olahan,Lauk Pauk,,45,Randang Talua Rendang Telur Payakumbuh,Crispy Egg Rendang · Randang Talua Rendang Telur Payakumbuh · 2 keping · Sumatera Barat/Daging Sapi · src:Recipe calc · conf:medium
idn-tahu-balado-padang,Tahu Balado Padang,198.0,11.0,14.0,7.0,2.6,1.8,180,2.4,430,100,Olahan,Lauk Pauk,,60,Tahu Balado Minang Tahu Lado Merah,Fried Tofu In Chili Sambal · Tahu Balado Minang Tahu Lado Merah · 2 potong · Sumatera Barat/Tahu & Tempe · src:Recipe calc · conf:medium
idn-teri-balado,Teri Balado,266.0,28.0,14.0,7.0,3.0,2.0,900,3.5,1600,100,Olahan,Lauk Pauk,,30,Ikan Teri Balado Maco Balado,Anchovy In Red Chili Sambal · Ikan Teri Balado Maco Balado · 2 sendok makan · Sumatera Barat/Ikan · src:Recipe calc · conf:medium
idn-udang-balado,Udang Balado,186.0,18.0,10.0,6.0,2.6,1.6,70,1.8,620,100,Olahan,Lauk Pauk,,70,Udang Balado Padang Udang Lado Merah,Prawn In Red Chili Sambal · Udang Balado Padang Udang Lado Merah · 1 porsi · Sumatera Barat/Seafood · src:Recipe calc · conf:high
idn-malbi-daging,Malbi Daging,230.0,17.0,15.0,6.5,5.0,0.5,25,2.6,520,100,Olahan,Lauk Pauk,,100,Daging Malbi Malbi Palembang,Palembang Sweet Soy Braised Beef · Daging Malbi Malbi Palembang · 1 porsi · Sumatera Selatan/Daging Sapi · src:Recipe calc · conf:medium
idn-pepes-ikan-patin,Pepes Ikan Patin,150.0,15.0,8.5,3.0,0.8,0.5,40,1.1,410,100,Olahan,Lauk Pauk,,110,Pais Patin Pepes Patin,Banana-Leaf Steamed Catfish · Pais Patin Pepes Patin · 1 bungkus (110 g) · Sumatera Selatan/Ikan · src:Recipe calc · conf:medium
idn-pindang-meranjat,Pindang Meranjat,120.0,14.0,5.5,3.5,1.6,0.6,36,1.1,450,100,Olahan,Lauk Pauk,,250,Pindang Ikan Meranjat Pindang Meranjat Palembang,Palembang Meranjat Sour Fish Soup · Pindang Ikan Meranjat Pindang Meranjat Palembang · 1 mangkok (250 g) · Sumatera Selatan/Lauk Lain · src:Recipe calc · conf:medium
idn-arsik-ikan-mas,Arsik Ikan Mas,145.0,16.0,7.0,4.5,1.2,1.4,60,1.6,400,100,Olahan,Lauk Pauk,,180,Dekke Arsik Ikan Mas Arsik,Batak Spiced Braised Carp With Andaliman · Dekke Arsik Ikan Mas Arsik · 1 potong · Sumatera Utara/Ikan · src:Recipe calc · conf:high
idn-ayam-cipera,Ayam Cipera,155.0,13.0,8.5,7.0,1.0,1.5,25,1.4,400,100,Olahan,Lauk Pauk,,200,Cipera Gulai Cipera,Karo Chicken With Ground Roasted Corn · Cipera Gulai Cipera · 1 porsi · Sumatera Utara/Ayam · src:Recipe calc · conf:medium
idn-babi-panggang-karo,Babi Panggang Karo,320.0,20.0,26.0,1.5,0.8,0.2,12,1.2,380,100,Olahan,Lauk Pauk,,120,BPK Babi Panggang,Karo Roast Pork · BPK Babi Panggang · 1 porsi · Sumatera Utara/Babi · src:Recipe calc · conf:high
idn-dali-ni-horbo,Dali Ni Horbo,145.0,11.0,10.0,3.0,2.5,0.0,260,0.3,220,100,Olahan,Lauk Pauk,,80,Bagot Ni Horbo Keju Batak,Batak Buffalo Milk Curd · Bagot Ni Horbo Keju Batak · 1 potong · Sumatera Utara/Roti & Pastry · src:Recipe calc · conf:medium
idn-ikan-mas-na-tinombur,Ikan Mas Na Tinombur,185.0,20.0,10.5,3.0,1.0,1.0,60,1.8,480,100,Olahan,Lauk Pauk,,180,Dengke Na Tinombur Ikan Bakar Tinombur,Grilled Carp With Tinombur Sambal · Dengke Na Tinombur Ikan Bakar Tinombur · 1 potong · Sumatera Utara/Ikan · src:Recipe calc · conf:medium
idn-kidu-kidu,Kidu-Kidu,275.0,15.0,22.5,2.5,0.8,0.6,18,2.0,470,100,Olahan,Lauk Pauk,,100,Kidu Kidu Karo Sosis Karo,Karo Pork Sausage · Kidu Kidu Karo Sosis Karo · 1 potong · Sumatera Utara/Babi · src:Recipe calc · conf:low
idn-manuk-napinadar,Manuk Napinadar,200.0,20.0,12.0,3.0,0.8,0.7,22,2.2,420,100,Olahan,Lauk Pauk,,110,Ayam Napinadar Manuk Na Pinadar Napinadar,Batak Andaliman Grilled Chicken · Ayam Napinadar Manuk Na Pinadar Napinadar · 1 porsi (110 g) · Sumatera Utara/Ayam · src:Recipe calc · conf:medium
idn-naniura,Naniura,135.0,18.0,5.5,3.0,1.0,1.0,45,1.4,350,100,Olahan,Lauk Pauk,,120,Dengke Naniura Ikan Naniura,Batak Lime-Cured Raw Carp · Dengke Naniura Ikan Naniura · 1 porsi · Sumatera Utara/Ikan · src:Recipe calc · conf:medium
idn-saksang-babi,Saksang Babi,265.0,16.0,21.0,3.0,1.0,1.0,20,2.8,460,100,Olahan,Lauk Pauk,,150,Saksang B2 Sangsang Babi,Batak Minced Pork In Blood & Spices · Saksang B2 Sangsang Babi · 1 porsi · Sumatera Utara/Babi · src:Recipe calc · conf:medium
idn-saksang-daging-sapi,Saksang Daging Sapi,205.0,18.0,13.5,3.5,1.0,1.0,20,3.0,450,100,Olahan,Lauk Pauk,,150,Saksang Lembu Sangsang Sapi,Batak Minced Beef In Spices · Saksang Lembu Sangsang Sapi · 1 porsi · Sumatera Utara/Daging Sapi · src:Recipe calc · conf:medium
idn-sambal-teri-kacang-medan,Sambal Teri Kacang Medan,330.0,16.0,20.0,21.0,8.0,3.5,250,3.5,900,100,Olahan,Lauk Pauk,,40,Sambal Teri Medan Teri Kacang Balado,Anchovy & Peanut Chilli Fry · Sambal Teri Medan Teri Kacang Balado · 2 sdm · Sumatera Utara/Ikan · src:Recipe calc · conf:medium
idn-sate-kerang-medan,Sate Kerang Medan,165.0,17.0,5.0,12.0,7.0,0.8,60,12.0,620,100,Olahan,Lauk Pauk,,60,Kerang Bumbu Medan Sate Kerang,Medan Sweet-Spiced Cockle Skewers · Kerang Bumbu Medan Sate Kerang · 1 porsi · Sumatera Utara/Sate · src:Recipe calc · conf:medium
idn-tasak-telu,Tasak Telu,175.0,14.0,11.5,4.0,1.2,1.6,40,1.6,420,100,Olahan,Lauk Pauk,,200,Cincang Bohan Tasak Telu Karo,Karo Three-Way Chicken With Coconut · Cincang Bohan Tasak Telu Karo · 1 porsi · Sumatera Utara/Ayam · src:Recipe calc · conf:low
idn-teri-medan-goreng,Teri Medan Goreng,380.0,40.0,22.0,4.0,0.5,0.3,900,4.0,1500,100,Olahan,Lauk Pauk,,30,Ikan Teri Medan Goreng Teri Nasi Goreng,Fried Medan Anchovies · Ikan Teri Medan Goreng Teri Nasi Goreng · 1 sdm · Sumatera Utara/Ikan · src:TKPI · conf:medium
idn-keripik-salak,Keripik Salak,480.0,3.0,22.0,67.0,12.0,4.0,40,1.5,60,100,Olahan,Makanan Kemasan,,40,Keripik Buah Salak Salak Crispy,Vacuum Fried Salak Chips · Keripik Buah Salak Salak Crispy · 1 bungkus (40 g) · DI Yogyakarta/Buah · src:Estimate · conf:medium
idn-manisan-salak-pondoh,Manisan Salak Pondoh,290.0,1.0,0.4,72.0,58.0,2.5,25,1.0,25,100,Olahan,Makanan Kemasan,,40,Manisan Salak Salak Manisan,Candied Salak Fruit · Manisan Salak Salak Manisan · 1 bungkus kecil (40 g) · DI Yogyakarta/Buah · src:Estimate · conf:medium
idn-batagor-kering,Batagor Kering,490.0,10.0,26.0,54.0,3.0,2.0,60,2.0,700,100,Olahan,Makanan Kemasan,,40,Baso Tahu Kering Batagor Kering Bandung,Crispy Dried Batagor Snack · Baso Tahu Kering Batagor Kering Bandung · 1 bungkus (40 g) · Jawa Barat/Kue Kering · src:Recipe calc · conf:medium
idn-keripik-maicih-level-10,Keripik Maicih Level 10,515.0,3.5,27.0,64.0,5.0,3.5,35,1.2,600,100,Olahan,Makanan Kemasan,,60,Keripik Singkong Maicih Maicih Level 10,Extra Spicy Cassava Chips · Keripik Singkong Maicih Maicih Level 10 · 1 bungkus (60 g) · Jawa Barat/Snack Kemasan · src:Estimate · conf:medium
idn-manisan-buah-cermai,Manisan Buah Cermai,250.0,0.6,0.3,63.0,52.0,2.0,20,0.5,20,100,Olahan,Makanan Kemasan,,40,Manisan Ceremai Manisan Cermai,Candied Star Gooseberry · Manisan Ceremai Manisan Cermai · 1 bungkus kecil (40 g) · Jawa Barat/Snack Kemasan · src:Estimate · conf:low
idn-manisan-pala,Manisan Pala,285.0,0.8,0.5,71.0,57.0,2.0,30,0.8,30,100,Olahan,Makanan Kemasan,,40,Manisan Buah Pala Manisan Pala Bogor,Candied Nutmeg Fruit · Manisan Buah Pala Manisan Pala Bogor · 1 bungkus kecil (40 g) · Jawa Barat/Bumbu & Saus · src:Estimate · conf:medium
idn-lunpia-kering-semarang,Lunpia Kering Semarang,460.0,9.0,24.0,51.0,6.0,2.0,45,1.8,620,100,Olahan,Makanan Kemasan,,25,Lumpia Kering Semarang Lunpia Kering,Dried Crispy Spring Roll · Lumpia Kering Semarang Lunpia Kering · 1 buah (25 g) · Jawa Tengah/Kue Kering · src:Recipe calc · conf:medium
idn-keripik-tempe-sagu,Keripik Tempe Sagu,500.0,16.0,28.0,46.0,2.0,4.0,90,2.5,450,100,Olahan,Makanan Kemasan,,35,Keripik Tempe Kriuk Keripik Tempe Malang,Sago Batter Tempeh Chips · Keripik Tempe Kriuk Keripik Tempe Malang · 1 bungkus (35 g) · Jawa Timur/Tahu & Tempe · src:Recipe calc · conf:medium
idn-manisan-apel-malang,Manisan Apel Malang,300.0,0.5,0.3,75.0,62.0,2.5,15,0.5,30,100,Olahan,Makanan Kemasan,,40,Apel Manisan Malang Manisan Apel,Candied Malang Apple · Apel Manisan Malang Manisan Apel · 1 bungkus kecil (40 g) · Jawa Timur/Buah · src:Estimate · conf:medium
idn-abon-ayam-kemasan,Abon Ayam Kemasan,392.0,24.0,18.0,33.0,20.0,1.5,36,2.5,900,100,Olahan,Makanan Kemasan,,15,Chicken Floss,Packaged Chicken Floss · Chicken Floss · 2 sdm (15 g) · Nasional/Ayam · src:Estimate · conf:medium
idn-abon-sapi-kemasan,Abon Sapi Kemasan,420.0,25.0,22.0,30.0,18.0,1.5,40,4.0,950,100,Olahan,Makanan Kemasan,,15,Beef Floss Kemasan,Packaged Beef Floss · Beef Floss Kemasan · 2 sdm (15 g) · Nasional/Daging Sapi · src:Estimate · conf:medium
idn-alpenliebe-karamel,Alpenliebe Karamel,400.0,0.8,3.5,90.0,65.0,0.0,40,0.1,90,100,Olahan,Makanan Kemasan,,4,Permen Alpenliebe,Alpenliebe Caramel Candy · Permen Alpenliebe · 1 butir (4 g) · Nasional/Snack Kemasan · src:FatSecret ID · conf:medium
idn-anak-mas-snack,Anak Mas Snack,480.0,7.0,22.0,63.0,3.0,2.0,20,1.5,900,100,Olahan,Makanan Kemasan,,14,Anakmas Snack Anak Mas Mie Kremes,Crushed Fried Noodle Snack · Anakmas Snack Anak Mas Mie Kremes · 1 bungkus (14 g) · Nasional/Snack Kemasan · src:Estimate · conf:medium
idn-arum-manis-gulali,Arum Manis Gulali,395.0,0.0,0.0,99.0,99.0,0.0,0,0.0,5,100,Olahan,Makanan Kemasan,,20,Gula Kapas Gulali Kapas Harum Manis Gulali,Cotton Candy · Gula Kapas Gulali Kapas Harum Manis Gulali · 1 bungkus (20 g) · Nasional/Snack Kemasan · src:Estimate · conf:medium
idn-asinan-salak-kemasan,Asinan Salak Kemasan,90.0,0.5,0.2,22.0,18.0,2.0,25,0.5,400,100,Olahan,Makanan Kemasan,,100,Manisan Salak Kemasan,Packaged Pickled Salak · Manisan Salak Kemasan · 1 bungkus (100 g) · Nasional/Buah · src:Estimate · conf:low
idn-astor-wafer-roll-coklat,Astor Wafer Roll Coklat,530.0,5.5,28.0,63.0,32.0,1.5,50,1.5,160,100,Olahan,Makanan Kemasan,,5,Astor Cokelat Wafer Astor,Astor Chocolate Wafer Roll · Astor Cokelat Wafer Astor · 1 batang (5 g) · Nasional/Kue Kering · src:FatSecret ID · conf:high
idn-ayam-ungkep-frozen,Ayam Ungkep Frozen,209.0,20.0,13.0,3.0,1.0,0.4,16,1.2,540,100,Olahan,Makanan Kemasan,,90,Ayam Ungkep Beku Ungkep Ayam Frozen,Frozen Marinated Braised Chicken · Ayam Ungkep Beku Ungkep Ayam Frozen · 1 potong (90 g) · Nasional/Ayam · src:Estimate · conf:medium
idn-bakso-ayam-frozen,Bakso Ayam Frozen,165.0,11.0,8.0,12.0,0.8,0.4,16,0.9,700,100,Olahan,Makanan Kemasan,,75,Bakso Ayam Kemasan Baso Ayam Frozen,Frozen Chicken Meatball · Bakso Ayam Kemasan Baso Ayam Frozen · 5 butir (75 g) · Nasional/Ayam · src:Estimate · conf:medium
idn-bakso-ikan-frozen,Bakso Ikan Frozen,129.0,10.0,4.0,13.0,0.9,0.4,20,0.6,680,100,Olahan,Makanan Kemasan,,75,Baso Ikan Frozen Fish Ball Beku,Frozen Fish Ball · Baso Ikan Frozen Fish Ball Beku · 5 butir (75 g) · Nasional/Ikan · src:Estimate · conf:medium
idn-bakso-sapi-frozen-kemasan,Bakso Sapi Frozen Kemasan,184.0,11.0,11.0,10.0,0.8,0.4,16,1.3,720,100,Olahan,Makanan Kemasan,,75,Bakso Sapi Beku Baso Sapi Frozen,Frozen Packaged Beef Meatball · Bakso Sapi Beku Baso Sapi Frozen · 5 butir (75 g) · Nasional/Daging Sapi · src:Estimate · conf:medium
idn-bakso-urat-frozen-kemasan,Bakso Urat Frozen Kemasan,193.0,12.0,12.0,9.0,0.7,0.4,16,1.5,740,100,Olahan,Makanan Kemasan,,80,Bakso Urat Beku Baso Urat Frozen,Frozen Tendon Beef Meatball · Bakso Urat Beku Baso Urat Frozen · 4 butir (80 g) · Nasional/Bakso · src:Estimate · conf:medium
idn-baso-aci-frozen-kemasan,Baso Aci Frozen Kemasan,179.0,4.0,3.0,34.0,1.0,1.0,14,0.7,560,100,Olahan,Makanan Kemasan,,90,Bakso Aci Frozen Cilok Frozen,Frozen Tapioca Meatball · Bakso Aci Frozen Cilok Frozen · 6 butir (90 g) · Nasional/Bakso · src:Estimate · conf:medium
idn-basreng-kemasan-pedas,Basreng Kemasan Pedas,480.0,9.0,27.0,50.0,3.0,1.5,40,1.2,900,100,Olahan,Makanan Kemasan,,50,Basreng Daun Jeruk Basreng Snack,Packaged Spicy Fried Meatball Chips · Basreng Daun Jeruk Basreng Snack · 1 bungkus (50 g) · Nasional/Keripik & Kerupuk · src:Estimate · conf:medium
idn-bawang-goreng-kemasan,Bawang Goreng Kemasan,500.0,5.0,33.0,45.0,8.0,5.0,45,1.5,60,100,Olahan,Makanan Kemasan,,8,Bawang Goreng Instan Fried Shallot Kemasan,Packaged Fried Shallots · Bawang Goreng Instan Fried Shallot Kemasan · 1 sdm (8 g) · Nasional/Gorengan · src:Estimate · conf:medium
idn-bebek-ungkep-frozen,Bebek Ungkep Frozen,249.0,19.0,18.0,3.0,1.0,0.4,16,2.4,560,100,Olahan,Makanan Kemasan,,100,Bebek Ungkep Beku Ungkep Bebek Frozen,Frozen Marinated Braised Duck · Bebek Ungkep Beku Ungkep Bebek Frozen · 1 potong (100 g) · Nasional/Bebek & Unggas · src:Estimate · conf:medium
idn-beef-bacon,Beef Bacon,286.0,18.0,23.0,1.5,0.5,0.0,10,1.8,1300,100,Olahan,Makanan Kemasan,,45,Bacon Sapi Smoked Beef Bacon,Beef Bacon Strips · Bacon Sapi Smoked Beef Bacon · 3 lembar (45 g) · Nasional/Daging Sapi · src:USDA analog · conf:medium
idn-beef-slice-shabu-frozen,Beef Slice Shabu Frozen,248.0,17.0,20.0,0.0,0.0,0.0,10,2.2,60,100,Olahan,Makanan Kemasan,,100,Beef Slice Frozen Daging Slice Shabu,Frozen Sliced Beef for Shabu · Beef Slice Frozen Daging Slice Shabu · 1 porsi (100 g) · Nasional/Daging Sapi · src:USDA analog · conf:high
idn-beng-beng,Beng-Beng,545.0,5.0,30.0,63.0,40.0,1.5,60,1.5,150,100,Olahan,Makanan Kemasan,,20,Beng Beng Wafer Bengbeng,Beng-Beng Chocolate Caramel Wafer Bar · Beng Beng Wafer Bengbeng · 1 batang (20 g) · Nasional/Kue Kering · src:FatSecret ID · conf:high
idn-beng-beng-max,Beng-Beng Max,545.0,5.5,30.0,62.0,40.0,1.5,60,1.5,160,100,Olahan,Makanan Kemasan,,32,Bengbeng Max,Beng-Beng Max Chocolate Wafer Bar · Bengbeng Max · 1 batang (32 g) · Nasional/Kue Kering · src:Estimate · conf:medium
idn-better-biskuit-coklat,Better Biskuit Coklat,500.0,6.0,24.0,65.0,28.0,2.0,40,2.0,300,100,Olahan,Makanan Kemasan,,12,Better Cokelat Biskuit Better,Better Chocolate Sandwich Biscuit · Better Cokelat Biskuit Better · 1 keping (12 g) · Nasional/Kue Kering · src:Estimate · conf:medium
idn-biskuat-coklat,Biskuat Coklat,465.0,8.0,16.0,70.0,24.0,2.5,300,4.0,420,100,Olahan,Makanan Kemasan,,20,Biskuat Cokelat Biskuat Energi,Biskuat Chocolate Biscuit · Biskuat Cokelat Biskuat Energi · 1 bungkus (20 g) · Nasional/Kue Kering · src:NilaiGizi · conf:high
idn-biskuit-gandum,Biskuit Gandum,460.0,7.5,16.0,70.0,20.0,4.0,60,2.5,400,100,Olahan,Makanan Kemasan,,12,Biskuit Whole Wheat Digestive Biscuit,Wheat Digestive Biscuit · Biskuit Whole Wheat Digestive Biscuit · 1 keping (12 g) · Nasional/Kue Kering · src:USDA analog · conf:high
idn-blue-band-margarin-serbaguna,Blue Band Margarin Serbaguna,630.0,0.3,70.0,0.5,0.5,0.0,10,0.2,700,100,Olahan,Makanan Kemasan,,14,Blue Band Margarin Blue Band,Blue Band All Purpose Margarine · Blue Band Margarin Blue Band · 1 sdm (14 g) · Nasional/Bumbu & Saus · src:Estimate · conf:medium
idn-bon-cabe-level-15,Bon Cabe Level 15,312.0,10.0,18.0,35.0,6.0,15.0,120,6.0,6000,100,Olahan,Makanan Kemasan,,6,BonCabe Level 15 Sambal Tabur Bon Cabe,Bon Cabe Chili Flakes Level 15 · BonCabe Level 15 Sambal Tabur Bon Cabe · 1 sachet (6 g) · Nasional/Sambal · src:Estimate · conf:medium
idn-bumbu-tabur-balado,Bumbu Tabur Balado,380.0,4.0,8.0,72.0,30.0,2.0,40,1.5,4500,100,Olahan,Makanan Kemasan,,5,Bumbu Tabur Pedas Sprinkle Balado,Balado Snack Seasoning Powder · Bumbu Tabur Pedas Sprinkle Balado · 1 sdt (5 g) · Nasional/Bumbu & Saus · src:Estimate · conf:medium
idn-bumbu-tabur-keju,Bumbu Tabur Keju,420.0,6.0,14.0,68.0,20.0,1.0,200,0.8,3200,100,Olahan,Makanan Kemasan,,5,Bumbu Tabur Cheese Sprinkle Keju,Cheese Snack Seasoning Powder · Bumbu Tabur Cheese Sprinkle Keju · 1 sdt (5 g) · Nasional/Bumbu & Saus · src:Estimate · conf:medium
idn-butter-tawar-kemasan,Butter Tawar Kemasan,717.0,0.9,81.0,0.1,0.1,0.0,24,0.0,11,100,Olahan,Makanan Kemasan,,14,Mentega Tawar Unsalted Butter,Unsalted Butter · Mentega Tawar Unsalted Butter · 1 sdm (14 g) · Nasional/Susu & Dairy · src:USDA analog · conf:high
idn-cadbury-dairy-milk-coklat-susu,Cadbury Dairy Milk Coklat Susu,534.0,7.3,30.0,57.0,56.0,1.0,240,1.0,90,100,Olahan,Makanan Kemasan,,30,Cadbury Dairy Milk Coklat Cadbury,Cadbury Dairy Milk Chocolate · Cadbury Dairy Milk Coklat Cadbury · 1 batang (30 g) · Nasional/Roti & Pastry · src:FatSecret ID · conf:high
idn-cadbury-dairy-milk-oreo,Cadbury Dairy Milk Oreo,530.0,6.5,29.0,60.0,55.0,1.0,200,1.2,150,100,Olahan,Makanan Kemasan,,30,Cadbury Oreo,Cadbury Dairy Milk Oreo Chocolate · Cadbury Oreo · 1 batang (30 g) · Nasional/Snack Kemasan · src:NilaiGizi · conf:medium
idn-casein-protein-bubuk,Casein Protein Bubuk,370.0,77.0,3.0,8.0,3.0,1.0,1200,1.0,700,100,Olahan,Makanan Kemasan,,32,Casein Protein Kasein Micellar Casein,Micellar Casein Protein Powder · Casein Protein Kasein Micellar Casein · 1 scoop (32 g) · Nasional/Soto & Sup · src:Estimate · conf:medium
idn-ceres-meses-coklat,Ceres Meses Coklat,460.0,4.0,18.0,70.0,60.0,3.0,50,3.0,40,100,Olahan,Makanan Kemasan,,10,Meses Ceres Meses Cokelat,Ceres Chocolate Sprinkles · Meses Ceres Meses Cokelat · 1 sdm (10 g) · Nasional/Bumbu & Saus · src:FatSecret ID · conf:medium
idn-cheetos-jagung-bakar,Cheetos Jagung Bakar,520.0,6.0,30.0,57.0,3.0,2.0,60,1.0,950,100,Olahan,Makanan Kemasan,,15,Cheetos Jagung,Cheetos Grilled Corn Snack · Cheetos Jagung · 1 bungkus (15 g) · Nasional/Snack Kemasan · src:NilaiGizi · conf:medium
idn-cheetos-puffs-keju,Cheetos Puffs Keju,540.0,7.0,33.0,54.0,3.0,1.5,80,1.0,1000,100,Olahan,Makanan Kemasan,,15,Cheetos Keju,Cheetos Cheese Puffs · Cheetos Keju · 1 bungkus (15 g) · Nasional/Snack Kemasan · src:NilaiGizi · conf:medium
idn-chicken-drumstick-frozen-mentah,Chicken Drumstick Frozen Mentah,203.0,14.0,11.0,12.0,1.0,0.6,16,1.0,560,100,Olahan,Makanan Kemasan,,90,Drumstick Frozen Paha Ayam Breaded Beku,Frozen Breaded Chicken Drumstick · Drumstick Frozen Paha Ayam Breaded Beku · 2 potong (90 g) · Nasional/Ayam · src:Estimate · conf:medium
idn-chicken-drumstick-goreng-crispy,Chicken Drumstick Goreng Crispy,281.0,17.0,18.0,13.0,1.1,0.7,18,1.2,640,100,Olahan,Makanan Kemasan,,90,Drumstick Goreng Paha Ayam Crispy Frozen,Fried Breaded Chicken Drumstick · Drumstick Goreng Paha Ayam Crispy Frozen · 2 potong (90 g) · Nasional/Ayam · src:Estimate · conf:medium
idn-chicken-karaage-frozen-mentah,Chicken Karaage Frozen Mentah,198.0,14.0,9.0,15.0,1.0,0.6,16,0.9,580,100,Olahan,Makanan Kemasan,,85,Ayam Karaage Beku Karaage Frozen,Frozen Uncooked Chicken Karaage · Ayam Karaage Beku Karaage Frozen · 5 potong (85 g) · Nasional/Ayam · src:Estimate · conf:medium
idn-chicken-karaage-goreng,Chicken Karaage Goreng,283.0,17.0,17.0,15.0,1.1,0.7,18,1.1,660,100,Olahan,Makanan Kemasan,,85,Ayam Karaage Crispy Karaage Goreng,Fried Chicken Karaage · Ayam Karaage Crispy Karaage Goreng · 5 potong (85 g) · Nasional/Ayam · src:Estimate · conf:medium
idn-chicken-slice-smoked,Chicken Slice Smoked,120.0,17.0,4.5,3.0,1.2,0.0,8,0.8,950,100,Olahan,Makanan Kemasan,,40,Ayam Asap Lembaran Smoked Chicken Slice,Sliced Smoked Chicken · Ayam Asap Lembaran Smoked Chicken Slice · 2 lembar (40 g) · Nasional/Ayam · src:Estimate · conf:medium
idn-chicken-strip-frozen,Chicken Strip Frozen,217.0,13.5,11.0,16.0,1.2,0.8,20,1.0,600,100,Olahan,Makanan Kemasan,,80,Ayam Strip Frozen Chicken Strip Beku,Frozen Chicken Strip · Ayam Strip Frozen Chicken Strip Beku · 4 potong (80 g) · Nasional/Ayam · src:Estimate · conf:medium
idn-chicken-strip-goreng,Chicken Strip Goreng,285.0,16.0,16.0,19.0,1.4,0.9,24,1.2,680,100,Olahan,Makanan Kemasan,,80,Ayam Strip Goreng Chicken Strip Crispy,Fried Chicken Strip · Ayam Strip Goreng Chicken Strip Crispy · 4 potong (80 g) · Nasional/Ayam · src:Estimate · conf:medium
idn-chicken-wing-frozen-mentah,Chicken Wing Frozen Mentah,185.0,15.0,12.0,4.0,0.8,0.3,14,0.9,480,100,Olahan,Makanan Kemasan,,90,Chicken Wing Beku Sayap Ayam Frozen,Frozen Marinated Chicken Wing · Chicken Wing Beku Sayap Ayam Frozen · 3 potong (90 g) · Nasional/Ayam · src:Estimate · conf:medium
idn-chicken-wing-goreng-crispy,Chicken Wing Goreng Crispy,292.0,20.0,20.0,8.0,1.0,0.4,18,1.2,560,100,Olahan,Makanan Kemasan,,90,Sayap Ayam Goreng Crispy Wing Crispy,Crispy Fried Chicken Wing · Sayap Ayam Goreng Crispy Wing Crispy · 3 potong (90 g) · Nasional/Ayam · src:Estimate · conf:medium
idn-chiki-balls-rasa-ayam,Chiki Balls Rasa Ayam,500.0,5.0,27.0,60.0,6.0,1.5,90,1.0,800,100,Olahan,Makanan Kemasan,,20,Chiki Ayam Chiki Balls,Chiki Balls Chicken Snack · Chiki Ayam Chiki Balls · 1 bungkus (20 g) · Nasional/Snack Kemasan · src:Estimate · conf:medium
idn-chitato-ayam-bumbu,Chitato Ayam Bumbu,538.0,7.0,30.5,58.0,4.5,3.0,20,1.2,720,100,Olahan,Makanan Kemasan,,35,Chitato Rasa Ayam Bumbu,Chitato Seasoned Chicken Potato Chips · Chitato Rasa Ayam Bumbu · 1 bungkus (35 g) · Nasional/Snack Kemasan · src:Estimate · conf:medium
idn-chitato-lite-rumput-laut,Chitato Lite Rumput Laut,490.0,6.0,24.0,62.0,5.0,3.0,25,1.3,600,100,Olahan,Makanan Kemasan,,30,Chitato Lite Seaweed,Chitato Lite Seaweed Chips · Chitato Lite Seaweed · 1 bungkus (30 g) · Nasional/Snack Kemasan · src:FatSecret ID · conf:medium
idn-chitato-rasa-keju,Chitato Rasa Keju,535.0,6.5,30.0,58.0,5.0,3.0,40,1.1,680,100,Olahan,Makanan Kemasan,,35,Chitato Keju,Chitato Cheese Potato Chips · Chitato Keju · 1 bungkus (35 g) · Nasional/Snack Kemasan · src:FatSecret ID · conf:high
idn-chitato-sapi-panggang,Chitato Sapi Panggang,540.0,6.5,31.0,58.0,4.0,3.0,20,1.2,700,100,Olahan,Makanan Kemasan,,35,Chitato Beef BBQ Chitato Rasa Sapi Panggang,Chitato Grilled Beef Potato Chips · Chitato Beef BBQ Chitato Rasa Sapi Panggang · 1 bungkus (35 g) · Nasional/Snack Kemasan · src:FatSecret ID · conf:high
idn-chocolatos-wafer-roll,Chocolatos Wafer Roll,530.0,5.0,28.0,63.0,33.0,1.5,60,1.5,150,100,Olahan,Makanan Kemasan,,16,Chocolatos Roll Gery Chocolatos Wafer,Chocolatos Chocolate Wafer Roll · Chocolatos Roll Gery Chocolatos Wafer · 1 batang (16 g) · Nasional/Kue Kering · src:FatSecret ID · conf:high
idn-choki-choki-coklat-pasta,Choki-Choki Coklat Pasta,550.0,4.0,33.0,58.0,50.0,1.5,80,1.5,60,100,Olahan,Makanan Kemasan,,10,Choki Choki Chokichoki,Choki-Choki Chocolate Paste Stick · Choki Choki Chokichoki · 1 batang (10 g) · Nasional/Snack Kemasan · src:Estimate · conf:medium
idn-cokelat-batang-susu,Cokelat Batang Susu,535.0,7.5,30.0,58.0,52.0,2.0,190,1.5,80,100,Olahan,Makanan Kemasan,,30,Coklat Batang Coklat Susu Batangan,Milk Chocolate Bar · Coklat Batang Coklat Susu Batangan · 1 batang (30 g) · Nasional/Roti & Pastry · src:USDA analog · conf:high
idn-cokelat-payung,Cokelat Payung,530.0,5.0,30.0,60.0,55.0,1.5,110,1.5,70,100,Olahan,Makanan Kemasan,,5,Coklat Payung Permen Cokelat Payung,Umbrella Chocolate Candy · Coklat Payung Permen Cokelat Payung · 1 buah (5 g) · Nasional/Snack Kemasan · src:Estimate · conf:medium
idn-cottage-cheese-rendah-lemak,Cottage Cheese Rendah Lemak,72.0,12.4,1.0,2.7,2.7,0.0,61,0.1,406,100,Olahan,Makanan Kemasan,,100,Cottage Cheese Keju Cottage,Low Fat Cottage Cheese · Cottage Cheese Keju Cottage · 1 mangkok kecil (100 g) · Nasional/Susu & Dairy · src:USDA analog · conf:high
idn-crab-stick-frozen,Crab Stick Frozen,104.0,7.5,1.2,15.5,4.0,0.4,14,0.3,640,100,Olahan,Makanan Kemasan,,60,Crabstick Kani Stick Kanikama,Frozen Imitation Crab Stick · Crabstick Kani Stick Kanikama · 4 batang (60 g) · Nasional/Seafood · src:USDA analog · conf:high
idn-cream-cheese,Cream Cheese,350.0,6.2,34.4,5.5,3.8,0.0,97,0.1,314,100,Olahan,Makanan Kemasan,,30,Keju Krim Krim Keju Philadelphia Cheese,Cream Cheese · Keju Krim Krim Keju Philadelphia Cheese · 2 sdm (30 g) · Nasional/Susu & Dairy · src:USDA analog · conf:high
idn-crispy-chicken-frozen-goreng,Crispy Chicken Frozen Goreng,264.0,17.0,16.0,13.0,1.0,0.7,20,1.1,640,100,Olahan,Makanan Kemasan,,85,Ayam Crispy Frozen Crispy Chicken Beku Goreng,Fried Frozen Crispy Chicken Piece · Ayam Crispy Frozen Crispy Chicken Beku Goreng · 1 potong (85 g) · Nasional/Ayam · src:Estimate · conf:medium
idn-cumi-ring-frozen,Cumi Ring Frozen,209.0,11.0,9.5,20.0,1.2,0.8,26,0.9,580,100,Olahan,Makanan Kemasan,,80,Calamari Ring Frozen Cumi Cincin Beku,Frozen Breaded Calamari Ring · Calamari Ring Frozen Cumi Cincin Beku · 6 buah (80 g) · Nasional/Seafood · src:Estimate · conf:medium
idn-cumi-ring-goreng,Cumi Ring Goreng,278.0,12.5,15.0,23.0,1.4,0.9,30,1.0,650,100,Olahan,Makanan Kemasan,,80,Calamari Ring Goreng Cumi Cincin Crispy,Fried Breaded Calamari Ring · Calamari Ring Goreng Cumi Cincin Crispy · 6 buah (80 g) · Nasional/Seafood · src:Estimate · conf:medium
idn-danisa-butter-cookies,Danisa Butter Cookies,520.0,6.0,27.0,63.0,22.0,1.5,35,1.5,300,100,Olahan,Makanan Kemasan,,10,Butter Cookies Danisa Danisa Kaleng,Danisa Danish Butter Cookies · Butter Cookies Danisa Danisa Kaleng · 1 keping (10 g) · Nasional/Kue Kering · src:FatSecret ID · conf:high
idn-delfi-coklat-susu,Delfi Coklat Susu,540.0,7.0,31.0,57.0,52.0,1.5,200,1.5,80,100,Olahan,Makanan Kemasan,,30,Coklat Delfi Delfi Milk,Delfi Milk Chocolate Bar · Coklat Delfi Delfi Milk · 1 batang (30 g) · Nasional/Roti & Pastry · src:Estimate · conf:medium
idn-dendeng-sapi-kemasan,Dendeng Sapi Kemasan,410.0,30.0,20.0,27.0,16.0,1.0,30,4.5,1100,100,Olahan,Makanan Kemasan,,30,Beef Jerky Kemasan Dendeng Manis Kemasan,Packaged Sweet Beef Jerky · Beef Jerky Kemasan Dendeng Manis Kemasan · 3 lembar (30 g) · Nasional/Daging Sapi · src:Estimate · conf:medium
idn-dimsum-ayam-kukus-frozen,Dimsum Ayam Kukus Frozen,195.0,12.0,9.0,16.5,1.3,0.8,20,1.0,600,100,Olahan,Makanan Kemasan,,75,Dim Sum Ayam Kukus Dimsum Frozen,Steamed Frozen Chicken Dimsum · Dim Sum Ayam Kukus Dimsum Frozen · 3 buah (75 g) · Nasional/Ayam · src:Estimate · conf:medium
idn-dimsum-siomay-udang-frozen,Dimsum Siomay Udang Frozen,175.0,11.0,7.0,17.0,1.2,0.8,30,0.8,610,100,Olahan,Makanan Kemasan,,75,Shrimp Siomay Siomay Udang Frozen,Frozen Shrimp Siomay Dimsum · Shrimp Siomay Siomay Udang Frozen · 3 buah (75 g) · Nasional/Seafood · src:Estimate · conf:medium
idn-dodol-susu-kemasan,Dodol Susu Kemasan,380.0,2.5,8.0,76.0,48.0,1.0,60,1.0,80,100,Olahan,Makanan Kemasan,,20,Dodol Kemasan Dodol Susu,Packaged Milk Dodol · Dodol Kemasan Dodol Susu · 1 buah (20 g) · Nasional/Kue Basah · src:Estimate · conf:medium
idn-doritos-barbeque,Doritos Barbeque,500.0,7.0,25.0,61.0,5.0,4.0,110,1.4,750,100,Olahan,Makanan Kemasan,,40,Doritos BBQ,Doritos Barbecue Tortilla Chips · Doritos BBQ · 1 bungkus (40 g) · Nasional/Snack Kemasan · src:FatSecret ID · conf:medium
idn-doritos-nacho-cheese,Doritos Nacho Cheese,500.0,7.0,25.0,61.0,3.0,4.0,120,1.4,700,100,Olahan,Makanan Kemasan,,40,Doritos Keju,Doritos Nacho Cheese Tortilla Chips · Doritos Keju · 1 bungkus (40 g) · Nasional/Snack Kemasan · src:FatSecret ID · conf:high
idn-ekado-frozen,Ekado Frozen,216.0,12.0,12.0,15.0,1.2,0.7,30,1.0,620,100,Olahan,Makanan Kemasan,,75,Ekado Beku Ekkado,Frozen Ekado Chicken Shrimp Parcel · Ekado Beku Ekkado · 3 buah (75 g) · Nasional/Seafood · src:Estimate · conf:medium
idn-emping-melinjo-kemasan-balado,Emping Melinjo Kemasan Balado,510.0,10.0,28.0,55.0,6.0,2.0,60,3.0,500,100,Olahan,Makanan Kemasan,,50,Emping Balado Kemasan,Packaged Balado Melinjo Chips · Emping Balado Kemasan · 1 bungkus (50 g) · Nasional/Keripik & Kerupuk · src:Estimate · conf:medium
idn-energy-bar-kacang-cokelat,Energy Bar Kacang Cokelat,420.0,12.0,15.0,58.0,30.0,5.0,80,3.0,150,100,Olahan,Makanan Kemasan,,40,Energy Bar Protein Bar Kacang,Peanut Chocolate Energy Bar · Energy Bar Protein Bar Kacang · 1 batang (40 g) · Nasional/Bubur · src:USDA analog · conf:medium
idn-ferrero-rocher,Ferrero Rocher,580.0,8.5,42.0,44.0,40.0,3.0,120,2.5,40,100,Olahan,Makanan Kemasan,,12,Coklat Ferrero Rocher,Ferrero Rocher Hazelnut Chocolate · Coklat Ferrero Rocher · 1 buah (12 g) · Nasional/Snack Kemasan · src:FatSecret ID · conf:high
idn-fish-cake-frozen,Fish Cake Frozen,147.0,11.0,4.0,17.0,1.8,0.5,26,0.6,700,100,Olahan,Makanan Kemasan,,80,Fishcake Beku Kue Ikan Frozen,Frozen Fish Cake · Fishcake Beku Kue Ikan Frozen · 4 buah (80 g) · Nasional/Ikan · src:Estimate · conf:medium
idn-fish-finger-frozen,Fish Finger Frozen,201.0,11.0,9.0,19.0,1.2,0.8,20,0.7,480,100,Olahan,Makanan Kemasan,,80,Fish Stick Frozen Stik Ikan Beku,Frozen Fish Finger · Fish Stick Frozen Stik Ikan Beku · 4 buah (80 g) · Nasional/Ikan · src:USDA analog · conf:medium
idn-fish-finger-goreng,Fish Finger Goreng,273.0,12.5,15.0,22.0,1.4,0.9,24,0.9,540,100,Olahan,Makanan Kemasan,,80,Fish Stick Goreng Stik Ikan Goreng,Fried Fish Finger · Fish Stick Goreng Stik Ikan Goreng · 4 buah (80 g) · Nasional/Ikan · src:USDA analog · conf:medium
idn-fisherman-s-friend-permen,Fisherman's Friend Permen,380.0,0.5,0.5,95.0,60.0,1.0,10,0.2,15,100,Olahan,Makanan Kemasan,,2,Permen Fishermans Friend,Fisherman's Friend Menthol Lozenge · Permen Fishermans Friend · 1 butir (2 g) · Nasional/Snack Kemasan · src:FatSecret ID · conf:medium
idn-fitbar-cokelat,Fitbar Cokelat,450.0,5.0,15.0,70.0,30.0,4.0,80,2.5,275,100,Olahan,Makanan Kemasan,,20,Fit Bar Coklat Fitbar,Fitbar Chocolate Snack Bar · Fit Bar Coklat Fitbar · 1 batang (24 g) · Nasional/Snack Kemasan · src:NilaiGizi · conf:high
idn-fox-s-crystal-candy,Fox's Crystal Candy,385.0,0.0,0.5,96.0,75.0,0.0,5,0.1,25,100,Olahan,Makanan Kemasan,,4,Foxs Candy Permen Foxs,Fox's Crystal Clear Fruits Candy · Foxs Candy Permen Foxs · 1 butir (4 g) · Nasional/Snack Kemasan · src:FatSecret ID · conf:medium
idn-french-fries-2000,French Fries 2000,500.0,4.0,26.0,62.0,2.0,2.0,20,0.9,700,100,Olahan,Makanan Kemasan,,18,Keripik French Fries 2000,French Fries 2000 Potato Snack · Keripik French Fries 2000 · 1 bungkus (18 g) · Nasional/Gorengan · src:Estimate · conf:medium
idn-frisian-flag-kental-manis,Frisian Flag Kental Manis,330.0,7.0,8.0,56.0,54.0,0.0,240,0.2,120,100,Olahan,Makanan Kemasan,,40,SKM Frisian Flag Susu Kental Manis Bendera,Frisian Flag Sweetened Condensed Milk · SKM Frisian Flag Susu Kental Manis Bendera · 1 sachet (40 g) · Nasional/Roti & Pastry · src:FatSecret ID · conf:high
idn-gerry-toya-toya,Gerry Toya-Toya,510.0,5.0,26.0,64.0,30.0,1.5,50,1.4,250,100,Olahan,Makanan Kemasan,,8,Gery Toya Toya Toya-Toya,Gery Toya-Toya Wafer Stick · Gery Toya Toya Toya-Toya · 1 batang (8 g) · Nasional/Kue Kering · src:Estimate · conf:medium
idn-gery-saluut-malkist-abon,Gery Saluut Malkist Abon,520.0,6.0,26.0,63.0,22.0,2.0,30,1.8,550,100,Olahan,Makanan Kemasan,,12,Gery Malkist Abon Saluut Abon,Gery Saluut Malkist Shredded Meat · Gery Malkist Abon Saluut Abon · 1 keping (12 g) · Nasional/Kue Kering · src:NilaiGizi · conf:medium
idn-golden-snack-kerupuk-bawang,Golden Snack Kerupuk Bawang,480.0,5.0,22.0,65.0,3.0,1.5,25,1.0,800,100,Olahan,Makanan Kemasan,,40,Golden Snack Bawang,Golden Snack Garlic Crackers · Golden Snack Bawang · 1 bungkus (40 g) · Nasional/Keripik & Kerupuk · src:Estimate · conf:low
idn-golia-permen-herbal,Golia Permen Herbal,385.0,0.3,0.5,95.0,70.0,0.0,10,0.2,40,100,Olahan,Makanan Kemasan,,3,Permen Golia,Golia Herbal Licorice Candy · Permen Golia · 1 butir (3 g) · Nasional/Snack Kemasan · src:Estimate · conf:medium
idn-good-time-cookies-chocochips,Good Time Cookies Chocochips,500.0,5.5,24.0,65.0,33.0,2.0,40,2.0,300,100,Olahan,Makanan Kemasan,,12,Cookies Good Time Good Time Chocochips,Good Time Chocolate Chip Cookies · Cookies Good Time Good Time Chocochips · 1 keping (12 g) · Nasional/Kue Kering · src:FatSecret ID · conf:high
idn-granola-bar-kemasan,Granola Bar Kemasan,440.0,7.0,16.0,66.0,26.0,5.0,50,2.5,180,100,Olahan,Makanan Kemasan,,25,Granola Bar Snack Bar Granola,Packaged Granola Bar · Granola Bar Snack Bar Granola · 1 batang (25 g) · Nasional/Bubur · src:USDA analog · conf:medium
idn-greek-yogurt-buah,Greek Yogurt Buah,97.0,8.0,2.0,12.0,11.0,0.3,100,0.1,40,100,Olahan,Makanan Kemasan,,150,Greek Yoghurt Rasa Buah Yogurt Yunani Buah,Fruit Greek Yogurt · Greek Yoghurt Rasa Buah Yogurt Yunani Buah · 1 cup (150 g) · Nasional/Susu & Dairy · src:Estimate · conf:medium
idn-greek-yogurt-plain,Greek Yogurt Plain,59.0,10.2,0.4,3.6,3.2,0.0,110,0.1,36,100,Olahan,Makanan Kemasan,,170,Greek Yoghurt Tawar Yogurt Greek Plain Yogurt Yunani,Plain Nonfat Greek Yogurt · Greek Yoghurt Tawar Yogurt Greek Plain Yogurt Yunani · 1 cup (170 g) · Nasional/Susu & Dairy · src:USDA analog · conf:high
idn-hakau-udang-frozen,Hakau Udang Frozen,156.0,8.0,4.0,22.0,0.8,0.7,26,0.6,520,100,Olahan,Makanan Kemasan,,80,Hakau Frozen Hakau Udang Har Gow,Frozen Har Gow Shrimp Dumpling · Hakau Frozen Hakau Udang Har Gow · 4 buah (80 g) · Nasional/Seafood · src:Estimate · conf:medium
idn-ham-sapi-kemasan,Ham Sapi Kemasan,143.0,17.0,7.0,3.0,1.5,0.0,8,1.2,1050,100,Olahan,Makanan Kemasan,,40,Beef Ham Slice Ham Sapi,Packaged Beef Ham · Beef Ham Slice Ham Sapi · 2 lembar (40 g) · Nasional/Daging Sapi · src:Estimate · conf:medium
idn-hash-brown-frozen,Hash Brown Frozen,164.0,2.2,7.5,22.0,0.5,2.0,10,0.6,300,100,Olahan,Makanan Kemasan,,60,Hash Brown Beku Hashbrown Frozen,Frozen Hash Brown Uncooked · Hash Brown Beku Hashbrown Frozen · 1 keping (60 g) · Nasional/Gorengan · src:USDA analog · conf:medium
idn-hash-brown-goreng,Hash Brown Goreng,280.0,3.0,16.0,31.0,0.6,2.5,12,0.8,420,100,Olahan,Makanan Kemasan,,60,Hash Brown Crispy Hashbrown Goreng,Fried Hash Brown · Hash Brown Crispy Hashbrown Goreng · 1 keping (60 g) · Nasional/Gorengan · src:USDA analog · conf:medium
idn-heavy-cream-kental,Heavy Cream Kental,356.0,2.6,38.0,2.7,2.7,0.0,60,0.0,35,100,Olahan,Makanan Kemasan,,30,Double Cream Heavy Cream Krim Kental,Heavy Cream 38% · Double Cream Heavy Cream Krim Kental · 2 sdm (30 g) · Nasional/Roti & Pastry · src:USDA analog · conf:medium
idn-hello-panda-coklat,Hello Panda Coklat,500.0,6.0,24.0,64.0,30.0,1.5,60,1.5,150,100,Olahan,Makanan Kemasan,,25,Hello Panda Cokelat,Hello Panda Chocolate Filled Biscuit · Hello Panda Cokelat · 1 bungkus (25 g) · Nasional/Kue Kering · src:FatSecret ID · conf:medium
idn-hotdog-sosis-roti,Hotdog Sosis Roti,252.0,10.0,13.0,24.0,4.5,1.2,50,1.8,640,100,Olahan,Makanan Kemasan,,110,Hot Dog Hotdog Roti Sosis,Hot Dog in Bun · Hot Dog Hotdog Roti Sosis · 1 buah (110 g) · Nasional/Roti & Pastry · src:Estimate · conf:medium
idn-inaco-jelly-cup,Inaco Jelly Cup,60.0,0.0,0.0,15.0,12.0,0.6,5,0.1,25,100,Olahan,Makanan Kemasan,,15,Inaco Jelly Jelly Inaco,Inaco Konjac Jelly Cup · Inaco Jelly Jelly Inaco · 1 cup (15 g) · Nasional/Snack Kemasan · src:Estimate · conf:medium
idn-indomie-bite-mie,Indomie Bite Mie,495.0,7.0,23.0,65.0,6.0,2.5,30,2.5,950,100,Olahan,Makanan Kemasan,,30,Bite Mie Bitemie,Indomie Bite Mie Noodle Snack · Bite Mie Bitemie · 1 bungkus (30 g) · Nasional/Mie Instan · src:Estimate · conf:medium
idn-indomie-kriuk,Indomie Kriuk,500.0,7.0,24.0,63.0,5.0,2.5,30,2.5,1000,100,Olahan,Makanan Kemasan,,24,Mie Kriuk Indomie,Indomie Kriuk Crunchy Noodle Snack · Mie Kriuk Indomie · 1 bungkus (24 g) · Nasional/Mie Instan · src:Estimate · conf:medium
idn-indomilk-kental-manis,Indomilk Kental Manis,335.0,7.0,9.0,55.0,53.0,0.0,250,0.2,130,100,Olahan,Makanan Kemasan,,40,SKM Indomilk Susu Kental Manis Indomilk,Indomilk Sweetened Condensed Milk · SKM Indomilk Susu Kental Manis Indomilk · 1 sachet (40 g) · Nasional/Roti & Pastry · src:Estimate · conf:medium
idn-jagung-turbo,Jagung Turbo,500.0,6.0,26.0,61.0,5.0,2.0,20,1.0,750,100,Olahan,Makanan Kemasan,,15,Snack Jagung Turbo Turbo Jagung Bakar,Corn Puff Snack · Snack Jagung Turbo Turbo Jagung Bakar · 1 bungkus (15 g) · Nasional/Serealia & Umbi · src:Estimate · conf:medium
idn-japota-rumput-laut,Japota Rumput Laut,500.0,6.0,26.0,60.0,5.0,3.0,25,1.1,620,100,Olahan,Makanan Kemasan,,68,Japota Nori,Japota Seaweed Potato Chips · Japota Nori · 1 bungkus (68 g) · Nasional/Snack Kemasan · src:Estimate · conf:medium
idn-jelly-okky-cup-anggur,Jelly Okky Cup Anggur,65.0,0.0,0.0,16.0,14.0,0.5,5,0.1,30,100,Olahan,Makanan Kemasan,,25,Jelly Okky Okky Jelly,Okky Jelly Cup Grape · Jelly Okky Okky Jelly · 1 cup (25 g) · Nasional/Buah · src:Estimate · conf:medium
idn-jetz-stick-coklat,Jetz Stick Coklat,470.0,7.0,18.0,68.0,18.0,2.0,50,1.5,550,100,Olahan,Makanan Kemasan,,22,Jetz Cokelat,Jetz Chocolate Stick Snack · Jetz Cokelat · 1 bungkus (22 g) · Nasional/Snack Kemasan · src:Estimate · conf:medium
idn-kacang-almond-panggang-kemasan,Kacang Almond Panggang Kemasan,600.0,20.0,49.0,21.0,4.4,10.9,265,3.7,200,100,Olahan,Makanan Kemasan,,35,Almond Kemasan Almond Panggang,Packaged Roasted Almonds · Almond Kemasan Almond Panggang · 1 bungkus (35 g) · Nasional/Kacang & Biji · src:USDA analog · conf:high
idn-kacang-atom-garuda,Kacang Atom Garuda,500.0,18.0,25.0,52.0,6.0,4.0,50,2.5,500,100,Olahan,Makanan Kemasan,,40,Kacang Atom Kemasan,Garuda Coated Peanut Balls · Kacang Atom Kemasan · 1 bungkus (40 g) · Nasional/Kacang & Biji · src:FatSecret ID · conf:medium
idn-kacang-dua-kelinci-garing,Kacang Dua Kelinci Garing,565.0,26.0,41.0,22.0,4.0,8.0,60,2.5,380,100,Olahan,Makanan Kemasan,,40,Dua Kelinci Kacang Garing,Dua Kelinci Roasted Peanuts · Dua Kelinci Kacang Garing · 1 bungkus (40 g) · Nasional/Kacang & Biji · src:NilaiGizi · conf:high
idn-kacang-garuda-kacang-kulit,Kacang Garuda Kacang Kulit,570.0,26.0,42.0,21.0,4.0,8.0,60,2.5,400,100,Olahan,Makanan Kemasan,,40,Kacang Garuda Kacang Kulit Garuda,Garuda Roasted Peanuts In Shell · Kacang Garuda Kacang Kulit Garuda · 1 bungkus (40 g) · Nasional/Kacang & Biji · src:FatSecret ID · conf:high
idn-kacang-garuda-rosta-panggang,Kacang Garuda Rosta Panggang,560.0,27.0,40.0,22.0,4.0,8.0,60,2.5,450,100,Olahan,Makanan Kemasan,,35,Garuda Rosta Kacang Rosta,Garuda Rosta Roasted Peanuts · Garuda Rosta Kacang Rosta · 1 bungkus (35 g) · Nasional/Kacang & Biji · src:NilaiGizi · conf:medium
idn-kacang-mede-panggang-kemasan,Kacang Mede Panggang Kemasan,590.0,15.3,46.4,32.7,5.5,3.3,45,6.0,320,100,Olahan,Makanan Kemasan,,50,Cashew Panggang Kacang Mete Kemasan,Packaged Roasted Cashew Nuts · Cashew Panggang Kacang Mete Kemasan · 1 bungkus (50 g) · Nasional/Kacang & Biji · src:USDA analog · conf:high
idn-kacang-polong-dua-kelinci,Kacang Polong Dua Kelinci,490.0,15.0,22.0,57.0,3.0,6.0,60,2.8,500,100,Olahan,Makanan Kemasan,,35,Kacang Polong Kemasan,Dua Kelinci Fried Green Peas · Kacang Polong Kemasan · 1 bungkus (35 g) · Nasional/Kacang & Biji · src:NilaiGizi · conf:medium
idn-kacang-sukro-original,Kacang Sukro Original,505.0,17.0,26.0,51.0,5.0,4.0,50,2.4,480,100,Olahan,Makanan Kemasan,,35,Kacang Sukro Kemasan Sukro Dua Kelinci,Sukro Coated Peanuts · Kacang Sukro Kemasan Sukro Dua Kelinci · 1 bungkus (35 g) · Nasional/Kacang & Biji · src:NilaiGizi · conf:medium
idn-katsu-ayam-frozen-goreng,Katsu Ayam Frozen Goreng,289.0,15.0,16.0,21.0,1.4,1.0,24,1.2,620,100,Olahan,Makanan Kemasan,,90,Chicken Katsu Goreng Frozen Katsu Crispy,Fried Frozen Chicken Katsu · Chicken Katsu Goreng Frozen Katsu Crispy · 1 potong (90 g) · Nasional/Ayam · src:Estimate · conf:medium
idn-katsu-ayam-frozen-mentah,Katsu Ayam Frozen Mentah,218.0,13.0,10.0,19.0,1.2,0.9,20,1.0,540,100,Olahan,Makanan Kemasan,,90,Chicken Katsu Frozen Katsu Beku,Frozen Uncooked Chicken Katsu · Chicken Katsu Frozen Katsu Beku · 1 potong (90 g) · Nasional/Ayam · src:Estimate · conf:medium
idn-kebab-frozen-daging-sapi,Kebab Frozen Daging Sapi,246.0,12.0,11.0,25.0,3.0,1.5,50,1.8,560,100,Olahan,Makanan Kemasan,,140,Kebab Beku Kebab Frozen,Frozen Beef Kebab Wrap · Kebab Beku Kebab Frozen · 1 buah (140 g) · Nasional/Daging Sapi · src:Estimate · conf:medium
idn-kecap-asin-shoyu-jepang,Kecap Asin Shoyu Jepang,60.0,8.1,0.1,5.6,1.7,0.8,20,1.5,5490,100,Olahan,Makanan Kemasan,,15,Kikkoman Shoyu Soy Sauce Jepang,Japanese Shoyu Soy Sauce · Kikkoman Shoyu Soy Sauce Jepang · 1 sdm (15 g) · Nasional/Bumbu & Saus · src:USDA analog · conf:high
idn-kecap-inggris-abc,Kecap Inggris ABC,80.0,0.5,0.0,19.0,15.0,0.0,25,0.8,1000,100,Olahan,Makanan Kemasan,,15,Kecap Inggris Worcestershire Sauce,ABC Worcestershire Sauce · Kecap Inggris Worcestershire Sauce · 1 sdm (15 g) · Nasional/Bumbu & Saus · src:FatSecret ID · conf:high
idn-kecap-manis-bango,Kecap Manis Bango,250.0,3.0,0.3,58.0,55.0,0.4,40,1.5,2000,100,Olahan,Makanan Kemasan,,15,Bango Manis Kecap Bango,Bango Sweet Soy Sauce · Bango Manis Kecap Bango · 1 sdm (15 g) · Nasional/Bumbu & Saus · src:Estimate · conf:high
idn-keju-cheddar-blok,Keju Cheddar Blok,403.0,24.9,33.1,1.3,0.5,0.0,721,0.2,621,100,Olahan,Makanan Kemasan,,30,Cheddar Asli Cheddar Block Keju Cheddar Impor,Aged Block Cheddar Cheese · Cheddar Asli Cheddar Block Keju Cheddar Impor · 1 potong (30 g) · Nasional/Susu & Dairy · src:USDA analog · conf:high
idn-keju-cheddar-olahan,Keju Cheddar Olahan,330.0,20.0,26.0,4.0,2.0,0.0,600,0.5,900,100,Olahan,Makanan Kemasan,,25,Cheddar Olahan Kraft Keju Cheddar,Processed Cheddar Cheese · Cheddar Olahan Kraft Keju Cheddar · 1 porsi (25 g) · Nasional/Susu & Dairy · src:USDA analog · conf:high
idn-keju-cheddar-parut,Keju Cheddar Parut,400.0,25.0,33.0,1.3,0.5,0.0,720,0.7,620,100,Olahan,Makanan Kemasan,,20,Cheddar Parut Keju Parut,Grated Cheddar Cheese · Cheddar Parut Keju Parut · 2 sdm (20 g) · Nasional/Susu & Dairy · src:USDA analog · conf:high
idn-keju-mozzarella,Keju Mozzarella,297.0,22.0,22.0,2.2,1.0,0.0,505,0.4,620,100,Olahan,Makanan Kemasan,,30,Keju Mozarella Parut Mozarella,Mozzarella Cheese · Keju Mozarella Parut Mozarella · 1 porsi parut (30 g) · Nasional/Susu & Dairy · src:USDA analog · conf:high
idn-keju-parmesan-parut,Keju Parmesan Parut,392.0,35.8,25.8,3.2,0.8,0.0,1184,0.8,1602,100,Olahan,Makanan Kemasan,,10,Keju Parmesan Parmesan Parmigiano,Grated Parmesan Cheese · Keju Parmesan Parmesan Parmigiano · 2 sdm (10 g) · Nasional/Susu & Dairy · src:USDA analog · conf:high
idn-keju-slice-kemasan,Keju Slice Kemasan,285.0,16.0,21.0,8.0,5.0,0.0,550,0.4,1200,100,Olahan,Makanan Kemasan,,17,Cheese Slice Keju Lembaran Keju Singles,Packaged Cheese Slice · Cheese Slice Keju Lembaran Keju Singles · 1 lembar (17 g) · Nasional/Susu & Dairy · src:USDA analog · conf:high
idn-keju-spread,Keju Spread,290.0,16.4,21.2,8.7,6.0,0.0,562,0.6,1242,100,Olahan,Makanan Kemasan,,15,Cheese Spread Kaleng Keju Oles,Cheese Spread · Cheese Spread Kaleng Keju Oles · 1 sdm (15 g) · Nasional/Susu & Dairy · src:USDA analog · conf:medium
idn-kentang-goreng-frozen-shoestring,Kentang Goreng Frozen Shoestring,150.0,2.3,5.0,24.0,0.4,2.2,10,0.7,30,100,Olahan,Makanan Kemasan,,100,French Fries Frozen Kentang Beku Shoestring,Frozen Shoestring French Fries Uncooked · French Fries Frozen Kentang Beku Shoestring · 1 porsi (100 g) · Nasional/Gorengan · src:USDA analog · conf:high
idn-kentang-goreng-shoestring-deep-fried,Kentang Goreng Shoestring Deep Fried,309.0,3.5,15.0,40.0,0.5,3.5,14,0.9,250,100,Olahan,Makanan Kemasan,,100,French Fries Goreng Kentang Goreng Crispy Frozen,Deep-Fried Shoestring French Fries · French Fries Goreng Kentang Goreng Crispy Frozen · 1 porsi (100 g) · Nasional/Gorengan · src:USDA analog · conf:high
idn-kentang-wedges-frozen,Kentang Wedges Frozen,146.0,2.5,4.5,24.0,0.5,2.5,10,0.7,180,100,Olahan,Makanan Kemasan,,100,Kentang Wedges Beku Potato Wedges Frozen,Frozen Potato Wedges Uncooked · Kentang Wedges Beku Potato Wedges Frozen · 1 porsi (100 g) · Nasional/Serealia & Umbi · src:USDA analog · conf:medium
idn-kentang-wedges-goreng,Kentang Wedges Goreng,265.0,3.5,12.0,36.0,0.6,3.5,14,0.9,320,100,Olahan,Makanan Kemasan,,100,Potato Wedges Goreng Wedges Crispy,Fried Potato Wedges · Potato Wedges Goreng Wedges Crispy · 1 porsi (100 g) · Nasional/Gorengan · src:USDA analog · conf:medium
idn-keripik-buah-apel,Keripik Buah Apel,470.0,2.0,21.0,68.0,35.0,7.0,25,0.8,40,100,Olahan,Makanan Kemasan,,50,Keripik Apel Kemasan,Vacuum Fried Apple Chips · Keripik Apel Kemasan · 1 bungkus (50 g) · Nasional/Buah · src:Estimate · conf:medium
idn-keripik-buah-nangka,Keripik Buah Nangka,480.0,3.0,22.0,66.0,30.0,6.0,30,1.2,60,100,Olahan,Makanan Kemasan,,50,Keripik Nangka Kemasan,Vacuum Fried Jackfruit Chips · Keripik Nangka Kemasan · 1 bungkus (50 g) · Nasional/Buah · src:Estimate · conf:medium
idn-kerupuk-udang-kemasan-siap-makan,Kerupuk Udang Kemasan Siap Makan,520.0,5.0,28.0,62.0,1.0,1.0,40,1.0,900,100,Olahan,Makanan Kemasan,,60,Kerupuk Udang Matang Kemasan,Ready To Eat Packaged Prawn Crackers · Kerupuk Udang Matang Kemasan · 1 bungkus (60 g) · Nasional/Seafood · src:Estimate · conf:medium
idn-khong-guan-biskuit-kaleng-assorted,Khong Guan Biskuit Kaleng Assorted,470.0,7.0,18.0,70.0,25.0,2.0,45,2.0,320,100,Olahan,Makanan Kemasan,,10,Biskuit Khong Guan Khong Guan Kaleng,Khong Guan Assorted Biscuit Tin · Biskuit Khong Guan Khong Guan Kaleng · 1 keping (10 g) · Nasional/Kue Kering · src:Estimate · conf:medium
idn-khong-guan-malkist-abon,Khong Guan Malkist Abon,505.0,7.0,24.0,63.0,18.0,2.0,30,1.8,600,100,Olahan,Makanan Kemasan,,14,Malkist Abon Khong Guan,Khong Guan Malkist Shredded Meat · Malkist Abon Khong Guan · 1 keping (14 g) · Nasional/Kue Kering · src:NilaiGizi · conf:medium
idn-kitkat-4-finger,KitKat 4 Finger,518.0,6.0,27.0,62.0,48.0,1.5,150,1.5,40,100,Olahan,Makanan Kemasan,,35,Kit Kat Kitkat Coklat,KitKat 4 Finger Chocolate Wafer · Kit Kat Kitkat Coklat · 1 batang (35 g) · Nasional/Snack Kemasan · src:FatSecret ID · conf:high
idn-koko-krunch,Koko Krunch,390.0,7.0,4.0,81.0,25.0,5.0,330,8.0,280,100,Olahan,Makanan Kemasan,,30,Koko Crunch Sereal Koko Krunch,Nestle Koko Krunch Chocolate Cereal · Koko Crunch Sereal Koko Krunch · 1 mangkok (30 g) · Nasional/Bubur · src:Estimate · conf:medium
idn-kopiko-permen-kopi,Kopiko Permen Kopi,390.0,0.5,3.0,92.0,70.0,0.0,10,0.1,60,100,Olahan,Makanan Kemasan,,3,Kopiko Candy Permen Kopiko,Kopiko Coffee Candy · Kopiko Candy Permen Kopiko · 1 butir (3 g) · Nasional/Snack Kemasan · src:NilaiGizi · conf:high
idn-kornet-ayam-kaleng,Kornet Ayam Kaleng,165.0,12.0,8.0,11.0,1.0,0.4,12,1.0,800,100,Olahan,Makanan Kemasan,,50,Corned Chicken Kornet Ayam Pronas,Canned Corned Chicken · Corned Chicken Kornet Ayam Pronas · 2 sdm (50 g) · Nasional/Ayam · src:NilaiGizi · conf:medium
idn-kornet-sapi-kaleng-premium,Kornet Sapi Kaleng Premium,247.0,23.0,16.5,1.0,0.5,0.0,12,2.0,1100,100,Olahan,Makanan Kemasan,,50,Corned Beef Kaleng Kornet Premium,Premium Canned Corned Beef · Corned Beef Kaleng Kornet Premium · 2 sdm (50 g) · Nasional/Daging Sapi · src:USDA analog · conf:high
idn-kornet-sapi-pronas,Kornet Sapi Pronas,173.0,12.0,8.0,13.0,1.0,0.5,14,1.6,850,100,Olahan,Makanan Kemasan,,50,Kornet Pronas Kaleng Pronas Kornet,Pronas Canned Corned Beef · Kornet Pronas Kaleng Pronas Kornet · 2 sdm (50 g) · Nasional/Daging Sapi · src:NilaiGizi · conf:medium
idn-kuaci-biji-bunga-matahari,Kuaci Biji Bunga Matahari,584.0,20.0,50.0,20.0,2.6,8.6,78,5.2,300,100,Olahan,Makanan Kemasan,,40,Kuaci Kemasan Kuaci Rebo,Roasted Sunflower Seeds · Kuaci Kemasan Kuaci Rebo · 1 bungkus (40 g) · Nasional/Roti & Pastry · src:USDA analog · conf:medium
idn-kue-kering-kaleng-assorted,Kue Kering Kaleng Assorted,500.0,6.0,26.0,62.0,25.0,1.5,35,1.5,250,100,Olahan,Makanan Kemasan,,10,Cookies Kaleng Kue Kering Kaleng,Assorted Tinned Butter Cookies · Cookies Kaleng Kue Kering Kaleng · 1 keping (10 g) · Nasional/Kue Kering · src:Estimate · conf:medium
idn-kulit-lumpia-mentah,Kulit Lumpia Mentah,272.0,8.5,1.2,56.0,0.8,1.8,20,3.2,400,100,Olahan,Makanan Kemasan,,50,Kulit Lumpia Spring Roll Pastry,Raw Spring Roll Wrapper · Kulit Lumpia Spring Roll Pastry · 5 lembar (50 g) · Nasional/Roti & Pastry · src:USDA analog · conf:medium
idn-kulit-pangsit-mentah,Kulit Pangsit Mentah,285.0,9.5,1.5,58.0,0.8,2.0,20,3.5,420,100,Olahan,Makanan Kemasan,,40,Kulit Pangsit Wonton Skin,Raw Wonton Wrapper · Kulit Pangsit Wonton Skin · 10 lembar (40 g) · Nasional/Roti & Pastry · src:USDA analog · conf:medium
idn-kusuka-keripik-singkong,Kusuka Keripik Singkong,490.0,2.0,24.0,66.0,6.0,4.0,30,0.9,450,100,Olahan,Makanan Kemasan,,60,Kusuka Singkong,Kusuka Cassava Chips · Kusuka Singkong · 1 bungkus (60 g) · Nasional/Snack Kemasan · src:Estimate · conf:medium
idn-lays-classic-asin,Lays Classic Asin,540.0,6.0,32.0,55.0,1.5,3.5,20,1.3,550,100,Olahan,Makanan Kemasan,,35,Lays Asin Lays Original,Lay's Classic Salted Potato Chips · Lays Asin Lays Original · 1 bungkus (35 g) · Nasional/Snack Kemasan · src:FatSecret ID · conf:high
idn-lays-rumput-laut,Lays Rumput Laut,530.0,6.0,30.0,59.0,3.0,3.0,20,1.2,620,100,Olahan,Makanan Kemasan,,35,Lay's Rumput Laut Lays Nori Seaweed,Lay's Seaweed Potato Chips · Lay's Rumput Laut Lays Nori Seaweed · 1 bungkus (35 g) · Nasional/Snack Kemasan · src:FatSecret ID · conf:high
idn-lays-sapi-panggang,Lays Sapi Panggang,532.0,6.0,30.0,59.0,4.0,3.0,20,1.2,660,100,Olahan,Makanan Kemasan,,35,Lays Beef BBQ,Lay's Grilled Beef Potato Chips · Lays Beef BBQ · 1 bungkus (35 g) · Nasional/Snack Kemasan · src:Estimate · conf:medium
idn-lumpia-udang-frozen,Lumpia Udang Frozen,231.0,10.0,11.0,23.0,1.5,1.2,26,1.0,600,100,Olahan,Makanan Kemasan,,75,Lumpia Udang Kembang Tahu Shrimp Roll Frozen,Frozen Shrimp Spring Roll Dimsum · Lumpia Udang Kembang Tahu Shrimp Roll Frozen · 3 buah (75 g) · Nasional/Roti & Pastry · src:Estimate · conf:medium
idn-madu-murni,Madu Murni,320.0,0.3,0.0,82.0,81.0,0.2,6,0.4,4,100,Olahan,Makanan Kemasan,,21,Honey Madu Madu Asli,Pure Honey · Honey Madu Madu Asli · 1 sdm (21 g) · Nasional/Bumbu & Saus · src:USDA analog · conf:high
idn-maicih-keripik-singkong-pedas,Maicih Keripik Singkong Pedas,505.0,2.5,26.0,65.0,4.0,4.0,30,1.0,550,100,Olahan,Makanan Kemasan,,65,Keripik Maicih Maicih Level 10,Maicih Spicy Cassava Chips · Keripik Maicih Maicih Level 10 · 1 bungkus (65 g) · Nasional/Snack Kemasan · src:Estimate · conf:medium
idn-makarel-kaleng-saus-tomat,Makarel Kaleng Saus Tomat,141.0,14.0,6.5,6.5,3.0,0.5,200,1.8,450,100,Olahan,Makanan Kemasan,,70,Ikan Makarel Kaleng Tomat Makerel Kaleng,Canned Mackerel in Tomato Sauce · Ikan Makarel Kaleng Tomat Makerel Kaleng · 1 potong (70 g) · Nasional/Ikan · src:Estimate · conf:medium
idn-makaroni-kemasan-pedas,Makaroni Kemasan Pedas,490.0,7.0,24.0,62.0,3.0,2.0,20,1.2,800,100,Olahan,Makanan Kemasan,,60,Makaroni Ngehe Kemasan Makaroni Snack,Packaged Spicy Macaroni Snack · Makaroni Ngehe Kemasan Makaroni Snack · 1 bungkus (60 g) · Nasional/Mie & Bihun · src:Estimate · conf:medium
idn-manisan-mangga-kering,Manisan Mangga Kering,320.0,1.0,0.5,79.0,62.0,3.0,25,0.6,250,100,Olahan,Makanan Kemasan,,40,Manisan Mangga Kemasan,Dried Sweetened Mango · Manisan Mangga Kemasan · 1 bungkus (40 g) · Nasional/Buah · src:FatSecret ID · conf:medium
idn-mantau-goreng-frozen,Mantau Goreng Frozen,355.0,7.0,15.0,47.0,8.0,1.5,20,1.4,230,100,Olahan,Makanan Kemasan,,60,Mantau Goreng Mantou Goreng,Fried Frozen Mantou Bun · Mantau Goreng Mantou Goreng · 2 buah (60 g) · Nasional/Roti & Pastry · src:Recipe calc · conf:medium
idn-mantau-kukus-frozen,Mantau Kukus Frozen,239.0,7.0,2.0,48.0,8.0,1.5,20,1.4,220,100,Olahan,Makanan Kemasan,,60,Mantau Frozen Mantou Kukus,Steamed Frozen Mantou Bun · Mantau Frozen Mantou Kukus · 2 buah (60 g) · Nasional/Roti & Pastry · src:Estimate · conf:medium
idn-maple-syrup,Maple Syrup,260.0,0.0,0.1,67.0,60.4,0.0,102,0.1,12,100,Olahan,Makanan Kemasan,,20,Maple Sirup Sirup Maple,Maple Syrup · Maple Sirup Sirup Maple · 1 sdm (20 g) · Nasional/Snack Kemasan · src:USDA analog · conf:high
idn-margarin-kemasan-sachet,Margarin Kemasan Sachet,618.0,0.5,68.0,1.0,1.0,0.0,5,0.0,700,100,Olahan,Makanan Kemasan,,14,Blue Band Sachet Margarin Sachet Mentega Margarin,Packaged Margarine Sachet · Blue Band Sachet Margarin Sachet Mentega Margarin · 1 sdm (14 g) · Nasional/Bumbu & Saus · src:Estimate · conf:high
idn-marie-regal,Marie Regal,440.0,7.0,12.0,76.0,22.0,2.0,60,2.0,300,100,Olahan,Makanan Kemasan,,7,Biskuit Marie Regal Marie Susu,Regal Marie Biscuit · Biskuit Marie Regal Marie Susu · 1 keping (7 g) · Nasional/Kue Kering · src:FatSecret ID · conf:high
idn-marshmallow,Marshmallow,318.0,1.8,0.2,81.0,58.0,0.0,3,0.2,80,100,Olahan,Makanan Kemasan,,7,Marshmellow Permen Marshmallow,Marshmallow · Marshmellow Permen Marshmallow · 1 buah (7 g) · Nasional/Snack Kemasan · src:USDA analog · conf:high
idn-martabak-telur-frozen,Martabak Telur Frozen,286.0,11.0,18.0,20.0,1.5,1.3,36,1.8,540,100,Olahan,Makanan Kemasan,,90,Martabak Frozen Martabak Telur Beku,Frozen Savoury Martabak · Martabak Frozen Martabak Telur Beku · 1 potong (90 g) · Nasional/Telur · src:Estimate · conf:medium
idn-mass-gainer-bubuk,Mass Gainer Bubuk,380.0,17.0,4.0,68.0,12.0,2.0,300,4.0,300,100,Olahan,Makanan Kemasan,,100,Mass Gainer Susu Gainer Weight Gainer,Mass Gainer Powder · Mass Gainer Susu Gainer Weight Gainer · 1 scoop (100 g) · Nasional/Soto & Sup · src:Estimate · conf:medium
idn-mayones-jepang-kewpie,Mayones Jepang Kewpie,630.0,1.5,68.0,2.0,1.0,0.0,8,0.3,700,100,Olahan,Makanan Kemasan,,15,Kewpie Mayo Mayones Kewpie,Kewpie Japanese Mayonnaise · Kewpie Mayo Mayones Kewpie · 1 sdm (15 g) · Nasional/Bumbu & Saus · src:Estimate · conf:medium
idn-mayones-pedas,Mayones Pedas,600.0,1.0,64.0,5.0,3.5,0.2,10,0.2,750,100,Olahan,Makanan Kemasan,,15,Mayo Pedas Spicy Mayo,Spicy Mayonnaise · Mayo Pedas Spicy Mayo · 1 sdm (15 g) · Nasional/Bumbu & Saus · src:Estimate · conf:medium
idn-mentos-permen-rasa-buah,Mentos Permen Rasa Buah,395.0,0.0,2.5,92.0,85.0,0.0,5,0.1,20,100,Olahan,Makanan Kemasan,,3,Permen Mentos,Mentos Fruit Chewy Candy · Permen Mentos · 1 butir (3 g) · Nasional/Snack Kemasan · src:FatSecret ID · conf:high
idn-meses-warna-warni,Meses Warna Warni,400.0,0.5,4.0,90.0,80.0,0.2,20,0.5,30,100,Olahan,Makanan Kemasan,,12,Meses Warna Muisjes Sprinkles,Rainbow Sugar Sprinkles · Meses Warna Muisjes Sprinkles · 1 sdm (12 g) · Nasional/Bumbu & Saus · src:Estimate · conf:medium
idn-mie-gemez-enaak,Mie Gemez Enaak,490.0,7.5,24.0,60.0,3.0,1.8,20,1.5,880,100,Olahan,Makanan Kemasan,,14,Mie Gemez Snack Mie Enaak,Seasoned Crunchy Noodle Snack · Mie Gemez Snack Mie Enaak · 1 bungkus (14 g) · Nasional/Mie & Bihun · src:Estimate · conf:medium
idn-mie-remes,Mie Remes,470.0,8.0,20.0,64.0,4.0,2.0,25,1.8,950,100,Olahan,Makanan Kemasan,,20,Mie Kremes Jadul Snack Mie Remes,Crushed Seasoned Noodle Snack · Mie Kremes Jadul Snack Mie Remes · 1 bungkus (20 g) · Nasional/Mie & Bihun · src:Estimate · conf:medium
idn-milkita-permen-susu,Milkita Permen Susu,430.0,3.0,8.0,85.0,60.0,0.0,150,0.2,120,100,Olahan,Makanan Kemasan,,4,Permen Milkita,Milkita Milk Candy · Permen Milkita · 1 butir (4 g) · Nasional/Roti & Pastry · src:FatSecret ID · conf:medium
idn-milo-sereal,Milo Sereal,400.0,7.0,5.0,80.0,28.0,4.0,350,9.0,300,100,Olahan,Makanan Kemasan,,30,Milo Cereal Balls Sereal Milo,Milo Breakfast Cereal Balls · Milo Cereal Balls Sereal Milo · 1 mangkok (30 g) · Nasional/Bubur · src:Estimate · conf:medium
idn-mister-potato-crisps-original,Mister Potato Crisps Original,545.0,5.0,33.0,57.0,2.0,3.0,20,1.0,600,100,Olahan,Makanan Kemasan,,45,Mister Potato Asin,Mister Potato Original Crisps · Mister Potato Asin · 1 bungkus (45 g) · Nasional/Keripik & Kerupuk · src:FatSecret ID · conf:medium
idn-momogi-stick-keju,Momogi Stick Keju,490.0,5.0,25.0,62.0,12.0,1.0,60,1.0,500,100,Olahan,Makanan Kemasan,,7,Momogi Keju,Momogi Cheese Corn Stick · Momogi Keju · 1 batang (7 g) · Nasional/Snack Kemasan · src:Estimate · conf:medium
idn-monde-butter-cookies,Monde Butter Cookies,505.0,6.0,25.0,65.0,24.0,1.5,30,1.5,350,100,Olahan,Makanan Kemasan,,8,Butter Cookies Monde Monde Kaleng,Monde Butter Cookies · Butter Cookies Monde Monde Kaleng · 1 keping (8 g) · Nasional/Kue Kering · src:FatSecret ID · conf:medium
idn-mr-p-kacang-telur,Mr. P Kacang Telur,495.0,15.0,24.0,55.0,8.0,3.0,45,2.2,450,100,Olahan,Makanan Kemasan,,40,Kacang Telur Mr. P Mr P Kacang,Mr. P Egg Coated Peanuts · Kacang Telur Mr. P Mr P Kacang · 1 bungkus (40 g) · Nasional/Telur · src:Estimate · conf:medium
idn-nabati-richeese-wafer-keju,Nabati Richeese Wafer Keju,520.0,5.0,25.0,66.0,30.0,1.0,90,1.2,375,100,Olahan,Makanan Kemasan,,8,Richeese Nabati Wafer Richeese,Nabati Richeese Cheese Wafer · Richeese Nabati Wafer Richeese · 1 keping (8 g) · Nasional/Kue Kering · src:NilaiGizi · conf:high
idn-nabati-richoco-wafer-coklat,Nabati Richoco Wafer Coklat,515.0,5.0,25.0,66.0,32.0,1.0,60,1.5,300,100,Olahan,Makanan Kemasan,,8,Richoco Nabati Wafer Richoco,Nabati Richoco Chocolate Wafer · Richoco Nabati Wafer Richoco · 1 keping (8 g) · Nasional/Kue Kering · src:NilaiGizi · conf:medium
idn-nano-nano-permen,Nano Nano Permen,380.0,0.0,0.5,95.0,70.0,0.0,10,0.1,250,100,Olahan,Makanan Kemasan,,3,Permen Nano Nano,Nano Nano Sweet Sour Salty Candy · Permen Nano Nano · 1 butir (3 g) · Nasional/Snack Kemasan · src:Estimate · conf:medium
idn-nata-de-coco-kemasan,Nata De Coco Kemasan,80.0,0.2,0.1,20.0,18.0,1.5,8,0.1,15,100,Olahan,Makanan Kemasan,,100,Nata De Coco Cup Nata Decoco,Packaged Nata De Coco In Syrup · Nata De Coco Cup Nata Decoco · 1 cup (100 g) · Nasional/Snack Kemasan · src:FatSecret ID · conf:medium
idn-nature-valley-oats-n-honey,Nature Valley Oats N Honey,452.0,7.1,16.7,67.0,26.0,5.9,50,2.4,380,100,Olahan,Makanan Kemasan,,21,Nature Valley Granola Bar,Nature Valley Oats And Honey Granola Bar · Nature Valley Granola Bar · 1 batang (21 g) · Nasional/Snack Kemasan · src:FatSecret ID · conf:high
idn-nextar-nastar-biskuit,Nextar Nastar Biskuit,460.0,4.5,19.0,68.0,30.0,1.5,25,1.5,300,100,Olahan,Makanan Kemasan,,21,Biskuit Nextar Nextar Nanas,Nextar Pineapple Jam Soft Cookie · Biskuit Nextar Nextar Nanas · 1 keping (21 g) · Nasional/Kue Kering · src:NilaiGizi · conf:medium
idn-nissin-wafers-coklat,Nissin Wafers Coklat,510.0,5.0,26.0,65.0,32.0,1.5,45,1.5,200,100,Olahan,Makanan Kemasan,,12,Wafer Nissin Cokelat,Nissin Chocolate Wafers · Wafer Nissin Cokelat · 1 keping (12 g) · Nasional/Mie Instan · src:Estimate · conf:medium
idn-nori-lembaran,Nori Lembaran,280.0,41.0,3.5,44.5,0.5,30.0,280,18.0,550,100,Olahan,Makanan Kemasan,,3,Nori Rumput Laut Kering Seaweed Sheet,Dried Nori Seaweed Sheet · Nori Rumput Laut Kering Seaweed Sheet · 1 lembar (3 g) · Nasional/Snack Kemasan · src:USDA analog · conf:medium
idn-nugget-ayam-belfoods-royal,Nugget Ayam Belfoods Royal,229.0,14.0,13.0,14.0,1.0,0.8,20,1.0,580,100,Olahan,Makanan Kemasan,,85,Belfoods Nugget Naget Belfoods,Belfoods Royal Chicken Nugget · Belfoods Nugget Naget Belfoods · 5 potong (85 g) · Nasional/Ayam · src:Estimate · conf:medium
idn-nugget-ayam-cedea,Nugget Ayam Cedea,220.0,12.0,12.0,16.0,1.2,0.8,22,1.0,610,100,Olahan,Makanan Kemasan,,85,Cedea Nugget Naget Cedea,Cedea Chicken Nugget · Cedea Nugget Naget Cedea · 5 potong (85 g) · Nasional/Ayam · src:Estimate · conf:medium
idn-nugget-ayam-champ,Nugget Ayam Champ,253.0,13.0,17.0,12.0,0.8,0.7,20,1.0,720,100,Olahan,Makanan Kemasan,,85,Champ Nugget Naget Champ,Champ Chicken Nugget · Champ Nugget Naget Champ · 5 potong (85 g) · Nasional/Ayam · src:NilaiGizi · conf:medium
idn-nugget-ayam-fiesta,Nugget Ayam Fiesta,250.0,12.5,15.0,11.0,1.0,0.7,22,1.1,650,100,Olahan,Makanan Kemasan,,85,Fiesta Chicken Nugget Naget Fiesta,Fiesta Chicken Nugget · Fiesta Chicken Nugget Naget Fiesta · 5 potong (85 g) · Nasional/Ayam · src:FatSecret ID · conf:high
idn-nugget-ayam-frozen-mentah,Nugget Ayam Frozen Mentah,215.0,13.0,12.0,14.0,1.0,0.8,20,1.0,620,100,Olahan,Makanan Kemasan,,85,Chicken Nugget Beku Naget Ayam Frozen,Frozen Chicken Nugget Uncooked · Chicken Nugget Beku Naget Ayam Frozen · 5 potong (85 g) · Nasional/Ayam · src:FatSecret ID · conf:high
idn-nugget-ayam-goreng-crispy,Nugget Ayam Goreng Crispy,292.0,15.0,18.0,17.0,1.2,0.9,24,1.2,700,100,Olahan,Makanan Kemasan,,85,Chicken Nugget Goreng Naget Ayam Goreng,Deep-Fried Chicken Nugget · Chicken Nugget Goreng Naget Ayam Goreng · 5 potong (85 g) · Nasional/Ayam · src:FatSecret ID · conf:high
idn-nugget-ayam-hot-spicy-goreng,Nugget Ayam Hot Spicy Goreng,313.0,17.0,20.0,16.0,1.4,1.0,24,1.3,790,100,Olahan,Makanan Kemasan,,85,Nugget Hot Spicy Nugget Pedas Goreng,Fried Hot and Spicy Chicken Nugget · Nugget Hot Spicy Nugget Pedas Goreng · 5 potong (85 g) · Nasional/Ayam · src:Estimate · conf:medium
idn-nugget-ayam-kanzler-crispy,Nugget Ayam Kanzler Crispy,245.0,14.5,15.0,13.0,1.2,0.9,22,1.1,640,100,Olahan,Makanan Kemasan,,85,Kanzler Nugget Naget Kanzler,Kanzler Crispy Chicken Nugget · Kanzler Nugget Naget Kanzler · 5 potong (85 g) · Nasional/Ayam · src:Estimate · conf:medium
idn-nugget-ayam-karakter-bintang,Nugget Ayam Karakter Bintang,255.0,13.0,15.0,17.0,1.4,0.9,22,1.1,620,100,Olahan,Makanan Kemasan,,85,Nugget Bintang Nugget Happy Star Nugget Karakter,Star-Shaped Chicken Nugget · Nugget Bintang Nugget Happy Star Nugget Karakter · 5 potong (85 g) · Nasional/Ayam · src:FatSecret ID · conf:medium
idn-nugget-ayam-keju-frozen,Nugget Ayam Keju Frozen,240.0,13.5,14.5,14.0,1.3,0.8,60,1.0,650,100,Olahan,Makanan Kemasan,,85,Cheese Nugget Frozen Nugget Keju,Frozen Cheese Chicken Nugget · Cheese Nugget Frozen Nugget Keju · 5 potong (85 g) · Nasional/Ayam · src:Estimate · conf:medium
idn-nugget-ayam-keju-goreng,Nugget Ayam Keju Goreng,303.0,15.0,19.5,16.5,1.5,0.9,70,1.2,720,100,Olahan,Makanan Kemasan,,85,Cheese Nugget Goreng Nugget Keju Crispy,Fried Cheese Chicken Nugget · Cheese Nugget Goreng Nugget Keju Crispy · 5 potong (85 g) · Nasional/Ayam · src:Estimate · conf:medium
idn-nugget-ayam-so-good-original,Nugget Ayam So Good Original,226.0,13.5,12.5,15.0,1.2,0.8,20,1.0,600,100,Olahan,Makanan Kemasan,,85,Naget So Good So Good Chicken Nugget,So Good Original Chicken Nugget · Naget So Good So Good Chicken Nugget · 5 potong (85 g) · Nasional/Ayam · src:Estimate · conf:medium
idn-nugget-ayam-spicy-frozen,Nugget Ayam Spicy Frozen,248.0,17.0,14.0,13.0,1.2,0.9,22,1.1,720,100,Olahan,Makanan Kemasan,,85,Nugget Pedas Frozen Spicy Nugget,Frozen Spicy Chicken Nugget · Nugget Pedas Frozen Spicy Nugget · 5 potong (85 g) · Nasional/Ayam · src:FatSecret ID · conf:high
idn-nugget-ayam-stik-frozen,Nugget Ayam Stik Frozen,250.0,13.0,14.0,18.0,1.2,0.9,22,1.1,630,100,Olahan,Makanan Kemasan,,80,Chicken Stick Frozen Nugget Stik Ayam Stikie,Frozen Chicken Nugget Stick · Chicken Stick Frozen Nugget Stik Ayam Stikie · 4 stik (80 g) · Nasional/Ayam · src:Estimate · conf:medium
idn-nugget-ayam-sunny-gold,Nugget Ayam Sunny Gold,235.0,14.0,13.5,14.5,1.0,0.8,20,1.0,590,100,Olahan,Makanan Kemasan,,85,Naget Sunny Gold Sunny Gold Nugget,Sunny Gold Chicken Nugget · Naget Sunny Gold Sunny Gold Nugget · 5 potong (85 g) · Nasional/Ayam · src:Estimate · conf:medium
idn-nugget-dinosaurus-frozen,Nugget Dinosaurus Frozen,232.0,12.0,13.0,17.0,1.3,0.9,22,1.0,600,100,Olahan,Makanan Kemasan,,85,Naget Dinosaurus Nugget Dino,Frozen Dinosaur-Shaped Chicken Nugget · Naget Dinosaurus Nugget Dino · 5 potong (85 g) · Nasional/Ayam · src:Estimate · conf:medium
idn-nugget-dinosaurus-goreng,Nugget Dinosaurus Goreng,310.0,13.0,20.0,19.0,1.5,1.0,26,1.2,680,100,Olahan,Makanan Kemasan,,85,Naget Dino Crispy Nugget Dino Goreng,Fried Dinosaur-Shaped Chicken Nugget · Naget Dino Crispy Nugget Dino Goreng · 5 potong (85 g) · Nasional/Ayam · src:FatSecret ID · conf:high
idn-nugget-ikan-frozen,Nugget Ikan Frozen,196.0,11.5,8.5,18.5,1.1,0.8,26,0.8,580,100,Olahan,Makanan Kemasan,,85,Fish Nugget Naget Ikan Beku,Frozen Fish Nugget · Fish Nugget Naget Ikan Beku · 5 potong (85 g) · Nasional/Ikan · src:Estimate · conf:medium
idn-nugget-ikan-goreng,Nugget Ikan Goreng,264.0,13.0,14.0,21.0,1.3,0.9,30,0.9,650,100,Olahan,Makanan Kemasan,,85,Fish Nugget Goreng Naget Ikan Crispy,Fried Fish Nugget · Fish Nugget Goreng Naget Ikan Crispy · 5 potong (85 g) · Nasional/Ikan · src:Estimate · conf:medium
idn-nugget-stik-ayam-goreng,Nugget Stik Ayam Goreng,340.0,16.0,20.0,24.0,1.5,1.1,26,1.3,700,100,Olahan,Makanan Kemasan,,80,Chicken Stick Goreng Stik Ayam Crispy,Fried Chicken Nugget Stick · Chicken Stick Goreng Stik Ayam Crispy · 4 stik (80 g) · Nasional/Ayam · src:FatSecret ID · conf:medium
idn-nugget-tempe-goreng,Nugget Tempe Goreng,249.0,11.0,13.0,22.0,1.8,2.5,70,2.0,430,100,Olahan,Makanan Kemasan,,85,Naget Tempe Tempeh Nugget,Fried Tempeh Nugget · Naget Tempe Tempeh Nugget · 5 potong (85 g) · Nasional/Tahu & Tempe · src:Recipe calc · conf:medium
idn-nugget-udang-frozen,Nugget Udang Frozen,201.0,11.0,9.0,19.0,1.2,0.8,32,0.9,620,100,Olahan,Makanan Kemasan,,85,Naget Udang Beku Shrimp Nugget,Frozen Shrimp Nugget · Naget Udang Beku Shrimp Nugget · 5 potong (85 g) · Nasional/Seafood · src:Estimate · conf:medium
idn-nugget-udang-goreng,Nugget Udang Goreng,272.0,12.0,15.0,22.0,1.4,0.9,36,1.0,690,100,Olahan,Makanan Kemasan,,85,Naget Udang Crispy Shrimp Nugget Goreng,Fried Shrimp Nugget · Naget Udang Crispy Shrimp Nugget Goreng · 5 potong (85 g) · Nasional/Seafood · src:Estimate · conf:medium
idn-nutella,Nutella,539.0,6.3,30.9,57.5,56.3,3.4,108,3.5,41,100,Olahan,Makanan Kemasan,,15,Nutela Selai Cokelat Hazelnut Selai Nutella,Nutella Chocolate Hazelnut Spread · Nutela Selai Cokelat Hazelnut Selai Nutella · 1 sdm (15 g) · Nasional/Snack Kemasan · src:NilaiGizi · conf:high
idn-onion-ring-frozen,Onion Ring Frozen,250.0,3.5,12.0,32.0,4.0,2.0,50,1.0,450,100,Olahan,Makanan Kemasan,,70,Onion Ring Beku Ring Bawang Frozen,Frozen Breaded Onion Ring Uncooked · Onion Ring Beku Ring Bawang Frozen · 6 buah (70 g) · Nasional/Gorengan · src:USDA analog · conf:medium
idn-onion-ring-goreng,Onion Ring Goreng,350.0,4.5,20.0,38.0,4.5,2.5,60,1.2,540,100,Olahan,Makanan Kemasan,,70,Onion Ring Crispy Ring Bawang Goreng,Fried Breaded Onion Ring · Onion Ring Crispy Ring Bawang Goreng · 6 buah (70 g) · Nasional/Gorengan · src:USDA analog · conf:medium
idn-oreo-original,Oreo Original,480.0,4.5,20.0,71.0,39.0,2.5,30,3.0,380,100,Olahan,Makanan Kemasan,,44,Biskuit Oreo Oreo Cokelat,Oreo Original Sandwich Cookies · Biskuit Oreo Oreo Cokelat · 1 sachet (44 g) · Nasional/Kue Kering · src:NilaiGizi · conf:high
idn-oreo-wafer-coklat,Oreo Wafer Coklat,520.0,5.0,27.0,64.0,34.0,2.0,35,2.5,250,100,Olahan,Makanan Kemasan,,16,Oreo Wafer Dutch Cocoa,Oreo Chocolate Wafer · Oreo Wafer Dutch Cocoa · 1 bungkus (16 g) · Nasional/Kue Kering · src:NilaiGizi · conf:medium
idn-otak-otak-frozen-kemasan,Otak-Otak Frozen Kemasan,164.0,10.0,7.0,15.0,1.5,0.6,28,0.7,640,100,Olahan,Makanan Kemasan,,80,Otak Otak Frozen Otak-Otak Beku,Frozen Packaged Otak-Otak Fish Cake · Otak Otak Frozen Otak-Otak Beku · 4 buah (80 g) · Nasional/Ikan · src:Estimate · conf:medium
idn-pangsit-goreng-frozen,Pangsit Goreng Frozen,321.0,10.0,17.0,32.0,1.5,1.4,24,1.6,680,100,Olahan,Makanan Kemasan,,60,Pangsit Frozen Wonton Goreng Frozen,Fried Frozen Wonton · Pangsit Frozen Wonton Goreng Frozen · 5 buah (60 g) · Nasional/Gorengan · src:Estimate · conf:medium
idn-pasta-tomat-kemasan,Pasta Tomat Kemasan,82.0,4.3,0.5,15.0,12.2,4.1,36,2.9,59,100,Olahan,Makanan Kemasan,,16,Pasta Tomat Tomato Paste,Packaged Tomato Paste · Pasta Tomat Tomato Paste · 1 sdm (16 g) · Nasional/Sayuran · src:USDA analog · conf:high
idn-permen-jahe,Permen Jahe,375.0,0.3,0.3,94.0,65.0,0.5,15,0.5,20,100,Olahan,Makanan Kemasan,,4,Ginger Candy Permen Jahe Sina,Ginger Candy · Ginger Candy Permen Jahe Sina · 1 butir (4 g) · Nasional/Snack Kemasan · src:Estimate · conf:medium
idn-permen-karet-rasa-buah,Permen Karet Rasa Buah,360.0,0.0,0.5,89.0,60.0,0.0,5,0.1,10,100,Olahan,Makanan Kemasan,,3,Chewing Gum Permen Karet,Fruit Flavored Chewing Gum · Chewing Gum Permen Karet · 1 butir (3 g) · Nasional/Snack Kemasan · src:USDA analog · conf:medium
idn-permen-keras,Permen Keras,390.0,0.0,0.2,98.0,78.0,0.0,3,0.1,20,100,Olahan,Makanan Kemasan,,3,Hard Candy Permen Bulat,Hard Boiled Candy · Hard Candy Permen Bulat · 1 butir (3 g) · Nasional/Snack Kemasan · src:USDA analog · conf:high
idn-permen-kiss-mint,Permen Kiss Mint,390.0,0.0,1.0,96.0,72.0,0.0,5,0.1,30,100,Olahan,Makanan Kemasan,,3,Kiss Permen Permen Kiss,Kiss Mint Candy · Kiss Permen Permen Kiss · 1 butir (3 g) · Nasional/Snack Kemasan · src:Estimate · conf:medium
idn-permen-rokok,Permen Rokok,390.0,0.0,0.5,97.0,80.0,0.0,0,0.0,10,100,Olahan,Makanan Kemasan,,2,Permen Batang Rokok Rokok-Rokokan Permen,Candy Cigarette Stick · Permen Batang Rokok Rokok-Rokokan Permen · 1 batang (2 g) · Nasional/Snack Kemasan · src:Estimate · conf:low
idn-permen-susu-white-rabbit,Permen Susu White Rabbit,400.0,2.5,5.0,86.0,70.0,0.0,60,0.1,60,100,Olahan,Makanan Kemasan,,5,Permen Kelinci White Rabbit,White Rabbit Milk Candy · Permen Kelinci White Rabbit · 1 butir (4 g) · Nasional/Snack Kemasan · src:Estimate · conf:medium
idn-piattos-sambal-geprek,Piattos Sambal Geprek,495.0,5.0,23.5,65.0,5.5,2.5,20,1.1,750,100,Olahan,Makanan Kemasan,,40,Piattos Pedas,Piattos Sambal Geprek Chips · Piattos Pedas · 1 bungkus (40 g) · Nasional/Roti & Pastry · src:Estimate · conf:medium
idn-piattos-sapi-panggang,Piattos Sapi Panggang,500.0,5.0,24.0,65.0,5.0,2.5,20,1.1,700,100,Olahan,Makanan Kemasan,,40,Piattos Beef BBQ,Piattos Grilled Beef Chips · Piattos Beef BBQ · 1 bungkus (40 g) · Nasional/Roti & Pastry · src:FatSecret ID · conf:medium
idn-pilus-garuda,Pilus Garuda,480.0,6.0,22.0,63.0,4.0,1.5,30,1.2,700,100,Olahan,Makanan Kemasan,,20,Pilus Pilus Kacang,Garuda Pilus Corn Ball Snack · Pilus Pilus Kacang · 1 bungkus (20 g) · Nasional/Keripik & Kerupuk · src:Estimate · conf:medium
idn-pizza-frozen-keju,Pizza Frozen Keju,266.0,11.0,11.0,31.0,3.5,2.0,180,2.0,560,100,Olahan,Makanan Kemasan,,100,Frozen Pizza Cheese Pizza Beku,Frozen Cheese Pizza · Frozen Pizza Cheese Pizza Beku · 1 potong (100 g) · Nasional/Susu & Dairy · src:USDA analog · conf:medium
idn-pocky-coklat,Pocky Coklat,480.0,7.0,19.0,69.0,33.0,2.0,80,1.5,200,100,Olahan,Makanan Kemasan,,40,Pocky Cokelat Stik Pocky,Pocky Chocolate Coated Biscuit Sticks · Pocky Cokelat Stik Pocky · 1 bungkus (40 g) · Nasional/Kue Kering · src:FatSecret ID · conf:high
idn-popcorn-chicken-frozen,Popcorn Chicken Frozen,232.0,14.0,12.5,16.0,1.2,0.8,20,1.0,640,100,Olahan,Makanan Kemasan,,80,Ayam Popcorn Frozen Chicken Pop Beku,Frozen Popcorn Chicken · Ayam Popcorn Frozen Chicken Pop Beku · 1 porsi (80 g) · Nasional/Ayam · src:Estimate · conf:medium
idn-popcorn-chicken-goreng,Popcorn Chicken Goreng,298.0,16.0,18.0,18.0,1.4,0.9,24,1.2,720,100,Olahan,Makanan Kemasan,,80,Ayam Popcorn Goreng Chicken Pop Crispy,Fried Popcorn Chicken · Ayam Popcorn Goreng Chicken Pop Crispy · 1 porsi (80 g) · Nasional/Ayam · src:Estimate · conf:medium
idn-popcorn-karamel-kemasan,Popcorn Karamel Kemasan,430.0,4.0,14.0,74.0,40.0,3.0,15,1.0,300,100,Olahan,Makanan Kemasan,,50,Popcorn Caramel,Packaged Caramel Popcorn · Popcorn Caramel · 1 bungkus (50 g) · Nasional/Keripik & Kerupuk · src:FatSecret ID · conf:medium
idn-potabee-rumput-laut,Potabee Rumput Laut,520.0,5.5,30.0,58.0,4.0,3.0,25,1.1,650,100,Olahan,Makanan Kemasan,,38,Potabee Seaweed,Potabee Seaweed Potato Chips · Potabee Seaweed · 1 bungkus (38 g) · Nasional/Snack Kemasan · src:Estimate · conf:medium
idn-pringles-original,Pringles Original,536.0,4.0,34.0,53.0,2.0,3.0,15,0.8,700,100,Olahan,Makanan Kemasan,,42,Pringles Asin,Pringles Original Potato Crisps · Pringles Asin · 1 kaleng kecil (42 g) · Nasional/Snack Kemasan · src:FatSecret ID · conf:high
idn-pringles-sour-cream-onion,Pringles Sour Cream Onion,530.0,4.5,33.0,53.5,3.0,3.0,30,0.9,750,100,Olahan,Makanan Kemasan,,42,Pringles Sour Cream,Pringles Sour Cream and Onion Crisps · Pringles Sour Cream · 1 kaleng kecil (42 g) · Nasional/Snack Kemasan · src:FatSecret ID · conf:high
idn-protein-bar,Protein Bar,380.0,30.0,12.0,38.0,6.0,8.0,200,3.0,250,100,Olahan,Makanan Kemasan,,60,Bar Protein Snack Bar Protein,Protein Bar · Bar Protein Snack Bar Protein · 1 batang (60 g) · Nasional/Soto & Sup · src:Estimate · conf:medium
idn-qtela-keripik-singkong,Qtela Keripik Singkong,500.0,2.0,25.0,65.0,3.0,4.0,30,0.8,400,100,Olahan,Makanan Kemasan,,55,Qtela Singkong Original,Qtela Cassava Chips · Qtela Singkong Original · 1 bungkus (55 g) · Nasional/Snack Kemasan · src:FatSecret ID · conf:medium
idn-qtela-keripik-tempe,Qtela Keripik Tempe,550.0,20.0,35.0,40.0,0.5,4.0,120,3.5,625,100,Olahan,Makanan Kemasan,,60,Qtela Tempe Original,Qtela Tempeh Chips · Qtela Tempe Original · 1 bungkus (60 g) · Nasional/Snack Kemasan · src:NilaiGizi · conf:high
idn-qtela-keripik-ubi,Qtela Keripik Ubi,480.0,2.5,22.0,67.0,8.0,5.0,35,0.9,350,100,Olahan,Makanan Kemasan,,55,Qtela Ubi,Qtela Sweet Potato Chips · Qtela Ubi · 1 bungkus (55 g) · Nasional/Snack Kemasan · src:Estimate · conf:medium
idn-relaxa-permen-mint,Relaxa Permen Mint,385.0,0.0,1.0,96.0,75.0,0.0,5,0.1,30,100,Olahan,Makanan Kemasan,,3,Permen Relaxa,Relaxa Mint Candy · Permen Relaxa · 1 butir (3 g) · Nasional/Snack Kemasan · src:Estimate · conf:medium
idn-rendang-kemasan-retort,Rendang Kemasan Retort,233.0,16.0,16.0,6.0,2.0,1.2,30,2.6,620,100,Olahan,Makanan Kemasan,,80,Rendang Instan Kemasan Rendang Pouch,Retort Pouch Beef Rendang · Rendang Instan Kemasan Rendang Pouch · 1 porsi (80 g) · Nasional/Daging Sapi · src:Estimate · conf:medium
idn-rengginang-kemasan,Rengginang Kemasan,490.0,5.0,22.0,66.0,2.0,2.0,30,1.0,500,100,Olahan,Makanan Kemasan,,12,Rengginang Siap Makan,Packaged Glutinous Rice Cracker · Rengginang Siap Makan · 1 keping (12 g) · Nasional/Keripik & Kerupuk · src:Estimate · conf:medium
idn-risoles-frozen-goreng,Risoles Frozen Goreng,291.0,8.0,16.0,29.0,2.5,1.4,50,1.4,520,100,Olahan,Makanan Kemasan,,100,Risol Frozen Risoles Beku Goreng,Fried Frozen Risoles · Risol Frozen Risoles Beku Goreng · 2 buah (100 g) · Nasional/Gorengan · src:Estimate · conf:medium
idn-roma-kelapa,Roma Kelapa,480.0,7.0,18.0,72.0,22.0,2.0,40,2.0,350,100,Olahan,Makanan Kemasan,,8,Biskuit Roma Kelapa,Roma Coconut Biscuit · Biskuit Roma Kelapa · 1 keping (8 g) · Nasional/Kue Kering · src:FatSecret ID · conf:high
idn-roma-malkist-abon,Roma Malkist Abon,500.0,7.0,23.0,65.0,18.0,2.0,30,1.8,600,100,Olahan,Makanan Kemasan,,14,Malkist Abon Roma,Roma Malkist Shredded Meat Crackers · Malkist Abon Roma · 1 keping (14 g) · Nasional/Kue Kering · src:NilaiGizi · conf:medium
idn-roma-malkist-coklat,Roma Malkist Coklat,495.0,6.0,22.0,68.0,26.0,2.0,35,1.8,420,100,Olahan,Makanan Kemasan,,14,Malkist Cokelat Roma,Roma Malkist Chocolate Crackers · Malkist Cokelat Roma · 1 keping (14 g) · Nasional/Kue Kering · src:NilaiGizi · conf:medium
idn-roma-malkist-crackers,Roma Malkist Crackers,470.0,8.0,17.0,70.0,12.0,2.5,30,2.0,700,100,Olahan,Makanan Kemasan,,10,Malkist Crackers Malkist Original,Roma Malkist Plain Crackers · Malkist Crackers Malkist Original · 1 keping (10 g) · Nasional/Kue Kering · src:Estimate · conf:medium
idn-roma-malkist-keju,Roma Malkist Keju,500.0,6.5,23.0,66.0,22.0,2.0,50,1.8,550,100,Olahan,Makanan Kemasan,,14,Malkist Keju Roma,Roma Malkist Cheese Crackers · Malkist Keju Roma · 1 keping (14 g) · Nasional/Kue Kering · src:Estimate · conf:medium
idn-roma-sari-gandum,Roma Sari Gandum,470.0,7.0,18.0,70.0,24.0,3.0,40,2.5,380,100,Olahan,Makanan Kemasan,,12,Biskuit Sari Gandum Sari Gandum Roma,Roma Wheat Biscuit · Biskuit Sari Gandum Sari Gandum Roma · 1 keping (12 g) · Nasional/Kue Kering · src:NilaiGizi · conf:high
idn-roma-sari-gandum-sandwich-coklat,Roma Sari Gandum Sandwich Coklat,480.0,6.5,19.0,71.0,30.0,3.0,45,2.5,300,100,Olahan,Makanan Kemasan,,15,Sari Gandum Sandwich Cokelat,Roma Wheat Sandwich Biscuit Chocolate · Sari Gandum Sandwich Cokelat · 1 keping (15 g) · Nasional/Kue Kering · src:NilaiGizi · conf:medium
idn-roti-maryam-frozen-mentah,Roti Maryam Frozen Mentah,330.0,7.0,14.0,44.0,3.0,1.8,20,2.0,420,100,Olahan,Makanan Kemasan,,80,Paratha Frozen Roti Canai Frozen Roti Cane Beku,Frozen Uncooked Roti Maryam · Paratha Frozen Roti Canai Frozen Roti Cane Beku · 1 lembar (80 g) · Nasional/Roti & Pastry · src:Estimate · conf:medium
idn-roti-maryam-goreng-matang,Roti Maryam Goreng Matang,390.0,8.0,23.0,39.0,3.0,1.6,22,1.8,450,100,Olahan,Makanan Kemasan,,80,Roti Canai Matang Roti Cane Goreng,Pan-Fried Roti Maryam · Roti Canai Matang Roti Cane Goreng · 1 lembar (80 g) · Nasional/Roti & Pastry · src:FatSecret ID · conf:high
idn-salami-sapi,Salami Sapi,336.0,20.0,27.0,3.0,1.0,0.0,10,2.2,1600,100,Olahan,Makanan Kemasan,,40,Salami Salami Beef Slice,Beef Salami · Salami Salami Beef Slice · 4 lembar (40 g) · Nasional/Daging Sapi · src:USDA analog · conf:medium
idn-sambal-abc-extra-pedas,Sambal ABC Extra Pedas,100.0,1.2,0.5,21.5,15.0,1.5,18,0.9,1400,100,Olahan,Makanan Kemasan,,15,ABC Extra Pedas Saus Sambal Extra Pedas,ABC Extra Hot Chili Sauce · ABC Extra Pedas Saus Sambal Extra Pedas · 1 sdm (15 g) · Nasional/Sambal · src:Estimate · conf:medium
idn-sambal-bawang-kemasan,Sambal Bawang Kemasan,300.0,3.5,27.0,12.0,4.0,3.5,45,2.0,1400,100,Olahan,Makanan Kemasan,,15,Sambal Bawang Botolan Sambal Bawang Instan,Packaged Garlic Chili Sauce · Sambal Bawang Botolan Sambal Bawang Instan · 1 sdm (15 g) · Nasional/Sambal · src:Estimate · conf:medium
idn-sambal-geprek-kemasan,Sambal Geprek Kemasan,270.0,3.0,24.0,11.0,3.5,3.5,42,1.9,1500,100,Olahan,Makanan Kemasan,,15,Sambal Geprek Botolan Sambal Geprek Instan,Packaged Geprek Chili Sauce · Sambal Geprek Botolan Sambal Geprek Instan · 1 sdm (15 g) · Nasional/Ayam · src:Estimate · conf:medium
idn-sambal-terasi-kemasan,Sambal Terasi Kemasan,145.0,3.0,8.0,15.0,8.0,3.0,40,2.0,1500,100,Olahan,Makanan Kemasan,,15,Sambal Terasi Botolan Sambal Terasi Instan,Packaged Shrimp Paste Chili Sauce · Sambal Terasi Botolan Sambal Terasi Instan · 1 sdm (15 g) · Nasional/Sambal · src:Estimate · conf:medium
idn-samosa-frozen-goreng,Samosa Frozen Goreng,330.0,7.0,19.0,33.0,2.0,2.2,30,1.8,540,100,Olahan,Makanan Kemasan,,75,Samosa Beku Samosa Goreng,Fried Frozen Samosa · Samosa Beku Samosa Goreng · 3 buah (75 g) · Nasional/Gorengan · src:Estimate · conf:medium
idn-santan-kara-kemasan,Santan Kara Kemasan,233.0,2.0,23.0,7.0,3.0,1.0,15,1.5,30,100,Olahan,Makanan Kemasan,,65,Santan Kara Santan Kemasan UHT Sun Kara,Kara Packaged Coconut Cream · Santan Kara Santan Kemasan UHT Sun Kara · 1 sachet (65 g) · Nasional/Bumbu & Saus · src:NilaiGizi · conf:high
idn-saori-saus-tiram,Saori Saus Tiram,85.0,1.5,0.2,19.5,12.0,0.3,25,0.6,4500,100,Olahan,Makanan Kemasan,,15,Saos Tiram Ajinomoto Saus Tiram Saori,Saori Oyster Sauce · Saos Tiram Ajinomoto Saus Tiram Saori · 1 sdm (15 g) · Nasional/Bumbu & Saus · src:FatSecret ID · conf:medium
idn-sarden-kaleng-abc-saus-tomat,Sarden Kaleng ABC Saus Tomat,164.0,15.0,8.0,8.0,3.0,0.5,250,2.0,480,100,Olahan,Makanan Kemasan,,70,Sarden ABC Sardines ABC Tomat,ABC Canned Sardines in Tomato Sauce · Sarden ABC Sardines ABC Tomat · 1 potong (70 g) · Nasional/Ikan · src:NilaiGizi · conf:medium
idn-sarden-kaleng-botan,Sarden Kaleng Botan,173.0,16.0,9.0,7.0,2.5,0.5,260,2.1,460,100,Olahan,Makanan Kemasan,,70,Botan Sardines Sarden Botan,Botan Canned Sardines in Tomato Sauce · Botan Sardines Sarden Botan · 1 potong (70 g) · Nasional/Ikan · src:Estimate · conf:medium
idn-sarden-kaleng-gaga,Sarden Kaleng Gaga,160.0,14.5,7.5,8.5,3.2,0.5,240,2.0,500,100,Olahan,Makanan Kemasan,,70,Gaga Sardines Sarden Gaga,Gaga Canned Sardines in Tomato Sauce · Gaga Sardines Sarden Gaga · 1 potong (70 g) · Nasional/Ikan · src:Estimate · conf:medium
idn-saus-asam-manis-botolan,Saus Asam Manis Botolan,130.0,0.5,0.2,31.5,26.0,0.4,12,0.5,550,100,Olahan,Makanan Kemasan,,30,Saus Asam Manis Kemasan Sweet Sour Sauce,Bottled Sweet And Sour Sauce · Saus Asam Manis Kemasan Sweet Sour Sauce · 2 sdm (30 g) · Nasional/Bumbu & Saus · src:Estimate · conf:medium
idn-saus-barbeque,Saus Barbeque,172.0,0.8,0.6,40.8,33.0,0.9,18,0.7,1030,100,Olahan,Makanan Kemasan,,15,Saos Barbeque Saus BBQ,Barbecue Sauce · Saos Barbeque Saus BBQ · 1 sdm (15 g) · Nasional/Bumbu & Saus · src:USDA analog · conf:high
idn-saus-cocol-sachet,Saus Cocol Sachet,105.0,0.8,0.3,24.0,18.0,0.8,14,0.7,1300,100,Olahan,Makanan Kemasan,,8,Saos Cocol Saus Sambal Sachet,Sachet Dipping Chili Sauce · Saos Cocol Saus Sambal Sachet · 1 sachet (8 g) · Nasional/Bumbu & Saus · src:Estimate · conf:medium
idn-saus-gochujang,Saus Gochujang,214.0,4.5,1.2,46.0,25.0,3.5,30,1.5,2100,100,Olahan,Makanan Kemasan,,15,Gochujang Pasta Cabai Korea,Gochujang Chili Paste · Gochujang Pasta Cabai Korea · 1 sdm (15 g) · Nasional/Bumbu & Saus · src:USDA analog · conf:high
idn-saus-jamur-kemasan,Saus Jamur Kemasan,90.0,2.0,0.5,19.5,10.0,0.5,20,0.8,3800,100,Olahan,Makanan Kemasan,,15,Mushroom Sauce Saus Jamur,Packaged Mushroom Sauce · Mushroom Sauce Saus Jamur · 1 sdm (15 g) · Nasional/Sayuran · src:Estimate · conf:medium
idn-saus-keju-cheddar-kemasan,Saus Keju Cheddar Kemasan,175.0,4.5,11.0,14.0,5.0,0.3,130,0.3,900,100,Olahan,Makanan Kemasan,,30,Cheese Sauce Saus Keju Kemasan,Packaged Cheddar Cheese Sauce · Cheese Sauce Saus Keju Kemasan · 2 sdm (30 g) · Nasional/Bumbu & Saus · src:Estimate · conf:medium
idn-saus-lada-hitam-botolan,Saus Lada Hitam Botolan,150.0,2.5,6.0,21.0,12.0,1.5,30,1.2,2200,100,Olahan,Makanan Kemasan,,30,Black Pepper Sauce Saus Lada Hitam Kemasan,Bottled Black Pepper Sauce · Black Pepper Sauce Saus Lada Hitam Kemasan · 2 sdm (30 g) · Nasional/Bumbu & Saus · src:Estimate · conf:medium
idn-saus-mentai,Saus Mentai,380.0,3.0,38.0,6.0,3.0,0.2,20,0.5,700,100,Olahan,Makanan Kemasan,,30,Mentaiko Sauce Saos Mentai,Mentai Sauce · Mentaiko Sauce Saos Mentai · 2 sdm (30 g) · Nasional/Bumbu & Saus · src:Estimate · conf:medium
idn-saus-padang-botolan,Saus Padang Botolan,180.0,2.0,12.0,15.0,8.0,2.0,30,1.2,1200,100,Olahan,Makanan Kemasan,,30,Saos Padang Saus Padang Kemasan,Bottled Padang Sauce · Saos Padang Saus Padang Kemasan · 2 sdm (30 g) · Nasional/Bumbu & Saus · src:Estimate · conf:medium
idn-saus-sambal-abc-botol,Saus Sambal ABC Botol,95.0,1.0,0.3,21.0,16.0,1.2,15,0.8,1250,100,Olahan,Makanan Kemasan,,15,Sambal Botol ABC Saus Sambal ABC,ABC Bottled Chili Sauce · Sambal Botol ABC Saus Sambal ABC · 1 sdm (15 g) · Nasional/Sambal · src:Estimate · conf:high
idn-saus-sriracha,Saus Sriracha,93.0,1.9,0.9,19.2,15.6,2.2,18,1.0,2124,100,Olahan,Makanan Kemasan,,15,Saos Sriracha Sriracha,Sriracha Sauce · Saos Sriracha Sriracha · 1 sdm (15 g) · Nasional/Sambal · src:USDA analog · conf:high
idn-saus-tartar,Saus Tartar,465.0,1.0,49.0,6.0,3.0,0.3,10,0.3,700,100,Olahan,Makanan Kemasan,,15,Saos Tartar Tartare Sauce,Tartar Sauce · Saos Tartar Tartare Sauce · 1 sdm (15 g) · Nasional/Bolu & Cake · src:USDA analog · conf:medium
idn-saus-teriyaki,Saus Teriyaki,89.0,3.0,0.0,18.5,15.5,0.1,20,0.8,3500,100,Olahan,Makanan Kemasan,,15,Saos Teriyaki Teriyaki,Teriyaki Sauce · Saos Teriyaki Teriyaki · 1 sdm (15 g) · Nasional/Bumbu & Saus · src:FatSecret ID · conf:medium
idn-saus-thousand-island,Saus Thousand Island,390.0,1.0,36.0,16.0,12.0,0.5,12,0.3,900,100,Olahan,Makanan Kemasan,,30,Saus Salad Thousand Island,Thousand Island Dressing · Saus Salad Thousand Island · 2 sdm (30 g) · Nasional/Sayur · src:USDA analog · conf:high
idn-saus-tomat-abc,Saus Tomat ABC,90.0,1.0,0.2,21.0,16.0,0.8,14,0.7,900,100,Olahan,Makanan Kemasan,,15,Ketchup ABC Saos Tomat ABC,ABC Tomato Ketchup · Ketchup ABC Saos Tomat ABC · 1 sdm (15 g) · Nasional/Sayuran · src:Estimate · conf:high
idn-saus-wijen-salad,Saus Wijen Salad,400.0,3.5,38.0,11.0,8.0,1.0,60,1.0,1100,100,Olahan,Makanan Kemasan,,30,Dressing Wijen Goma Dressing,Sesame Salad Dressing · Dressing Wijen Goma Dressing · 2 sdm (30 g) · Nasional/Sayur · src:Estimate · conf:medium
idn-scallop-frozen-breaded,Scallop Frozen Breaded,205.0,10.0,9.0,21.0,1.5,0.9,24,0.8,600,100,Olahan,Makanan Kemasan,,75,Scallop Beku Skalop Frozen,Frozen Breaded Scallop Patty · Scallop Beku Skalop Frozen · 3 buah (75 g) · Nasional/Seafood · src:Estimate · conf:medium
idn-selai-cokelat-hazelnut,Selai Cokelat Hazelnut,539.0,6.3,30.9,57.5,56.3,3.4,108,4.0,41,100,Olahan,Makanan Kemasan,,20,Nutella Selai Cokelat Kacang,Chocolate Hazelnut Spread · Nutella Selai Cokelat Kacang · 1 sdm (20 g) · Nasional/Bumbu & Saus · src:USDA analog · conf:high
idn-selai-kacang,Selai Kacang,588.0,22.0,45.0,25.0,14.0,4.5,45,1.8,400,100,Olahan,Makanan Kemasan,,15,Peanut Butter Selai Kacang Tanah Skippy,Peanut Butter · Peanut Butter Selai Kacang Tanah Skippy · 1 sdm (15 g) · Nasional/Kacang & Biji · src:USDA analog · conf:high
idn-selai-nanas,Selai Nanas,270.0,0.3,0.2,67.0,60.0,1.0,10,0.3,25,100,Olahan,Makanan Kemasan,,20,Pineapple Jam Selai Nenas,Pineapple Jam · Pineapple Jam Selai Nenas · 1 sdm (20 g) · Nasional/Buah · src:Estimate · conf:medium
idn-selai-strawberry,Selai Strawberry,278.0,0.4,0.1,68.9,48.5,1.1,20,0.4,32,100,Olahan,Makanan Kemasan,,20,Jam Strawberry Selai Arbei Selai Stroberi,Strawberry Jam · Jam Strawberry Selai Arbei Selai Stroberi · 1 sdm (20 g) · Nasional/Buah · src:USDA analog · conf:high
idn-selamat-wafer-coklat,Selamat Wafer Coklat,505.0,5.0,25.0,65.0,30.0,1.5,45,1.4,200,100,Olahan,Makanan Kemasan,,12,Wafer Selamat,Selamat Chocolate Wafer · Wafer Selamat · 1 keping (12 g) · Nasional/Kue Kering · src:NilaiGizi · conf:medium
idn-sereal-bar-cokelat,Sereal Bar Cokelat,420.0,6.0,14.0,68.0,30.0,4.0,60,2.5,220,100,Olahan,Makanan Kemasan,,25,Cereal Bar Coklat Snack Bar Sereal,Chocolate Cereal Bar · Cereal Bar Coklat Snack Bar Sereal · 1 batang (25 g) · Nasional/Bubur · src:USDA analog · conf:medium
idn-silverqueen-cashew,SilverQueen Cashew,555.0,9.0,34.0,52.0,45.0,2.0,200,2.0,100,100,Olahan,Makanan Kemasan,,62,Silver Queen Cashew Silverqueen Mede,SilverQueen Cashew Milk Chocolate · Silver Queen Cashew Silverqueen Mede · 1 batang (30 g) · Nasional/Snack Kemasan · src:NilaiGizi · conf:high
idn-silverqueen-chunky-bar-almond,SilverQueen Chunky Bar Almond,565.0,9.0,36.0,50.0,43.0,2.5,210,2.2,90,100,Olahan,Makanan Kemasan,,65,Silverqueen Chunky Almond,SilverQueen Chunky Bar Almond · Silverqueen Chunky Almond · 1 batang (65 g) · Nasional/Snack Kemasan · src:NilaiGizi · conf:high
idn-silverqueen-rock-crispy,SilverQueen Rock Crispy,560.0,8.0,35.0,50.0,37.0,1.5,190,1.8,117,100,Olahan,Makanan Kemasan,,30,Silverqueen Crispy Silverqueen Rock,SilverQueen Rock Crispy Chocolate · Silverqueen Crispy Silverqueen Rock · 1 bungkus (30 g) · Nasional/Snack Kemasan · src:NilaiGizi · conf:high
idn-siomay-ayam-frozen,Siomay Ayam Frozen,200.0,13.0,9.0,16.0,1.2,0.8,22,1.0,620,100,Olahan,Makanan Kemasan,,75,Siomay Frozen Somay Ayam Beku,Frozen Chicken Siomay · Siomay Frozen Somay Ayam Beku · 3 buah (75 g) · Nasional/Ayam · src:FatSecret ID · conf:high
idn-slai-o-lai-stroberi,Slai O'Lai Stroberi,430.0,5.0,14.0,71.0,30.0,2.0,30,1.8,300,100,Olahan,Makanan Kemasan,,16,Slai O Lai Slai Olai Stroberi,Slai O'Lai Strawberry Jam Biscuit · Slai O Lai Slai Olai Stroberi · 1 keping (16 g) · Nasional/Kue Kering · src:FatSecret ID · conf:medium
idn-smoked-beef-slice,Smoked Beef Slice,134.0,18.0,5.5,3.0,1.5,0.0,8,1.8,1000,100,Olahan,Makanan Kemasan,,40,Daging Asap Lembaran Smoked Beef,Sliced Smoked Beef · Daging Asap Lembaran Smoked Beef · 2 lembar (40 g) · Nasional/Daging Sapi · src:Estimate · conf:medium
idn-sosis-ayam-champ,Sosis Ayam Champ,192.0,10.0,12.0,11.0,1.5,0.5,18,0.9,830,100,Olahan,Makanan Kemasan,,37,Champ Sosis Ayam Sosis Champ,Champ Chicken Sausage · Champ Sosis Ayam Sosis Champ · 1 buah (37 g) · Nasional/Ayam · src:Estimate · conf:medium
idn-sosis-ayam-goreng-minyak,Sosis Ayam Goreng Minyak,267.0,12.0,20.0,10.0,1.5,0.5,18,1.0,850,100,Olahan,Makanan Kemasan,,35,Sosis Ayam Digoreng Sosis Goreng Minyak,Pan-Fried Chicken Sausage · Sosis Ayam Digoreng Sosis Goreng Minyak · 1 buah (35 g) · Nasional/Ayam · src:Recipe calc · conf:medium
idn-sosis-ayam-kanzler,Sosis Ayam Kanzler,208.0,12.5,13.5,9.5,1.4,0.4,20,0.9,760,100,Olahan,Makanan Kemasan,,42,Kanzler Chicken Cheese Sosis Kanzler,Kanzler Chicken Sausage · Kanzler Chicken Cheese Sosis Kanzler · 1 buah (42 g) · Nasional/Ayam · src:Estimate · conf:medium
idn-sosis-ayam-kimbo,Sosis Ayam Kimbo,174.0,12.0,10.0,9.0,1.2,0.4,16,0.9,780,100,Olahan,Makanan Kemasan,,40,Kimbo Sosis Ayam Sosis Kimbo,Kimbo Chicken Sausage · Kimbo Sosis Ayam Sosis Kimbo · 1 buah (40 g) · Nasional/Ayam · src:FatSecret ID · conf:medium
idn-sosis-ayam-so-good,Sosis Ayam So Good,201.0,11.0,13.0,10.0,1.5,0.5,18,0.9,800,100,Olahan,Makanan Kemasan,,37,So Nice Sosis Ayam Sosis So Good,So Good Chicken Sausage · So Nice Sosis Ayam Sosis So Good · 1 buah (37 g) · Nasional/Ayam · src:FatSecret ID · conf:medium
idn-sosis-bratwurst,Sosis Bratwurst,289.0,13.0,25.0,3.0,0.8,0.3,14,1.2,820,100,Olahan,Makanan Kemasan,,60,Bratwurst Sosis Bratwurst Kanzler,Bratwurst Sausage · Bratwurst Sosis Bratwurst Kanzler · 1 buah (60 g) · Nasional/Snack Kemasan · src:Estimate · conf:medium
idn-sosis-cocktail,Sosis Cocktail,266.0,11.0,23.0,4.0,1.0,0.3,12,1.0,900,100,Olahan,Makanan Kemasan,,50,Cocktail Sausage Sosis Koktail,Cocktail Sausage · Cocktail Sausage Sosis Koktail · 5 buah (50 g) · Nasional/Snack Kemasan · src:Estimate · conf:medium
idn-sosis-keju-kemasan,Sosis Keju Kemasan,257.0,12.5,20.0,7.0,1.2,0.3,90,1.0,860,100,Olahan,Makanan Kemasan,,45,Cheese Sausage Frozen Sosis Keju,Cheese Sausage · Cheese Sausage Frozen Sosis Keju · 1 buah (45 g) · Nasional/Susu & Dairy · src:Estimate · conf:medium
idn-sosis-sapi-kemasan,Sosis Sapi Kemasan,252.0,12.0,20.0,6.0,1.0,0.4,14,1.4,880,100,Olahan,Makanan Kemasan,,40,Beef Sausage Kemasan Sosis Sapi Frozen,Packaged Beef Sausage · Beef Sausage Kemasan Sosis Sapi Frozen · 1 buah (40 g) · Nasional/Daging Sapi · src:Estimate · conf:medium
idn-sour-cream,Sour Cream,198.0,2.4,19.4,4.6,3.5,0.0,101,0.1,40,100,Olahan,Makanan Kemasan,,30,Krim Asam Sour Cream Dip,Sour Cream · Krim Asam Sour Cream Dip · 2 sdm (30 g) · Nasional/Roti & Pastry · src:USDA analog · conf:high
idn-soyjoy-cokelat,Soyjoy Cokelat,440.0,10.0,21.0,52.0,21.0,8.0,70,2.2,110,100,Olahan,Makanan Kemasan,,30,Soy Joy Coklat,Soyjoy Chocolate Soy Bar · Soy Joy Coklat · 1 batang (30 g) · Nasional/Snack Kemasan · src:NilaiGizi · conf:high
idn-soyjoy-stroberi,Soyjoy Stroberi,430.0,10.0,20.0,53.0,20.0,8.0,60,2.0,100,100,Olahan,Makanan Kemasan,,30,Soy Joy Stroberi Soyjoy Fruit Soy Bar,Soyjoy Strawberry Soy Bar · Soy Joy Stroberi Soyjoy Fruit Soy Bar · 1 batang (30 g) · Nasional/Snack Kemasan · src:NilaiGizi · conf:high
idn-spring-roll-frozen-goreng,Spring Roll Frozen Goreng,282.0,7.0,15.0,30.0,2.0,1.8,26,1.4,560,100,Olahan,Makanan Kemasan,,80,Lumpia Frozen Goreng Spring Roll Beku,Fried Frozen Spring Roll · Lumpia Frozen Goreng Spring Roll Beku · 2 buah (80 g) · Nasional/Gorengan · src:Estimate · conf:medium
idn-susu-evaporasi,Susu Evaporasi,135.0,6.8,7.6,10.0,10.0,0.0,261,0.2,106,100,Olahan,Makanan Kemasan,,15,Carnation Evaporated Milk Susu Evaporated,Evaporated Milk · Carnation Evaporated Milk Susu Evaporated · 1 sdm (15 g) · Nasional/Roti & Pastry · src:USDA analog · conf:high
idn-susu-kental-manis-cokelat,Susu Kental Manis Cokelat,320.0,6.5,8.0,55.0,52.0,0.5,220,0.5,130,100,Olahan,Makanan Kemasan,,42,Kental Manis Cokelat SKM Cokelat,Sweetened Condensed Chocolate Milk · Kental Manis Cokelat SKM Cokelat · 1 sachet (42 g) · Nasional/Roti & Pastry · src:Estimate · conf:high
idn-tango-wafer-coklat,Tango Wafer Coklat,520.0,5.0,27.0,64.0,33.0,1.5,50,1.5,180,100,Olahan,Makanan Kemasan,,18,Wafer Tango Cokelat,Tango Chocolate Wafer · Wafer Tango Cokelat · 1 bungkus kecil (18 g) · Nasional/Kue Kering · src:FatSecret ID · conf:high
idn-taro-net-barbeque,Taro Net Barbeque,450.0,5.0,12.5,75.0,5.0,2.0,25,1.0,1000,100,Olahan,Makanan Kemasan,,20,Chicki Taro Net BBQ Taro BBQ,Taro Net Barbecue Snack · Chicki Taro Net BBQ Taro BBQ · 1 bungkus (18 g) · Nasional/Snack Kemasan · src:NilaiGizi · conf:high
idn-taro-net-rumput-laut,Taro Net Rumput Laut,450.0,5.0,15.0,75.0,5.0,2.0,25,1.0,1400,100,Olahan,Makanan Kemasan,,20,Taro Rumput Laut Taro Seaweed,Taro Net Seaweed Snack · Taro Rumput Laut Taro Seaweed · 1 bungkus (18 g) · Nasional/Snack Kemasan · src:NilaiGizi · conf:medium
idn-telur-cicak,Telur Cicak,390.0,0.5,0.5,95.0,55.0,0.3,10,0.3,25,100,Olahan,Makanan Kemasan,,15,Permen Telur Cicak Telor Cicak,Mini Tapioca Candy Balls · Permen Telur Cicak Telor Cicak · 1 bungkus (15 g) · Nasional/Snack Kemasan · src:Estimate · conf:low
idn-telur-gabus-keju-kemasan,Telur Gabus Keju Kemasan,500.0,7.0,26.0,60.0,8.0,1.0,100,1.2,400,100,Olahan,Makanan Kemasan,,90,Telor Gabus Kemasan Telur Gabus Keju,Packaged Cheese Puff Cassava Snack · Telor Gabus Kemasan Telur Gabus Keju · 1 bungkus (90 g) · Nasional/Telur · src:Estimate · conf:medium
idn-tempura-udang-frozen,Tempura Udang Frozen,195.0,10.0,7.0,23.0,1.5,0.9,30,0.9,560,100,Olahan,Makanan Kemasan,,80,Ebi Tempura Frozen Udang Tempura Beku,Frozen Breaded Shrimp Tempura · Ebi Tempura Frozen Udang Tempura Beku · 4 buah (80 g) · Nasional/Seafood · src:Estimate · conf:medium
idn-tempura-udang-goreng,Tempura Udang Goreng,265.0,11.0,13.0,26.0,1.7,1.0,34,1.0,620,100,Olahan,Makanan Kemasan,,80,Ebi Tempura Goreng Udang Tempura Crispy,Fried Shrimp Tempura · Ebi Tempura Goreng Udang Tempura Crispy · 4 buah (80 g) · Nasional/Seafood · src:Estimate · conf:medium
idn-tepung-bumbu-kobe-kriuk,Tepung Bumbu Kobe Kriuk,350.0,7.0,1.0,76.0,3.0,2.0,50,1.5,2500,100,Olahan,Makanan Kemasan,,25,Tepung Bumbu Kobe Tepung Kriuk,Kobe Crispy Seasoned Coating Flour · Tepung Bumbu Kobe Tepung Kriuk · 2 sdm (25 g) · Nasional/Bumbu & Saus · src:Estimate · conf:medium
idn-tic-tac-permen-mint,Tic Tac Permen Mint,390.0,0.0,1.0,97.0,92.0,0.0,5,0.1,10,100,Olahan,Makanan Kemasan,,18,Permen Tic Tac Tictac,Tic Tac Mint Candy · Permen Tic Tac Tictac · 1 kotak (18 g) · Nasional/Snack Kemasan · src:FatSecret ID · conf:high
idn-toblerone-milk-chocolate,Toblerone Milk Chocolate,535.0,5.7,29.5,59.5,58.0,1.5,180,1.0,60,100,Olahan,Makanan Kemasan,,35,Coklat Toblerone Toblerone,Toblerone Swiss Milk Chocolate · Coklat Toblerone Toblerone · 1 batang (35 g) · Nasional/Snack Kemasan · src:FatSecret ID · conf:high
idn-top-wafer-coklat,Top Wafer Coklat,525.0,5.0,28.0,63.0,33.0,1.5,55,1.5,170,100,Olahan,Makanan Kemasan,,17,Top Cokelat Wafer Top,Top Chocolate Wafer Bar · Top Cokelat Wafer Top · 1 batang (17 g) · Nasional/Kue Kering · src:FatSecret ID · conf:medium
idn-tuna-kaleng-dalam-air,Tuna Kaleng Dalam Air,113.0,25.5,1.0,0.0,0.0,0.0,12,1.3,320,100,Olahan,Makanan Kemasan,,80,Canned Tuna in Brine Tuna Kaleng Air,Canned Tuna in Water · Canned Tuna in Brine Tuna Kaleng Air · 1/2 kaleng (80 g) · Nasional/Ikan · src:USDA analog · conf:high
idn-tuna-kaleng-dalam-minyak,Tuna Kaleng Dalam Minyak,194.0,24.5,10.5,0.0,0.0,0.0,12,1.2,350,100,Olahan,Makanan Kemasan,,80,Canned Tuna in Vegetable Oil Tuna Kaleng Minyak,Canned Tuna in Oil · Canned Tuna in Vegetable Oil Tuna Kaleng Minyak · 1/2 kaleng (80 g) · Nasional/Ikan · src:USDA analog · conf:high
idn-twistko-jagung-bakar,Twistko Jagung Bakar,490.0,5.0,25.0,61.0,8.0,1.5,40,1.0,700,100,Olahan,Makanan Kemasan,,15,Twistko,Twistko Grilled Corn Snack · Twistko · 1 bungkus (15 g) · Nasional/Snack Kemasan · src:Estimate · conf:medium
idn-udang-breaded-frozen,Udang Breaded Frozen,191.0,12.0,7.0,20.0,1.2,0.8,32,0.9,560,100,Olahan,Makanan Kemasan,,80,Breaded Shrimp Beku Udang Tepung Frozen,Frozen Breaded Shrimp · Breaded Shrimp Beku Udang Tepung Frozen · 5 ekor (80 g) · Nasional/Seafood · src:Estimate · conf:medium
idn-udang-breaded-goreng,Udang Breaded Goreng,263.0,13.5,13.0,23.0,1.4,0.9,36,1.0,620,100,Olahan,Makanan Kemasan,,80,Breaded Shrimp Goreng Udang Tepung Crispy,Fried Breaded Shrimp · Breaded Shrimp Goreng Udang Tepung Crispy · 5 ekor (80 g) · Nasional/Seafood · src:Estimate · conf:medium
idn-veggie-nugget-frozen,Veggie Nugget Frozen,192.0,5.0,8.0,25.0,2.0,3.5,30,1.2,520,100,Olahan,Makanan Kemasan,,85,Nugget Sayur Nugget Sayuran Frozen,Frozen Vegetable Nugget · Nugget Sayur Nugget Sayuran Frozen · 5 potong (85 g) · Nasional/Sayuran · src:Estimate · conf:medium
idn-wafer-cokelat,Wafer Cokelat,515.0,5.5,26.0,65.0,32.0,1.5,50,1.5,200,100,Olahan,Makanan Kemasan,,18,Wafer Coklat Wafer Salut Cokelat,Chocolate Wafer Bar · Wafer Coklat Wafer Salut Cokelat · 1 batang (18 g) · Nasional/Snack Kemasan · src:USDA analog · conf:high
idn-wafer-superstar-coklat,Wafer Superstar Coklat,505.0,5.0,25.0,65.0,30.0,1.5,45,1.5,200,100,Olahan,Makanan Kemasan,,16,Superstar Wafer Wafer Superstar,Superstar Chocolate Wafer · Superstar Wafer Wafer Superstar · 1 batang (16 g) · Nasional/Kue Kering · src:Estimate · conf:medium
idn-whey-protein-concentrate-bubuk,Whey Protein Concentrate Bubuk,400.0,75.0,7.0,10.0,6.0,1.0,450,1.5,350,100,Olahan,Makanan Kemasan,,30,WPC Whey Concentrate Whey Protein,Whey Protein Concentrate Powder · WPC Whey Concentrate Whey Protein · 1 scoop (30 g) · Nasional/Suplemen & Diet · src:Estimate · conf:medium
idn-whey-protein-isolate-bubuk,Whey Protein Isolate Bubuk,373.0,86.0,1.0,4.0,1.5,0.5,500,1.0,400,100,Olahan,Makanan Kemasan,,30,Protein Isolate WPI Whey Isolate,Whey Protein Isolate Powder · Protein Isolate WPI Whey Isolate · 1 scoop (30 g) · Nasional/Suplemen & Diet · src:Estimate · conf:medium
idn-whipping-cream-cair,Whipping Cream Cair,340.0,2.8,36.1,2.8,2.8,0.0,66,0.0,38,100,Olahan,Makanan Kemasan,,30,Krim Kocok Cair Krim Whipping Whipping Cream,Liquid Whipping Cream 35% · Krim Kocok Cair Krim Whipping Whipping Cream · 2 sdm (30 g) · Nasional/Roti & Pastry · src:USDA analog · conf:high
idn-yogurt-plain-tawar,Yogurt Plain Tawar,61.0,3.5,3.3,4.7,4.7,0.0,121,0.1,46,100,Olahan,Makanan Kemasan,,150,Plain Yogurt Yoghurt Plain Yogurt Tawar,Plain Whole Milk Yogurt · Plain Yogurt Yoghurt Plain Yogurt Tawar · 1 cup (150 g) · Nasional/Susu & Dairy · src:USDA analog · conf:high
idn-yogurt-rasa-buah,Yogurt Rasa Buah,99.0,4.0,1.2,18.6,18.6,0.2,152,0.1,47,100,Olahan,Makanan Kemasan,,150,Yoghurt Buah Yogurt Rasa Yogurt Stroberi,Low Fat Fruit Yogurt · Yoghurt Buah Yogurt Rasa Yogurt Stroberi · 1 cup (150 g) · Nasional/Susu & Dairy · src:USDA analog · conf:high
idn-yosan-permen,Yosan Permen,385.0,0.0,0.2,96.0,75.0,0.0,0,0.0,15,100,Olahan,Makanan Kemasan,,3,Permen Huruf Yosan Permen Yosan,Yosan Letter Candy · Permen Huruf Yosan Permen Yosan · 1 butir (3 g) · Nasional/Snack Kemasan · src:Estimate · conf:low
idn-yupi-gummy-candy,Yupi Gummy Candy,340.0,6.0,0.2,79.0,55.0,0.0,10,0.3,40,100,Olahan,Makanan Kemasan,,45,Permen Yupi Yupi Jelly,Yupi Gummy Candy · Permen Yupi Yupi Jelly · 1 bungkus (45 g) · Nasional/Snack Kemasan · src:NilaiGizi · conf:high
idn-sambal-roa-kemasan,Sambal Roa Kemasan,280.0,9.0,22.0,12.0,5.0,3.0,60,2.5,1300,100,Olahan,Makanan Kemasan,,15,Sambal Ikan Roa Kemasan Sambal Roa Botolan,Packaged Smoked Roa Fish Chili Sauce · Sambal Ikan Roa Kemasan Sambal Roa Botolan · 1 sdm (15 g) · Sulawesi Utara/Sambal · src:Estimate · conf:medium
idn-kari-kambing-aceh,Kari Kambing Aceh,175.0,12.0,12.5,4.0,1.5,0.9,30,2.2,450,100,Olahan,Makanan Utama,,200,Gulai Kambing Aceh Kari Kameng,Acehnese Goat Curry · Gulai Kambing Aceh Kari Kameng · 1 porsi · Aceh/Kambing · src:Recipe calc · conf:medium
idn-kuah-beulangong,Kuah Beulangong,135.0,7.5,9.0,5.5,1.8,1.6,30,1.5,420,100,Olahan,Makanan Utama,,250,Kuah Belanga Kuah Beulangong Nangka,Acehnese Beef & Jackfruit Curry · Kuah Belanga Kuah Beulangong Nangka · 1 porsi · Aceh/Soto & Sup · src:Recipe calc · conf:medium
idn-mie-aceh-goreng-ayam,Mie Aceh Goreng Ayam,185.0,7.0,7.5,22.0,1.5,1.2,24,1.4,510,100,Olahan,Makanan Utama,,300,Mi Aceh Goreng Ayam,Acehnese Fried Noodles With Chicken · Mi Aceh Goreng Ayam · 1 piring · Aceh/Ayam · src:Recipe calc · conf:high
idn-mie-aceh-goreng-daging,Mie Aceh Goreng Daging,190.0,7.5,8.0,21.5,1.5,1.2,25,1.6,520,100,Olahan,Makanan Utama,,300,Mi Aceh Goreng Sapi Mie Aceh Daging,Acehnese Fried Noodles With Beef · Mi Aceh Goreng Sapi Mie Aceh Daging · 1 piring · Aceh/Daging Sapi · src:Recipe calc · conf:high
idn-mie-aceh-kuah-udang,Mie Aceh Kuah Udang,118.0,6.0,4.0,14.0,1.2,1.0,30,1.2,480,100,Olahan,Makanan Utama,,350,Mi Aceh Kuah Mie Aceh Berkuah,Acehnese Noodle Soup With Prawn · Mi Aceh Kuah Mie Aceh Berkuah · 1 mangkok · Aceh/Seafood · src:Recipe calc · conf:high
idn-mie-aceh-tumis-kepiting,Mie Aceh Tumis Kepiting,150.0,8.0,6.0,16.5,1.3,1.1,45,1.5,540,100,Olahan,Makanan Utama,,320,Mi Aceh Tumis Mie Aceh Kepiting,Acehnese Semi-Dry Noodles With Crab · Mi Aceh Tumis Mie Aceh Kepiting · 1 piring · Aceh/Seafood · src:Recipe calc · conf:medium
idn-mie-caluk,Mie Caluk,175.0,6.0,6.5,23.0,3.0,1.8,35,1.5,430,100,Olahan,Makanan Utama,,250,Mi Caluk Mie Caluk Sigli,Acehnese Noodles With Peanut Sauce · Mi Caluk Mie Caluk Sigli · 1 piring · Aceh/Mie & Bihun · src:Recipe calc · conf:medium
idn-roti-canai-kari-kambing,Roti Canai Kari Kambing,285.0,8.0,15.5,28.0,2.0,1.5,45,1.8,460,100,Olahan,Makanan Utama,,180,Roti Canai Aceh Roti Cane Kari,Flatbread With Goat Curry · Roti Canai Aceh Roti Cane Kari · 1 porsi · Aceh/Roti & Pastry · src:Recipe calc · conf:medium
idn-nasi-babi-guling,Nasi Babi Guling,214.0,10.2,10.1,20.0,1.5,1.2,20,1.4,460,100,Olahan,Makanan Utama,,250,Nasi Babi Guling Bali Nasi Be Guling,Rice Plate With Balinese Roast Pork · Nasi Babi Guling Bali Nasi Be Guling · 1 porsi · Bali/Babi · src:FatSecret ID · conf:high
idn-nasi-jinggo,Nasi Jinggo,200.0,6.0,6.5,29.0,1.5,1.2,22,1.2,400,100,Olahan,Makanan Utama,,120,Nasi Jenggo Sego Jinggo,Balinese Small Banana-Leaf Rice Packet · Nasi Jenggo Sego Jinggo · 1 bungkus · Bali/Nasi · src:Recipe calc · conf:medium
idn-nasi-tepeng,Nasi Tepeng,130.0,3.5,5.0,18.0,1.6,1.8,30,1.0,380,100,Olahan,Makanan Utama,,300,Nasi Tepeng Gianyar Tepeng Bali,Gianyar Spiced Rice Porridge · Nasi Tepeng Gianyar Tepeng Bali · 1 porsi (300 g) · Bali/Nasi · src:Recipe calc · conf:medium
idn-tipat-cantok,Tipat Cantok,145.0,5.0,6.5,17.0,3.5,2.0,40,1.2,380,100,Olahan,Makanan Utama,,250,Ketupat Cantok Tipat Cantog,Balinese Rice Cake & Vegetables With Peanut Sauce · Ketupat Cantok Tipat Cantog · 1 porsi · Bali/Nasi · src:Recipe calc · conf:medium
idn-laksa-tangerang,Laksa Tangerang,120.0,5.2,6.8,10.0,1.4,1.2,36,1.1,430,100,Olahan,Makanan Utama,,350,Laksa Banten Laksa Tangerang Kacang Hijau,Tangerang Laksa With Mung Bean · Laksa Banten Laksa Tangerang Kacang Hijau · 1 mangkok · Banten/Mie & Bihun · src:Recipe calc · conf:medium
idn-nasi-gonjleng,Nasi Gonjleng,185.0,4.0,6.5,28.0,1.2,0.8,26,1.0,380,100,Olahan,Makanan Utama,,250,Nasi Gonjleng Banten Sega Gonjleng,Banten Spiced Coconut Rice · Nasi Gonjleng Banten Sega Gonjleng · 1 porsi (250 g) · Banten/Nasi · src:Recipe calc · conf:medium
idn-nasi-sumsum-banten,Nasi Sumsum Banten,205.0,6.5,8.5,26.0,1.0,0.8,25,1.2,380,100,Olahan,Makanan Utama,,200,Nasi Sumsum Serang Sega Sumsum,Banten Grilled Bone-Marrow Rice · Nasi Sumsum Serang Sega Sumsum · 1 bungkus · Banten/Nasi · src:Recipe calc · conf:low
idn-gulai-kemba-ang,Gulai Kemba'ang,175.0,12.0,12.5,4.0,1.5,0.9,28,2.0,450,100,Olahan,Makanan Utama,,200,Gulai Kemba Ang Gulai Kembaang,Bengkulu Beef Rib Curry · Gulai Kemba Ang Gulai Kembaang · 1 porsi · Bengkulu/Gulai & Kari · src:Recipe calc · conf:low
idn-bakmi-jawa-godog,Bakmi Jawa Godog,125.0,5.5,4.5,15.5,1.4,1.0,20,1.1,560,100,Olahan,Makanan Utama,,300,Bakmi Godhog Mie Godog Jawa Mie Rebus Jawa,Javanese Boiled Noodles · Bakmi Godhog Mie Godog Jawa Mie Rebus Jawa · 1 piring · DI Yogyakarta/Mie & Bihun · src:Recipe calc · conf:high
idn-bakmi-jawa-goreng,Bakmi Jawa Goreng,206.0,8.5,7.0,27.5,2.6,1.5,32,1.6,640,100,Olahan,Makanan Utama,,300,Bakmi Godog Goreng Mie Jawa Goreng,Javanese Wok-Fried Egg Noodles · Bakmi Godog Goreng Mie Jawa Goreng · 1 piring · DI Yogyakarta/Mie & Bihun · src:Recipe calc · conf:medium
idn-magelangan,Magelangan,200.0,6.0,8.0,26.0,3.0,1.2,22,1.3,520,100,Olahan,Makanan Utama,,300,Nasi Goreng Magelangan Nasi Goreng Mie Nasi Mawut,Fried Rice And Noodle Mix · Nasi Goreng Magelangan Nasi Goreng Mie Nasi Mawut · 1 piring (300 g) · DI Yogyakarta/Nasi · src:Recipe calc · conf:medium
idn-mie-nyemek-telur-warmindo,Mie Nyemek Telur Warmindo,158.0,5.6,7.2,17.0,1.6,0.9,20,1.3,380,100,Olahan,Makanan Utama,,300,Indomie Nyemek Telur Mie Nyemek Warmindo,Semi Dry Saucy Instant Noodles With Egg · Indomie Nyemek Telur Mie Nyemek Warmindo · 1 piring (300 g) · DI Yogyakarta/Mie Instan · src:Recipe calc · conf:medium
idn-nasi-gudeg-komplit,Nasi Gudeg Komplit,194.0,6.5,7.0,26.5,6.0,1.8,40,1.4,520,100,Olahan,Makanan Utama,,330,Gudeg Komplit Nasi Gudeg,Complete Gudeg Rice Plate · Gudeg Komplit Nasi Gudeg · 1 porsi · DI Yogyakarta/Nasi · src:Recipe calc · conf:medium
idn-nasi-kucing,Nasi Kucing,165.0,5.0,5.0,25.0,1.5,0.8,26,1.0,380,100,Olahan,Makanan Utama,,100,Nasi Angkringan Sego Kucing,Small Wrapped Rice Portion · Nasi Angkringan Sego Kucing · 1 bungkus · DI Yogyakarta/Nasi · src:Recipe calc · conf:high
idn-sego-abang-gunungkidul,Sego Abang Gunungkidul,135.0,3.5,2.5,25.0,1.2,2.2,26,1.1,320,100,Olahan,Makanan Utama,,300,Nasi Abang Gunungkidul Sega Abang,Gunungkidul Red Rice Set With Green Chilli Stew · Nasi Abang Gunungkidul Sega Abang · 1 porsi (300 g) · DI Yogyakarta/Nasi · src:Recipe calc · conf:medium
idn-soto-bathok-bantul,Soto Bathok Bantul,78.0,4.0,2.0,11.0,0.8,0.5,14,0.7,350,100,Olahan,Makanan Utama,,200,Soto Bathok Sroto Bathok,Bantol Coconut-Shell Beef Soto · Soto Bathok Sroto Bathok · 1 bathok (200 g) · DI Yogyakarta/Soto & Sup · src:Recipe calc · conf:medium
idn-soto-lenthok-yogya,Soto Lenthok Yogya,85.0,4.0,3.5,9.5,0.8,0.7,16,0.8,380,100,Olahan,Makanan Utama,,300,Soto Bathok Lenthok Soto Lenthok,Yogyakarta Soto With Cassava Fritter · Soto Bathok Lenthok Soto Lenthok · 1 mangkok (300 g) · DI Yogyakarta/Soto & Sup · src:Recipe calc · conf:medium
idn-bubur-ayam-abang-abang,Bubur Ayam Abang-Abang,97.0,3.5,3.0,14.0,1.5,0.5,20,0.7,420,100,Olahan,Makanan Utama,,350,Bubur Ayam Gerobak Bubur Ayam Pagi,Street Cart Chicken Rice Porridge · Bubur Ayam Gerobak Bubur Ayam Pagi · 1 mangkok (350 g) · DKI Jakarta/Ayam · src:Recipe calc · conf:medium
idn-bubur-ayam-jakarta,Bubur Ayam Jakarta,105.0,4.5,3.5,14.0,1.5,0.5,20,0.6,420,100,Olahan,Makanan Utama,,350,Bubur Ayam Betawi Bubur Ayam Komplit,Jakarta Chicken Rice Porridge · Bubur Ayam Betawi Bubur Ayam Komplit · 1 mangkok · DKI Jakarta/Ayam · src:Recipe calc · conf:high
idn-gado-gado-betawi,Gado-Gado Betawi,137.0,6.0,8.0,10.0,4.0,2.5,70,1.5,360,100,Olahan,Makanan Utama,,300,Gado Gado Siram Gado-Gado Jakarta,Betawi Vegetable Salad In Peanut Sauce · Gado Gado Siram Gado-Gado Jakarta · 1 porsi · DKI Jakarta/Sayur · src:Recipe calc · conf:high
idn-kerak-telor,Kerak Telor,245.0,11.0,13.5,20.0,1.5,1.5,60,2.2,380,100,Olahan,Makanan Utama,,120,Kerak Telor Betawi Kerak Telur,Betawi Sticky Rice & Egg Crust · Kerak Telor Betawi Kerak Telur · 1 buah · DKI Jakarta/Hidangan Utama · src:Recipe calc · conf:high
idn-laksa-betawi,Laksa Betawi,118.0,5.0,7.0,9.0,1.4,0.8,35,1.0,430,100,Olahan,Makanan Utama,,350,Laksa Betawi Kuah Santan Laksa Jakarta,Betawi Coconut Rice-Noodle Laksa · Laksa Betawi Kuah Santan Laksa Jakarta · 1 mangkok · DKI Jakarta/Mie & Bihun · src:Recipe calc · conf:medium
idn-lontong-sayur-betawi,Lontong Sayur Betawi,118.0,3.0,5.5,14.0,2.0,1.2,40,0.8,380,100,Olahan,Makanan Utama,,350,Ketupat Sayur Betawi Lontong Sayur,Rice Cake In Coconut Chayote Stew · Ketupat Sayur Betawi Lontong Sayur · 1 piring · DKI Jakarta/Nasi · src:Recipe calc · conf:high
idn-lontong-sayur-labu-siam,Lontong Sayur Labu Siam,98.0,2.5,4.5,12.0,2.5,1.2,35,0.9,420,100,Olahan,Makanan Utama,,350,Lontong Labu Siam Lontong Sayur Pagi,Rice Cake With Chayote Coconut Curry · Lontong Labu Siam Lontong Sayur Pagi · 1 piring (350 g) · DKI Jakarta/Sayuran · src:Recipe calc · conf:medium
idn-mie-kangkung,Mie Kangkung,110.0,4.5,3.5,15.0,2.0,1.3,40,1.2,560,100,Olahan,Makanan Utama,,350,Mi Kangkung Mie Kangkung Jakarta,Noodle Soup With Water Spinach · Mi Kangkung Mie Kangkung Jakarta · 1 mangkok · DKI Jakarta/Sayuran · src:Recipe calc · conf:medium
idn-nasi-bungkus-warteg,Nasi Bungkus Warteg,186.0,6.5,6.5,25.5,2.5,1.3,30,1.3,450,100,Olahan,Makanan Utama,,300,Nasi Bungkus Nasi Warteg,Warteg Wrapped Rice Meal · Nasi Bungkus Nasi Warteg · 1 bungkus · DKI Jakarta/Nasi · src:Recipe calc · conf:medium
idn-nasi-goreng-gila,Nasi Goreng Gila,195.0,8.0,8.0,22.5,2.0,1.0,28,1.5,560,100,Olahan,Makanan Utama,,330,Nasgor Gila,Crazy Fried Rice With Mixed Meats · Nasgor Gila · 1 piring · DKI Jakarta/Nasi · src:Recipe calc · conf:medium
idn-nasi-kebuli,Nasi Kebuli,205.0,8.0,8.5,24.5,1.2,0.8,22,1.2,400,100,Olahan,Makanan Utama,,250,Nasi Kebuli Betawi Nasi Kebuli Kambing,Arab-Betawi Spiced Goat Rice · Nasi Kebuli Betawi Nasi Kebuli Kambing · 1 piring · DKI Jakarta/Nasi · src:Recipe calc · conf:medium
idn-nasi-orek-tempe-warteg,Nasi Orek Tempe Warteg,188.0,6.5,6.0,27.0,4.5,1.6,40,1.4,470,100,Olahan,Makanan Utama,,280,Nasi Orek Tempe Nasi Tempe Orek,Warteg Rice With Sweet Tempeh Stir-Fry · Nasi Orek Tempe Nasi Tempe Orek · 1 piring · DKI Jakarta/Tahu & Tempe · src:Recipe calc · conf:medium
idn-nasi-semur-ayam,Nasi Semur Ayam,178.0,8.0,5.5,24.5,4.5,0.9,28,1.2,520,100,Olahan,Makanan Utama,,330,Nasi Semur Ayam Betawi,Rice With Sweet Soy Braised Chicken · Nasi Semur Ayam Betawi · 1 piring · DKI Jakarta/Ayam · src:Recipe calc · conf:medium
idn-nasi-telur-warteg,Nasi Telur Warteg,200.0,7.0,8.0,25.0,1.5,0.8,30,1.4,430,100,Olahan,Makanan Utama,,280,Nasi Telur Ceplok Warteg Nasi Telur Dadar,Warteg Rice With Fried Egg · Nasi Telur Ceplok Warteg Nasi Telur Dadar · 1 piring · DKI Jakarta/Telur · src:Recipe calc · conf:medium
idn-nasi-uduk-orek-tempe-bungkus,Nasi Uduk Orek Tempe Bungkus,213.0,5.8,8.0,29.0,5.0,1.6,45,1.4,420,100,Olahan,Makanan Utama,,230,Nasi Uduk Bungkus Tempe Nasi Uduk Orek,Wrapped Coconut Rice With Sweet Tempeh · Nasi Uduk Bungkus Tempe Nasi Uduk Orek · 1 bungkus (230 g) · DKI Jakarta/Nasi · src:Recipe calc · conf:medium
idn-nasi-uduk-telur-bungkus,Nasi Uduk Telur Bungkus,202.0,5.5,8.0,27.0,2.0,1.0,35,1.2,400,100,Olahan,Makanan Utama,,250,Nasi Uduk Bungkus Pagi Nasi Uduk Telur,Wrapped Coconut Rice With Egg · Nasi Uduk Bungkus Pagi Nasi Uduk Telur · 1 bungkus (250 g) · DKI Jakarta/Nasi · src:Recipe calc · conf:medium
idn-nasi-ulam-betawi,Nasi Ulam Betawi,190.0,5.0,6.5,28.0,1.0,1.2,30,0.9,320,100,Olahan,Makanan Utama,,220,Nasi Ulam Nasi Ulam Kering,Betawi Herbed Rice With Serundeng · Nasi Ulam Nasi Ulam Kering · 1 porsi · DKI Jakarta/Nasi · src:Recipe calc · conf:medium
idn-rujak-juhi,Rujak Juhi,150.0,6.5,7.0,15.0,5.0,2.2,45,1.3,470,100,Olahan,Makanan Utama,,220,Juhi Betawi Rujak Juhi Betawi,Betawi Dried Squid And Peanut Rujak · Juhi Betawi Rujak Juhi Betawi · 1 porsi (220 g) · DKI Jakarta/Hidangan Utama · src:Recipe calc · conf:medium
idn-soto-betawi-santan,Soto Betawi Santan,118.0,6.5,8.5,4.0,1.5,0.4,30,1.0,420,100,Olahan,Makanan Utama,,350,Soto Betawi Soto Betawi Kuah Santan,Betawi Beef Soup With Coconut Milk · Soto Betawi Soto Betawi Kuah Santan · 1 mangkok · DKI Jakarta/Soto & Sup · src:Recipe calc · conf:high
idn-soto-betawi-susu,Soto Betawi Susu,105.0,6.8,7.0,4.2,2.2,0.3,60,0.9,430,100,Olahan,Makanan Utama,,350,Soto Betawi Kuah Susu Soto Betawi Putih,Betawi Beef Soup With Milk · Soto Betawi Kuah Susu Soto Betawi Putih · 1 mangkok · DKI Jakarta/Roti & Pastry · src:Recipe calc · conf:high
idn-soto-tangkar,Soto Tangkar,112.0,7.0,8.0,3.0,1.2,0.4,28,1.4,450,100,Olahan,Makanan Utama,,350,Sop Tangkar Soto Tangkar Betawi,Betawi Beef Rib Soto · Sop Tangkar Soto Tangkar Betawi · 1 mangkok · DKI Jakarta/Soto & Sup · src:Recipe calc · conf:medium
idn-ilabulo,Ilabulo,166.0,5.5,6.0,22.5,1.0,0.8,20,0.8,380,100,Olahan,Makanan Utama,,100,Ilabulo Gorontalo,Steamed Sago And Chicken Cake · Ilabulo Gorontalo · 1 bungkus · Gorontalo/Sayuran · src:Recipe calc · conf:medium
idn-onyop,Onyop,104.0,0.3,0.1,25.5,0.2,0.5,8,0.5,8,100,Olahan,Makanan Utama,,200,Bubur Sagu Gorontalo Onyop Gorontalo,Gorontalo Sago Porridge · Bubur Sagu Gorontalo Onyop Gorontalo · 1 porsi · Gorontalo/Bubur · src:Recipe calc · conf:medium
idn-nasi-minyak-jambi,Nasi Minyak Jambi,210.0,4.0,7.5,31.0,1.0,0.7,20,0.7,350,100,Olahan,Makanan Utama,,200,Nasi Minyak Nasi Samin Jambi,Jambi Ghee-Spiced Rice · Nasi Minyak Nasi Samin Jambi · 1 piring · Jambi/Nasi · src:Recipe calc · conf:medium
idn-bihun-goreng-warteg,Bihun Goreng Warteg,200.0,4.5,6.0,32.0,3.0,1.2,20,1.0,480,100,Olahan,Makanan Utama,,60,Bihun Goreng Warung Bihun Warteg,Stir Fried Rice Vermicelli Warteg Style · Bihun Goreng Warung Bihun Warteg · 1 sendok sayur (60 g) · Jawa/Mie & Bihun · src:Recipe calc · conf:high
idn-mie-goreng-warteg,Mie Goreng Warteg,209.0,5.5,7.0,31.0,3.0,1.4,22,1.2,520,100,Olahan,Makanan Utama,,60,Mie Goreng Warung Mie Kuning Goreng Warteg,Stir Fried Yellow Noodles Warteg Style · Mie Goreng Warung Mie Kuning Goreng Warteg · 1 sendok sayur (60 g) · Jawa/Mie & Bihun · src:Recipe calc · conf:high
idn-nasi-liwet-bungkus-teri,Nasi Liwet Bungkus Teri,188.0,5.5,6.5,27.0,1.0,0.9,45,1.1,420,100,Olahan,Makanan Utama,,250,Nasi Liwet Bungkus Nasi Liwet Teri Pagi,Wrapped Savory Rice With Anchovy · Nasi Liwet Bungkus Nasi Liwet Teri Pagi · 1 bungkus (250 g) · Jawa/Nasi · src:Recipe calc · conf:medium
idn-nasi-pecel-sayur-bungkus,Nasi Pecel Sayur Bungkus,175.0,5.5,6.0,25.0,4.0,2.4,50,1.5,380,100,Olahan,Makanan Utama,,280,Nasi Pecel Bungkus Pecel Bungkus Pagi,Wrapped Rice With Vegetables And Peanut Sauce · Nasi Pecel Bungkus Pecel Bungkus Pagi · 1 bungkus (280 g) · Jawa/Nasi · src:Recipe calc · conf:medium
idn-nasi-rames-warteg,Nasi Rames Warteg,204.0,8.0,8.0,25.0,3.0,1.6,45,1.4,480,100,Olahan,Makanan Utama,,350,Nasi Warteg Komplit Rames Warteg,Warteg Mixed Rice Plate · Nasi Warteg Komplit Rames Warteg · 1 piring (350 g) · Jawa/Nasi · src:Recipe calc · conf:medium
idn-paket-nasi-sayur-tempe-warteg,Paket Nasi Sayur Tempe Warteg,182.0,6.0,6.0,26.0,3.0,1.8,45,1.2,400,100,Olahan,Makanan Utama,,320,Nasi Sayur Tempe Paket Ekonomis Warteg,Budget Warteg Plate Of Rice Vegetable And Tempeh · Nasi Sayur Tempe Paket Ekonomis Warteg · 1 piring (320 g) · Jawa/Tahu & Tempe · src:Recipe calc · conf:medium
idn-bubur-ayam-cirebon,Bubur Ayam Cirebon,95.0,4.0,3.0,13.0,1.2,0.4,18,0.5,400,100,Olahan,Makanan Utama,,350,Bubur Ayam Kuah Bening Cirebon,Cirebon Chicken Rice Porridge · Bubur Ayam Kuah Bening Cirebon · 1 mangkok · Jawa Barat/Ayam · src:Recipe calc · conf:medium
idn-bubur-ayam-sunda,Bubur Ayam Sunda,78.0,3.5,2.5,10.5,0.8,0.3,15,0.5,350,100,Olahan,Makanan Utama,,350,Bubur Ayam Bandung Bubur Ayam Cianjur,Sundanese Chicken Rice Porridge · Bubur Ayam Bandung Bubur Ayam Cianjur · 1 mangkok · Jawa Barat/Ayam · src:Recipe calc · conf:high
idn-docang,Docang,96.0,4.5,4.0,10.5,1.2,2.0,70,1.6,400,100,Olahan,Makanan Utama,,300,Docang Cirebon Dodok Kacang,Cirebon Lontong With Oncom Broth · Docang Cirebon Dodok Kacang · 1 mangkok · Jawa Barat/Nasi · src:Recipe calc · conf:medium
idn-doclang,Doclang,148.0,4.5,7.5,16.0,3.5,1.6,55,1.2,360,100,Olahan,Makanan Utama,,280,Doclang Bogor Doclang Pak Odik,Bogor Rice Dumpling With Peanut Sauce · Doclang Bogor Doclang Pak Odik · 1 piring · Jawa Barat/Sayur · src:Recipe calc · conf:medium
idn-empal-gentong,Empal Gentong,146.0,10.0,10.0,4.0,1.6,0.5,28,1.8,520,100,Olahan,Makanan Utama,,300,Empal Gentong Cirebon Empal Gentong Sapi Gentong Cirebon,Cirebon Beef Coconut Soup · Empal Gentong Cirebon Empal Gentong Sapi Gentong Cirebon · 1 mangkok · Jawa Barat/Daging Sapi · src:Recipe calc · conf:medium
idn-kupat-tahu-bogor,Kupat Tahu Bogor,143.0,5.5,7.0,15.0,4.5,1.5,80,1.4,380,100,Olahan,Makanan Utama,,300,Ketupat Tahu Bogor Kupat Tahu,Rice Cake & Tofu In Sweet Peanut Sauce · Ketupat Tahu Bogor Kupat Tahu · 1 piring · Jawa Barat/Tahu & Tempe · src:Recipe calc · conf:medium
idn-laksa-bogor,Laksa Bogor,112.0,4.5,6.5,9.5,1.5,0.9,38,1.0,420,100,Olahan,Makanan Utama,,350,Laksa Bogor Oncom Laksa Kuah Oncom,Bogor Laksa With Oncom · Laksa Bogor Oncom Laksa Kuah Oncom · 1 mangkok · Jawa Barat/Mie & Bihun · src:Recipe calc · conf:medium
idn-lotek-bandung,Lotek Bandung,133.0,5.8,8.0,9.5,4.5,2.8,78,1.6,320,100,Olahan,Makanan Utama,,250,Lotek Lotek Atah Lotek Sunda,Sundanese Boiled Vegetable Salad With Peanut Sauce · Lotek Lotek Atah Lotek Sunda · 1 piring · Jawa Barat/Sayur · src:Recipe calc · conf:high
idn-mie-koclok-cirebon,Mie Koclok Cirebon,118.0,5.5,5.0,12.5,1.5,0.7,40,0.9,450,100,Olahan,Makanan Utama,,320,Mi Koclok Mie Koclok,Cirebon Creamy Chicken Noodle · Mi Koclok Mie Koclok · 1 mangkok · Jawa Barat/Mie & Bihun · src:Recipe calc · conf:medium
idn-mie-kocok-bandung,Mie Kocok Bandung,102.0,6.0,4.2,10.0,1.0,0.7,24,1.1,470,100,Olahan,Makanan Utama,,350,Mi Kocok Mie Kocok Kaki Sapi,Bandung Beef Tendon Noodle Soup · Mi Kocok Mie Kocok Kaki Sapi · 1 mangkok · Jawa Barat/Mie & Bihun · src:Recipe calc · conf:high
idn-mie-yamin-asin,Mie Yamin Asin,198.0,8.5,8.0,23.0,1.2,1.2,25,1.5,680,100,Olahan,Makanan Utama,,250,Mi Yamin Asin Yamin Asin,Savoury Egg Noodles With Chicken · Mi Yamin Asin Yamin Asin · 1 porsi · Jawa Barat/Mie & Bihun · src:Recipe calc · conf:medium
idn-mie-yamin-manis,Mie Yamin Manis,212.0,8.5,8.0,26.5,5.0,1.2,25,1.5,620,100,Olahan,Makanan Utama,,250,Mi Yamin Manis Yamin Manis Bogor,Sweet Soy Egg Noodles With Chicken · Mi Yamin Manis Yamin Manis Bogor · 1 porsi · Jawa Barat/Mie & Bihun · src:Recipe calc · conf:medium
idn-nasi-bakar,Nasi Bakar,182.0,6.5,5.5,27.0,0.8,1.0,28,1.0,340,100,Olahan,Makanan Utama,,200,Nasi Bakar Ayam Nasi Bakar Sunda,Grilled Banana-Leaf Rice Parcel · Nasi Bakar Ayam Nasi Bakar Sunda · 1 bungkus · Jawa Barat/Nasi · src:Recipe calc · conf:medium
idn-nasi-cikur,Nasi Cikur,180.0,4.5,6.0,27.0,1.4,0.9,24,1.0,430,100,Olahan,Makanan Utama,,250,Nasi Kencur Tasik Sangu Cikur,Tasikmalaya Aromatic Ginger Fried Rice · Nasi Kencur Tasik Sangu Cikur · 1 porsi (250 g) · Jawa Barat/Nasi · src:Recipe calc · conf:medium
idn-nasi-jamblang,Nasi Jamblang,178.0,6.0,6.5,24.0,2.0,1.0,28,1.3,520,100,Olahan,Makanan Utama,,250,Nasi Jamblang Cirebon Sega Jamblang,Cirebon Teak-Leaf Wrapped Rice · Nasi Jamblang Cirebon Sega Jamblang · 1 porsi · Jawa Barat/Nasi · src:Recipe calc · conf:medium
idn-nasi-lengko,Nasi Lengko,172.0,6.5,6.5,22.0,3.0,2.0,80,1.8,420,100,Olahan,Makanan Utama,,280,Nasi Lengko Cirebon Sega Lengko,Cirebon Rice With Tofu Tempeh & Peanut Sauce · Nasi Lengko Cirebon Sega Lengko · 1 piring · Jawa Barat/Nasi · src:Recipe calc · conf:medium
idn-nasi-liwet-sunda,Nasi Liwet Sunda,172.0,4.5,4.5,28.5,0.5,0.8,30,0.9,310,100,Olahan,Makanan Utama,,220,Liwet Sunda Nasi Liwet Bakar,Sundanese Pot Rice With Anchovy · Liwet Sunda Nasi Liwet Bakar · 1 porsi · Jawa Barat/Nasi · src:Recipe calc · conf:medium
idn-nasi-timbel,Nasi Timbel,165.0,3.0,0.5,37.0,0.2,0.6,12,0.4,5,100,Olahan,Makanan Utama,,200,Nasi Timbel Sunda Timbel,Banana-Leaf Wrapped Rice · Nasi Timbel Sunda Timbel · 1 bungkus · Jawa Barat/Nasi · src:TKPI · conf:high
idn-nasi-tutug-oncom,Nasi Tutug Oncom,178.0,6.0,4.0,29.5,0.6,1.8,45,1.5,260,100,Olahan,Makanan Utama,,200,Nasi TO T.O. Tutug Oncom,Rice Mashed With Fermented Oncom · Nasi TO T.O. Tutug Oncom · 1 porsi · Jawa Barat/Tahu & Tempe · src:Recipe calc · conf:high
idn-soto-bandung,Soto Bandung,58.0,5.5,3.0,2.5,0.9,0.5,20,0.9,400,100,Olahan,Makanan Utama,,320,Soto Bandung Lobak Soto Lobak,Bandung Clear Beef & Radish Soup · Soto Bandung Lobak Soto Lobak · 1 mangkok · Jawa Barat/Soto & Sup · src:Recipe calc · conf:high
idn-soto-kuning-bogor,Soto Kuning Bogor,121.0,7.5,8.5,3.5,1.3,0.5,30,1.5,440,100,Olahan,Makanan Utama,,350,Soto Kuning Soto Kuning Jalan Suryakencana,Bogor Yellow Coconut Soto · Soto Kuning Soto Kuning Jalan Suryakencana · 1 mangkok · Jawa Barat/Soto & Sup · src:Recipe calc · conf:medium
idn-soto-mie-bogor,Soto Mie Bogor,96.0,5.5,4.0,9.5,1.0,0.6,22,1.0,460,100,Olahan,Makanan Utama,,350,Soto Mi Bogor Soto Mie,Bogor Noodle Soto With Risol · Soto Mi Bogor Soto Mie · 1 mangkok · Jawa Barat/Mie & Bihun · src:Recipe calc · conf:high
idn-toge-goreng-bogor,Toge Goreng Bogor,96.0,4.5,3.5,11.5,3.0,1.8,55,1.2,400,100,Olahan,Makanan Utama,,280,Tauge Goreng Bogor Toge Goreng,Bogor Bean Sprouts In Oncom Sauce · Tauge Goreng Bogor Toge Goreng · 1 piring · Jawa Barat/Sayuran · src:Recipe calc · conf:medium
idn-arem-arem-isi-ayam,Arem-Arem Isi Ayam,156.0,4.0,4.0,26.0,1.5,0.8,20,0.8,320,100,Olahan,Makanan Utama,,80,Arem Arem Ayam Arem-Arem Sarapan,Rice Roll Stuffed With Chicken · Arem Arem Ayam Arem-Arem Sarapan · 1 buah (80 g) · Jawa Tengah/Ayam · src:Recipe calc · conf:medium
idn-kupat-glabed,Kupat Glabed,110.0,2.5,5.0,13.0,1.6,1.0,30,0.9,360,100,Olahan,Makanan Utama,,280,Ketupat Glabed Kupat Glabed Tegal,Tegal Rice Cake In Thick Yellow Coconut Sauce · Ketupat Glabed Kupat Glabed Tegal · 1 porsi (280 g) · Jawa Tengah/Nasi · src:Recipe calc · conf:medium
idn-kupat-tahu-magelang,Kupat Tahu Magelang,136.0,5.5,6.5,14.0,4.0,1.5,70,1.2,420,100,Olahan,Makanan Utama,,300,Ketupat Tahu Magelang Kupat Tahu,Magelang Rice Cake With Tofu And Peanut Sauce · Ketupat Tahu Magelang Kupat Tahu · 1 porsi · Jawa Tengah/Tahu & Tempe · src:Recipe calc · conf:medium
idn-lentog-tanjung,Lentog Tanjung,105.0,2.8,4.5,13.5,2.4,1.4,40,0.9,340,100,Olahan,Makanan Utama,,300,Lentog Kudus Lentog Tanjung Kudus,Kudus Rice Cake With Jackfruit Curry · Lentog Kudus Lentog Tanjung Kudus · 1 porsi (300 g) · Jawa Tengah/Bebek & Unggas · src:Recipe calc · conf:medium
idn-lontong-dekem,Lontong Dekem,95.0,3.5,3.5,12.5,1.2,0.9,26,0.8,390,100,Olahan,Makanan Utama,,300,Lontong Dekem Ayam Lontong Dekem Pemalang,Pemalang Rice Cake In Poured Chicken Broth · Lontong Dekem Ayam Lontong Dekem Pemalang · 1 porsi (300 g) · Jawa Tengah/Nasi · src:Recipe calc · conf:medium
idn-mie-ayam-jawa,Mie Ayam Jawa,166.0,8.0,5.5,21.0,1.8,1.2,24,1.3,620,100,Olahan,Makanan Utama,,300,Bakmi Ayam Mi Ayam Mie Ayam,Javanese Chicken Noodles · Bakmi Ayam Mi Ayam Mie Ayam · 1 mangkok · Jawa Tengah/Ayam · src:Recipe calc · conf:high
idn-mie-kopyok,Mie Kopyok,120.0,4.0,2.5,21.0,1.6,1.0,40,1.0,440,100,Olahan,Makanan Utama,,320,Mi Kopyok Semarang Mie Lontong Kopyok,Semarang Noodles With Rice Cake And Crackers · Mi Kopyok Semarang Mie Lontong Kopyok · 1 porsi (320 g) · Jawa Tengah/Mie & Bihun · src:Recipe calc · conf:medium
idn-mie-nyemek,Mie Nyemek,154.0,6.5,5.0,21.0,2.0,1.2,28,1.2,580,100,Olahan,Makanan Utama,,320,Bakmi Nyemek Mi Nyemek,Semi-Dry Saucy Noodles · Bakmi Nyemek Mi Nyemek · 1 piring · Jawa Tengah/Mie & Bihun · src:Recipe calc · conf:medium
idn-nasi-ayam-semarang,Nasi Ayam Semarang,165.0,6.5,6.0,21.0,2.4,1.2,30,1.2,420,100,Olahan,Makanan Utama,,300,Nasi Ayam Khas Semarang Sego Ayam Semarang,Semarang Rice With Coconut Chicken And Squash · Nasi Ayam Khas Semarang Sego Ayam Semarang · 1 porsi (300 g) · Jawa Tengah/Ayam · src:Recipe calc · conf:medium
idn-nasi-bakmoy,Nasi Bakmoy,146.0,6.0,4.5,20.5,2.5,0.7,35,1.0,480,100,Olahan,Makanan Utama,,350,Bakmoy Nasi Bakmoi,Rice With Braised Tofu And Meat Broth · Bakmoy Nasi Bakmoi · 1 mangkok · Jawa Tengah/Nasi · src:Recipe calc · conf:medium
idn-nasi-bogana,Nasi Bogana,190.0,8.0,7.0,24.0,2.4,1.2,32,1.5,440,100,Olahan,Makanan Utama,,280,Nasi Begana Nasi Bogana Tegal Sega Bogana,Tegal Banana-Leaf Mixed Rice · Nasi Begana Nasi Bogana Tegal Sega Bogana · 1 bungkus (280 g) · Jawa Tengah/Nasi · src:Recipe calc · conf:medium
idn-nasi-gandul,Nasi Gandul,150.0,7.0,5.5,18.0,1.6,0.5,22,1.2,450,100,Olahan,Makanan Utama,,320,Nasi Gandul Pati Sego Gandul,Pati Beef Rice In Coconut Broth · Nasi Gandul Pati Sego Gandul · 1 piring · Jawa Tengah/Nasi · src:Recipe calc · conf:medium
idn-nasi-goreng-babat,Nasi Goreng Babat,188.0,7.5,7.5,22.5,1.6,0.8,30,1.6,520,100,Olahan,Makanan Utama,,320,Nasgor Babat,Fried Rice With Beef Tripe · Nasgor Babat · 1 piring · Jawa Tengah/Daging Sapi · src:Recipe calc · conf:medium
idn-nasi-goreng-jawa,Nasi Goreng Jawa,188.0,6.0,7.5,24.0,2.5,1.0,24,1.2,620,100,Olahan,Makanan Utama,,280,Nasi Goreng Mercon Sego Goreng Jawa,Javanese Fried Rice · Nasi Goreng Mercon Sego Goreng Jawa · 1 piring · Jawa Tengah/Nasi · src:Recipe calc · conf:high
idn-nasi-goreng-mawut,Nasi Goreng Mawut,188.0,7.0,7.0,24.5,1.8,1.0,26,1.4,500,100,Olahan,Makanan Utama,,330,Nasgor Mawut Nasi Goreng Magelangan,Fried Rice Mixed With Noodles · Nasgor Mawut Nasi Goreng Magelangan · 1 piring · Jawa Tengah/Nasi · src:Recipe calc · conf:medium
idn-nasi-grombyang,Nasi Grombyang,131.0,7.5,5.0,14.0,1.4,0.6,26,1.4,440,100,Olahan,Makanan Utama,,320,Nasi Grombyang Pemalang Sego Grombyang,Pemalang Beef Soup Rice · Nasi Grombyang Pemalang Sego Grombyang · 1 mangkok · Jawa Tengah/Nasi · src:Recipe calc · conf:medium
idn-nasi-liwet-solo,Nasi Liwet Solo,176.0,4.5,6.5,25.0,1.0,0.6,22,0.8,330,100,Olahan,Makanan Utama,,250,Nasi Liwet Keprabon Sego Liwet,Solo Savoury Coconut Rice · Nasi Liwet Keprabon Sego Liwet · 1 pincuk · Jawa Tengah/Nasi · src:Recipe calc · conf:high
idn-nasi-megono,Nasi Megono,167.0,4.5,5.5,25.0,1.6,2.2,44,1.3,340,100,Olahan,Makanan Utama,,250,Megono Pekalongan Sego Megono,Pekalongan Rice With Young Jackfruit · Megono Pekalongan Sego Megono · 1 piring · Jawa Tengah/Nasi · src:Recipe calc · conf:medium
idn-nasi-ponggol,Nasi Ponggol,170.0,4.5,4.5,28.0,1.8,1.4,28,1.2,400,100,Olahan,Makanan Utama,,250,Nasi Ponggol Setan Ponggol Tegal Sega Ponggol,Tegal Banana-Leaf Rice With Tempeh · Nasi Ponggol Setan Ponggol Tegal Sega Ponggol · 1 bungkus (250 g) · Jawa Tengah/Roti & Pastry · src:Recipe calc · conf:medium
idn-pangsit-mie,Pangsit Mie,181.0,8.5,6.5,22.0,1.8,1.2,24,1.4,640,100,Olahan,Makanan Utama,,300,Bakmi Pangsit Mie Pangsit,Noodles With Wonton · Bakmi Pangsit Mie Pangsit · 1 mangkok · Jawa Tengah/Mie & Bihun · src:Recipe calc · conf:medium
idn-sega-koyor,Sega Koyor,175.0,7.0,7.0,21.0,2.4,1.0,30,1.4,450,100,Olahan,Makanan Utama,,300,Nasi Koyor Sego Koyor Semarang,Semarang Rice With Beef Tendon Stew · Nasi Koyor Sego Koyor Semarang · 1 porsi (300 g) · Jawa Tengah/Nasi · src:Recipe calc · conf:medium
idn-sega-penggel,Sega Penggel,145.0,4.5,5.0,20.0,1.8,1.6,30,1.1,380,100,Olahan,Makanan Utama,,280,Nasi Penggel Sego Penggel Kebumen,Kebumen Rice Balls With Jackfruit Stew · Nasi Penggel Sego Penggel Kebumen · 1 porsi (280 g) · Jawa Tengah/Nasi · src:Recipe calc · conf:medium
idn-soto-ayam-bening,Soto Ayam Bening,54.0,5.5,2.2,3.0,0.8,0.4,18,0.6,390,100,Olahan,Makanan Utama,,330,Soto Ayam Kuah Bening Soto Bening,Clear Chicken Soto · Soto Ayam Kuah Bening Soto Bening · 1 mangkok · Jawa Tengah/Ayam · src:Recipe calc · conf:high
idn-soto-babat,Soto Babat,78.0,8.0,4.5,1.5,0.5,0.2,22,1.2,470,100,Olahan,Makanan Utama,,320,Soto Babat Jeroan Soto Iso,Tripe Soto · Soto Babat Jeroan Soto Iso · 1 mangkok · Jawa Tengah/Daging Sapi · src:Recipe calc · conf:medium
idn-soto-ceker-ayam,Soto Ceker Ayam,75.0,6.0,4.5,2.5,0.7,0.3,25,0.9,400,100,Olahan,Makanan Utama,,330,Soto Ceker Sroto Ceker,Chicken Feet Soto · Soto Ceker Sroto Ceker · 1 mangkok (330 g) · Jawa Tengah/Ayam · src:Recipe calc · conf:medium
idn-soto-daging-sapi-jawa,Soto Daging Sapi Jawa,77.0,7.0,4.5,2.0,0.6,0.3,18,1.4,460,100,Olahan,Makanan Utama,,330,Soto Daging Soto Sapi Jawa,Javanese Beef Soto · Soto Daging Soto Sapi Jawa · 1 mangkok · Jawa Tengah/Daging Sapi · src:Recipe calc · conf:high
idn-soto-jepara,Soto Jepara,68.0,5.5,3.0,4.0,0.9,0.4,20,0.9,390,100,Olahan,Makanan Utama,,330,Soto Ayam Jepara Soto Kucai Jepara,Jepara Chicken Soto With Chives · Soto Ayam Jepara Soto Kucai Jepara · 1 mangkok (330 g) · Jawa Tengah/Soto & Sup · src:Recipe calc · conf:medium
idn-soto-kudus-ayam,Soto Kudus Ayam,63.0,5.5,3.0,3.5,1.2,0.4,22,0.7,410,100,Olahan,Makanan Utama,,300,Soto Ayam Kudus Soto Kudus,Kudus Chicken Soto · Soto Ayam Kudus Soto Kudus · 1 mangkok kecil · Jawa Tengah/Ayam · src:Recipe calc · conf:high
idn-soto-kudus-kerbau,Soto Kudus Kerbau,72.0,6.0,3.5,4.0,1.0,0.4,18,2.4,400,100,Olahan,Makanan Utama,,250,Soto Kerbau Kudus Soto Kudus Daging Kerbau,Kudus Buffalo Meat Soto · Soto Kerbau Kudus Soto Kudus Daging Kerbau · 1 mangkok kecil (250 g) · Jawa Tengah/Soto & Sup · src:Recipe calc · conf:medium
idn-soto-kwali-solo,Soto Kwali Solo,67.0,6.5,3.2,3.0,0.9,0.4,20,1.3,440,100,Olahan,Makanan Utama,,280,Soto Daging Kwali Soto Kwali Soto Solo,Solo Clay-Pot Beef Soto · Soto Daging Kwali Soto Kwali Soto Solo · 1 mangkok kecil · Jawa Tengah/Soto & Sup · src:Recipe calc · conf:high
idn-soto-seger-boyolali,Soto Seger Boyolali,70.0,4.5,2.2,8.0,0.7,0.4,14,0.8,380,100,Olahan,Makanan Utama,,300,Soto Boyolali Soto Seger,Boyolali Clear Beef Soto · Soto Boyolali Soto Seger · 1 mangkok (300 g) · Jawa Tengah/Soto & Sup · src:Recipe calc · conf:medium
idn-soto-semarang,Soto Semarang,61.0,5.0,2.8,4.0,1.4,0.4,20,0.6,400,100,Olahan,Makanan Utama,,320,Soto Ayam Semarang Soto Bangkong,Semarang Clear Soto · Soto Ayam Semarang Soto Bangkong · 1 mangkok · Jawa Tengah/Soto & Sup · src:Recipe calc · conf:high
idn-soto-sokaraja,Soto Sokaraja,105.0,6.0,5.5,8.0,2.5,1.0,34,1.1,470,100,Olahan,Makanan Utama,,330,Sroto Banyumas Sroto Sokaraja,Sokaraja Soto With Peanut Sauce · Sroto Banyumas Sroto Sokaraja · 1 mangkok · Jawa Tengah/Soto & Sup · src:Recipe calc · conf:medium
idn-soto-tauco-tegal,Soto Tauco Tegal,68.0,5.2,3.5,3.8,1.3,0.4,18,1.0,450,100,Olahan,Makanan Utama,,350,Sauto Sauto Tegal Soto Tauco Khas Tegal,Tegal Fermented Soybean Beef Soto · Sauto Sauto Tegal Soto Tauco Khas Tegal · 1 mangkok (350 g) · Jawa Tengah/Soto & Sup · src:Recipe calc · conf:medium
idn-soto-tauto-pekalongan,Soto Tauto Pekalongan,65.0,5.0,3.2,3.5,1.2,0.4,18,1.0,430,100,Olahan,Makanan Utama,,350,Soto Tauco Pekalongan Tauto Tauto Pekalongan,Pekalongan Fermented Soybean Beef Soto · Soto Tauco Pekalongan Tauto Tauto Pekalongan · 1 mangkok (350 g) · Jawa Tengah/Soto & Sup · src:Recipe calc · conf:medium
idn-tahu-gimbal,Tahu Gimbal,175.0,6.5,10.0,15.0,5.0,1.6,80,1.6,470,100,Olahan,Makanan Utama,,280,Tahu Gimbal Kacang Tahu Gimbal Semarang,Semarang Tofu And Prawn Fritter Salad · Tahu Gimbal Kacang Tahu Gimbal Semarang · 1 porsi (280 g) · Jawa Tengah/Tahu & Tempe · src:Recipe calc · conf:medium
idn-tengkleng-kambing,Tengkleng Kambing,120.0,10.0,8.0,2.0,0.7,0.4,30,2.0,500,100,Olahan,Makanan Utama,,300,Tengkleng Klewer Tengkleng Solo,Goat Bone Soup · Tengkleng Klewer Tengkleng Solo · 1 mangkok · Jawa Tengah/Kambing · src:Recipe calc · conf:high
idn-bakso-malang,Bakso Malang,122.0,7.5,5.5,10.5,1.4,0.8,26,1.2,620,100,Olahan,Makanan Utama,,350,Bakso Malang Komplit Bakwan Malang,Malang Meatball Soup With Dumplings · Bakso Malang Komplit Bakwan Malang · 1 mangkok · Jawa Timur/Bakso · src:Recipe calc · conf:high
idn-cwie-mie-malang,Cwie Mie Malang,177.0,8.5,6.5,21.0,1.6,1.2,26,1.4,600,100,Olahan,Makanan Utama,,250,Cwie Mie Cwimie,Malang Minced Chicken Noodles · Cwie Mie Cwimie · 1 porsi · Jawa Timur/Mie & Bihun · src:Recipe calc · conf:medium
idn-lontong-balap,Lontong Balap,96.0,4.5,3.5,11.5,2.0,1.4,55,1.2,480,100,Olahan,Makanan Utama,,320,Lontong Balap Surabaya,Surabaya Rice Cake With Bean Sprouts & Lentho · Lontong Balap Surabaya · 1 porsi · Jawa Timur/Nasi · src:Recipe calc · conf:medium
idn-lontong-kupang,Lontong Kupang,89.0,5.5,2.5,11.0,2.4,0.8,150,4.5,620,100,Olahan,Makanan Utama,,320,Kupang Lontong Lontong Kupang Sidoarjo,Rice Cake With Tiny Clams · Kupang Lontong Lontong Kupang Sidoarjo · 1 porsi · Jawa Timur/Nasi · src:Recipe calc · conf:medium
idn-mie-gacoan-pedas,Mie Gacoan Pedas,203.0,7.0,7.5,27.0,2.5,1.3,25,1.4,700,100,Olahan,Makanan Utama,,220,Mie Gacoan Mie Level Pedas,Spicy Gacoan-Style Noodles · Mie Gacoan Mie Level Pedas · 1 porsi · Jawa Timur/Mie & Bihun · src:Recipe calc · conf:medium
idn-mie-setan,Mie Setan,200.0,7.0,7.0,27.5,2.2,1.3,25,1.4,720,100,Olahan,Makanan Utama,,220,Mie Iblis Mie Setan Pedas,Devil Spicy Dry Noodles · Mie Iblis Mie Setan Pedas · 1 porsi · Jawa Timur/Mie & Bihun · src:Recipe calc · conf:medium
idn-nasi-ayam-penyet,Nasi Ayam Penyet,200.0,10.0,8.0,22.5,1.5,1.2,28,1.3,520,100,Olahan,Makanan Utama,,330,Nasi Penyet Ayam,Rice With Smashed Fried Chicken · Nasi Penyet Ayam · 1 piring · Jawa Timur/Ayam · src:Recipe calc · conf:high
idn-nasi-becek,Nasi Becek,150.0,7.0,6.0,17.0,2.0,0.9,30,1.6,430,100,Olahan,Makanan Utama,,330,Nasi Becek Nganjuk Sego Becek,Nganjuk Rice With Goat Curry Soup · Nasi Becek Nganjuk Sego Becek · 1 porsi (330 g) · Jawa Timur/Nasi · src:Recipe calc · conf:medium
idn-nasi-boranan,Nasi Boranan,185.0,7.5,6.5,24.0,2.4,1.2,32,1.5,470,100,Olahan,Makanan Utama,,300,Nasi Boran Lamongan Sego Boran,Lamongan Rice With Boran Spice Sauce · Nasi Boran Lamongan Sego Boran · 1 porsi (300 g) · Jawa Timur/Nasi · src:Recipe calc · conf:medium
idn-nasi-cumi-surabaya,Nasi Cumi Surabaya,192.0,8.5,6.5,25.0,3.0,0.9,30,1.5,550,100,Olahan,Makanan Utama,,320,Nasi Cumi Hitam Sego Cumi,Surabaya Rice With Black Squid · Nasi Cumi Hitam Sego Cumi · 1 piring · Jawa Timur/Seafood · src:Recipe calc · conf:medium
idn-nasi-krawu,Nasi Krawu,200.0,8.5,7.5,25.0,3.0,1.2,34,1.8,450,100,Olahan,Makanan Utama,,300,Nasi Krawu Gresik Sego Krawu,Gresik Rice With Shredded Beef And Serundeng · Nasi Krawu Gresik Sego Krawu · 1 porsi (300 g) · Jawa Timur/Nasi · src:Recipe calc · conf:medium
idn-nasi-lele-penyet,Nasi Lele Penyet,196.0,9.0,7.5,23.5,1.4,1.2,35,1.2,450,100,Olahan,Makanan Utama,,320,Nasi Lele Sambal Nasi Pecel Lele,Rice With Smashed Fried Catfish · Nasi Lele Sambal Nasi Pecel Lele · 1 piring · Jawa Timur/Ikan · src:Recipe calc · conf:medium
idn-nasi-pecel-madiun,Nasi Pecel Madiun,159.0,5.5,5.5,22.0,3.2,2.4,70,1.9,380,100,Olahan,Makanan Utama,,300,Nasi Pecel Pecel Madiun Sego Pecel,Madiun Rice With Peanut-Sauce Vegetables · Nasi Pecel Pecel Madiun Sego Pecel · 1 piring · Jawa Timur/Nasi · src:Recipe calc · conf:high
idn-nasi-punel,Nasi Punel,200.0,8.0,7.5,25.0,3.2,1.4,36,1.6,440,100,Olahan,Makanan Utama,,320,Nasi Punel Bangil Sego Punel,Bangil Rice With Beef Empal And Serundeng · Nasi Punel Bangil Sego Punel · 1 porsi (320 g) · Jawa Timur/Nasi · src:Recipe calc · conf:medium
idn-nasi-serpang,Nasi Serpang,195.0,9.0,7.0,24.0,2.6,1.2,40,1.7,520,100,Olahan,Makanan Utama,,300,Nasi Serpang Bangkalan Sego Serpang,Bangkalan Madura Mixed Rice · Nasi Serpang Bangkalan Sego Serpang · 1 porsi (300 g) · Jawa Timur/Nasi · src:Recipe calc · conf:medium
idn-pecel-rawon,Pecel Rawon,137.0,7.5,7.0,11.0,2.5,2.2,55,1.9,480,100,Olahan,Makanan Utama,,350,Pecel Rawon Banyuwangi Rawon Pecel,Pecel With Rawon Broth · Pecel Rawon Banyuwangi Rawon Pecel · 1 piring · Jawa Timur/Soto & Sup · src:Recipe calc · conf:medium
idn-pecel-tumpang-kediri,Pecel Tumpang Kediri,150.0,5.0,5.0,21.0,2.5,2.0,55,1.4,380,100,Olahan,Makanan Utama,,300,Nasi Pecel Tumpang Sego Tumpang Kediri,Kediri Rice With Fermented Tempeh Sauce · Nasi Pecel Tumpang Sego Tumpang Kediri · 1 porsi (300 g) · Jawa Timur/Sayur · src:Recipe calc · conf:medium
idn-rujak-soto,Rujak Soto,97.0,6.0,5.0,7.0,2.6,1.6,60,1.8,470,100,Olahan,Makanan Utama,,350,Rujak Soto Banyuwangi Soto Rujak,Banyuwangi Soto & Rujak Mix · Rujak Soto Banyuwangi Soto Rujak · 1 piring · Jawa Timur/Soto & Sup · src:Recipe calc · conf:medium
idn-sega-tempong,Sega Tempong,157.0,7.0,5.5,20.0,1.6,1.6,34,1.3,540,100,Olahan,Makanan Utama,,300,Nasi Tempong Sego Tempong Banyuwangi,Banyuwangi Rice With Fiery Sambal · Nasi Tempong Sego Tempong Banyuwangi · 1 piring · Jawa Timur/Nasi · src:Recipe calc · conf:medium
idn-sego-sambel,Sego Sambel,176.0,6.5,6.0,24.0,1.8,1.0,26,1.2,560,100,Olahan,Makanan Utama,,280,Nasi Sambel Sego Sambel Mak Yeye,Rice With Chili Sambal & Side · Nasi Sambel Sego Sambel Mak Yeye · 1 piring · Jawa Timur/Nasi · src:Recipe calc · conf:medium
idn-soto-ayam-ambengan,Soto Ayam Ambengan,80.0,6.5,4.2,4.0,0.8,0.4,22,1.0,430,100,Olahan,Makanan Utama,,350,Soto Ambengan Soto Ayam Surabaya,Surabaya Ambengan Chicken Soto · Soto Ambengan Soto Ayam Surabaya · 1 mangkok (350 g) · Jawa Timur/Ayam · src:Recipe calc · conf:medium
idn-soto-ayam-lamongan,Soto Ayam Lamongan,68.0,6.0,3.5,3.0,0.7,0.4,24,0.7,430,100,Olahan,Makanan Utama,,350,Soto Ayam Koya Soto Lamongan,Lamongan Chicken Soto With Koya · Soto Ayam Koya Soto Lamongan · 1 mangkok · Jawa Timur/Ayam · src:Recipe calc · conf:high
idn-soto-kediri,Soto Kediri,90.0,5.5,6.0,3.5,0.9,0.4,20,0.9,400,100,Olahan,Makanan Utama,,330,Soto Ayam Kediri Soto Kediri Santan,Kediri Coconut Chicken Soto · Soto Ayam Kediri Soto Kediri Santan · 1 mangkok (330 g) · Jawa Timur/Soto & Sup · src:Recipe calc · conf:medium
idn-soto-kikil,Soto Kikil,85.0,6.5,5.0,3.5,0.9,0.4,22,1.1,420,100,Olahan,Makanan Utama,,330,Soto Kikil Sapi Sroto Kikil,Beef Tendon Soto · Soto Kikil Sapi Sroto Kikil · 1 mangkok (330 g) · Jawa Timur/Daging Sapi · src:Recipe calc · conf:medium
idn-soto-madura-daging,Soto Madura Daging,72.0,6.0,3.8,3.5,1.0,0.4,18,1.1,410,100,Olahan,Makanan Utama,,330,Soto Daging Madura Soto Madura,Madurese Beef Soto · Soto Daging Madura Soto Madura · 1 mangkok (330 g) · Jawa Timur/Daging Sapi · src:Recipe calc · conf:medium
idn-soto-sulung,Soto Sulung,70.0,6.2,3.6,3.0,0.8,0.3,16,1.6,420,100,Olahan,Makanan Utama,,330,Soto Sulung Jeroan Soto Sulung Sapi,Beef Offal Clear Soto · Soto Sulung Jeroan Soto Sulung Sapi · 1 mangkok (330 g) · Jawa Timur/Soto & Sup · src:Recipe calc · conf:medium
idn-tahu-campur-lamongan,Tahu Campur Lamongan,112.0,6.5,5.5,9.0,2.0,1.4,60,1.4,520,100,Olahan,Makanan Utama,,350,Tahu Campur Tahu Campur Surabaya,Lamongan Beef & Tofu Soup With Petis · Tahu Campur Tahu Campur Surabaya · 1 mangkok · Jawa Timur/Tahu & Tempe · src:Recipe calc · conf:medium
idn-tahu-tek,Tahu Tek,155.0,8.5,9.0,10.0,2.6,1.6,120,1.8,540,100,Olahan,Makanan Utama,,250,Tahu Tek-Tek Tahu Telur Petis,Fried Tofu With Petis Peanut Sauce · Tahu Tek-Tek Tahu Telur Petis · 1 porsi · Jawa Timur/Tahu & Tempe · src:Recipe calc · conf:medium
idn-tahu-telur-surabaya,Tahu Telur Surabaya,177.0,10.0,11.0,9.5,3.0,1.2,120,2.0,520,100,Olahan,Makanan Utama,,250,Tahu Telor Tahu Telur Petis,Tofu Omelette With Peanut Petis Sauce · Tahu Telor Tahu Telur Petis · 1 porsi · Jawa Timur/Telur · src:Recipe calc · conf:medium
idn-bakmi-kepiting-pontianak,Bakmi Kepiting Pontianak,160.0,9.0,6.0,18.0,1.4,1.0,50,1.2,520,100,Olahan,Makanan Utama,,320,Bakmi Kepiting Mie Kepiting Pontianak,Pontianak Crab Noodles · Bakmi Kepiting Mie Kepiting Pontianak · 1 porsi (320 g) · Kalimantan Barat/Seafood · src:Recipe calc · conf:medium
idn-bubur-ikan-pontianak,Bubur Ikan Pontianak,84.0,5.5,2.0,11.0,0.5,0.4,20,0.5,350,100,Olahan,Makanan Utama,,350,Bubur Ikan Kakap Bubur Ikan Kalbar,Pontianak Fish Rice Porridge · Bubur Ikan Kakap Bubur Ikan Kalbar · 1 mangkok · Kalimantan Barat/Ikan · src:Recipe calc · conf:medium
idn-bubur-pedas-sambas,Bubur Pedas Sambas,76.0,2.5,2.5,11.0,1.0,1.5,40,1.0,330,100,Olahan,Makanan Utama,,300,Bubbur Paddas Bubur Pedas Melayu,Sambas Toasted Rice & Vegetable Porridge · Bubbur Paddas Bubur Pedas Melayu · 1 mangkok · Kalimantan Barat/Bubur · src:Recipe calc · conf:medium
idn-lontong-orari,Lontong Orari,134.0,6.0,6.5,13.0,1.5,0.6,25,0.9,420,100,Olahan,Makanan Utama,,350,Lontong Banjar Lontong Orari Banjarmasin,Banjarese Triangular Lontong With Habang Sides · Lontong Banjar Lontong Orari Banjarmasin · 1 porsi · Kalimantan Selatan/Nasi · src:Recipe calc · conf:medium
idn-nasi-itik-gambut,Nasi Itik Gambut,196.0,8.0,8.0,23.0,2.5,0.8,20,1.2,400,100,Olahan,Makanan Utama,,250,Nasi Bebek Gambut Nasi Itik Banjar,Gambut Steamed Rice With Habang Duck · Nasi Bebek Gambut Nasi Itik Banjar · 1 bungkus · Kalimantan Selatan/Bebek & Unggas · src:Recipe calc · conf:medium
idn-nasi-kuning-banjar,Nasi Kuning Banjar,168.0,3.0,4.0,30.0,0.5,0.6,15,0.6,250,100,Olahan,Makanan Utama,,200,Nasi Kuning Banjarmasin Nasi Kuning Habang,Banjarese Turmeric Coconut Rice · Nasi Kuning Banjarmasin Nasi Kuning Habang · 1 porsi · Kalimantan Selatan/Nasi · src:Recipe calc · conf:high
idn-soto-banjar,Soto Banjar,124.0,6.5,9.5,3.2,0.5,0.2,28,0.8,400,100,Olahan,Makanan Utama,,300,Soto Banjar Limau Kuit Sotobanjar,Banjarese Spiced Chicken Soup · Soto Banjar Limau Kuit Sotobanjar · 1 mangkok · Kalimantan Selatan/Soto & Sup · src:Recipe calc · conf:high
idn-nasi-bekepor,Nasi Bekepor,183.0,4.5,5.0,30.0,0.5,0.8,20,0.8,320,100,Olahan,Makanan Utama,,200,Nasi Bekepor Kutai Nasi Kepor,Kutai Pot-Cooked Rice With Salted Fish & Lemon Basil · Nasi Bekepor Kutai Nasi Kepor · 1 porsi · Kalimantan Timur/Nasi · src:Recipe calc · conf:medium
idn-nasi-subut,Nasi Subut,155.0,3.0,0.8,34.0,3.0,1.8,15,0.8,180,100,Olahan,Makanan Utama,,200,Nasi Subut Tarakan Nasi Ubi Ungu Tidung,Tidung Purple Sweet Potato Rice With Corn · Nasi Subut Tarakan Nasi Ubi Ungu Tidung · 1 porsi · Kalimantan Utara/Nasi · src:Recipe calc · conf:medium
idn-lempah-kuning,Lempah Kuning,75.0,9.5,2.0,4.5,2.5,0.9,25,0.8,450,100,Olahan,Makanan Utama,,300,Gangan Bangka Lempah Kuning Ikan,Bangka Yellow Fish & Pineapple Soup · Gangan Bangka Lempah Kuning Ikan · 1 mangkok · Kepulauan Bangka Belitung/Ikan · src:Recipe calc · conf:medium
idn-mie-bangka,Mie Bangka,165.0,7.5,6.0,20.0,2.0,1.0,25,1.2,520,100,Olahan,Makanan Utama,,300,Bakmi Bangka Mi Bangka,Bangka Noodles With Chicken & Mushroom · Bakmi Bangka Mi Bangka · 1 mangkok · Kepulauan Bangka Belitung/Mie & Bihun · src:Recipe calc · conf:high
idn-mie-belitung,Mie Belitung,130.0,5.0,3.5,20.0,4.5,1.2,26,1.1,480,100,Olahan,Makanan Utama,,320,Mi Belitung Mie Atep Mie Belitong,Belitung Noodles In Sweet Prawn Broth · Mi Belitung Mie Atep Mie Belitong · 1 porsi (320 g) · Kepulauan Bangka Belitung/Mie & Bihun · src:Recipe calc · conf:medium
idn-mie-koba,Mie Koba,140.0,6.5,4.0,20.0,4.0,0.8,25,1.0,480,100,Olahan,Makanan Utama,,300,Mi Koba Mie Koba Koba,Bangka Noodles In Sweet Fish Broth · Mi Koba Mie Koba Koba · 1 mangkok · Kepulauan Bangka Belitung/Mie & Bihun · src:Recipe calc · conf:medium
idn-pantiaw,Pantiaw,130.0,5.5,3.0,20.0,1.5,0.7,25,0.8,480,100,Olahan,Makanan Utama,,250,Kwetiau Pantiaw Pantiaw Bangka,Bangka Flat Rice Noodles With Fish Broth · Kwetiau Pantiaw Pantiaw Bangka · 1 porsi · Kepulauan Bangka Belitung/Mie & Bihun · src:Recipe calc · conf:low
idn-nasi-lemak,Nasi Lemak,197.0,5.5,7.5,27.0,3.0,1.2,30,1.2,420,100,Olahan,Makanan Utama,,300,Nasi Lemak Melayu,Coconut Milk Rice Plate · Nasi Lemak Melayu · 1 piring · Kepulauan Riau/Nasi · src:Recipe calc · conf:medium
idn-seruit,Seruit,145.0,14.0,7.0,6.5,2.5,1.5,45,1.4,600,100,Olahan,Makanan Utama,,150,Ikan Seruit Seruit Lampung,Lampung Grilled Fish Mashed With Sambal · Ikan Seruit Seruit Lampung · 1 porsi · Lampung/Ikan · src:Recipe calc · conf:medium
idn-kasbi-rebus,Kasbi Rebus,150.0,1.2,0.3,35.5,1.5,1.8,25,0.5,10,100,Olahan,Makanan Utama,,150,Kasbi Rebus Ambon Ubi Kayu Rebus Maluku,Boiled Cassava · Kasbi Rebus Ambon Ubi Kayu Rebus Maluku · 1 potong · Maluku/Bubur · src:TKPI · conf:high
idn-nasi-lapola,Nasi Lapola,185.0,5.0,5.5,29.0,1.0,2.5,25,1.0,220,100,Olahan,Makanan Utama,,200,Lapola Nasi Lapola Maluku,Moluccan Rice With Cowpeas & Grated Coconut · Lapola Nasi Lapola Maluku · 1 porsi · Maluku/Nasi · src:Recipe calc · conf:medium
idn-abc-mie-instan-ayam-bawang,ABC Mie Instan Ayam Bawang,81.6,1.8,3.2,11.6,0.8,0.5,9,1.2,258,100,Olahan,Makanan Utama,,380,Mie ABC Ayam Bawang,ABC Onion Chicken Instant Noodle Soup · Mie ABC Ayam Bawang · 1 bungkus matang dengan kuah (70 g mentah) · Nasional/Mie Instan · src:FatSecret ID · conf:medium
idn-abc-selera-pedas-ayam-bawang-pedas,ABC Selera Pedas Ayam Bawang Pedas,84.2,1.8,3.4,11.6,0.8,0.5,9,1.2,263,100,Olahan,Makanan Utama,,380,ABC Selera Pedas Mie ABC Selera Pedas,ABC Spicy Onion Chicken Instant Noodle Soup · ABC Selera Pedas Mie ABC Selera Pedas · 1 bungkus matang dengan kuah (70 g mentah) · Nasional/Mie Instan · src:Estimate · conf:medium
idn-bakmi-ayam-resto,Bakmi Ayam Resto,204.0,9.0,8.0,24.0,1.6,1.2,20,1.4,720,100,Olahan,Makanan Utama,,280,Bakmi Ayam Jamur Resto Bakmi GM,Restaurant Chicken Noodle · Bakmi Ayam Jamur Resto Bakmi GM · 1 porsi (280 g) · Nasional/Ayam · src:Recipe calc · conf:medium
idn-bakso-kuah-komplit,Bakso Kuah Komplit,98.0,6.5,4.0,9.0,1.5,0.6,25,1.0,620,100,Olahan,Makanan Utama,,400,Bakso Komplit Bakso Kuah,Complete Meatball Soup Bowl · Bakso Komplit Bakso Kuah · 1 mangkok · Nasional/Bakso · src:Recipe calc · conf:high
idn-bakso-urat-kuah-komplit,Bakso Urat Kuah Komplit,106.0,7.5,5.0,8.0,1.4,0.6,25,1.2,640,100,Olahan,Makanan Utama,,400,Bakso Urat Komplit Bakso Urat Kuah,Complete Tendon Meatball Soup Bowl · Bakso Urat Komplit Bakso Urat Kuah · 1 mangkok · Nasional/Bakso · src:Recipe calc · conf:medium
idn-beras-hitam-masak,Beras Hitam Masak,130.0,3.5,1.0,26.0,0.3,2.0,8,1.0,5,100,Olahan,Makanan Utama,,100,Black Rice Matang Nasi Beras Hitam Nasi Hitam,Cooked Black Rice · Black Rice Matang Nasi Beras Hitam Nasi Hitam · 1 centong (100 g) · Nasional/Serealia & Umbi · src:Estimate · conf:medium
idn-beras-merah-masak,Beras Merah Masak,123.0,2.7,1.0,25.6,0.2,1.6,3,0.6,4,100,Olahan,Makanan Utama,,100,Brown Rice Matang Nasi Beras Merah Nasi Merah,Cooked Brown Rice · Brown Rice Matang Nasi Beras Merah Nasi Merah · 1 centong (100 g) · Nasional/Serealia & Umbi · src:USDA analog · conf:high
idn-bihun-goreng-seafood,Bihun Goreng Seafood,194.0,7.5,6.0,27.0,2.2,1.0,40,1.1,640,100,Olahan,Makanan Utama,,300,Bihun Seafood Goreng,Seafood Fried Rice Vermicelli · Bihun Seafood Goreng · 1 piring · Nasional/Seafood · src:Recipe calc · conf:medium
idn-bihun-instan-rasa-soto,Bihun Instan Rasa Soto,69.7,1.2,2.4,10.9,0.6,0.3,8,0.6,242,100,Olahan,Makanan Utama,,330,Bihun Instan Soto Mie Bihun Instan,Instant Rice Vermicelli Soto Flavour · Bihun Instan Soto Mie Bihun Instan · 1 bungkus matang dengan kuah (55 g mentah) · Nasional/Mie Instan · src:Estimate · conf:medium
idn-bihun-kuah-ayam,Bihun Kuah Ayam,105.0,4.5,3.0,15.0,1.4,0.6,20,0.7,540,100,Olahan,Makanan Utama,,380,Bihun Kuah Sup Bihun Ayam,Chicken Rice Vermicelli Soup · Bihun Kuah Sup Bihun Ayam · 1 mangkok · Nasional/Ayam · src:Recipe calc · conf:medium
idn-bubur-ayam-kuah-kuning,Bubur Ayam Kuah Kuning,104.0,4.2,3.8,13.5,1.3,0.5,22,0.6,440,100,Olahan,Makanan Utama,,400,Bubur Ayam Kuah Santan Bubur Ayam Kuning,Chicken Porridge With Yellow Coconut Broth · Bubur Ayam Kuah Santan Bubur Ayam Kuning · 1 mangkok · Nasional/Ayam · src:Recipe calc · conf:medium
idn-bubur-ayam-spesial-telur,Bubur Ayam Spesial Telur,121.0,5.5,4.8,14.0,1.5,0.5,25,0.8,450,100,Olahan,Makanan Utama,,400,Bubur Ayam Plus Telur Bubur Ayam Telur,Chicken Porridge With Egg · Bubur Ayam Plus Telur Bubur Ayam Telur · 1 mangkok · Nasional/Ayam · src:Recipe calc · conf:medium
idn-bubur-bayi-instan-sun-beras-merah,Bubur Bayi Instan SUN Beras Merah,76.9,1.9,1.4,14.2,3.8,0.6,108,1.7,54,100,Olahan,Makanan Utama,,130,Bubur SUN Beras Merah SUN Beras Merah,SUN Instant Baby Porridge Red Rice · Bubur SUN Beras Merah SUN Beras Merah · 1 mangkok kecil (25 g bubuk) · Nasional/Bubur · src:Estimate · conf:medium
idn-bubur-oat-instan-matang,Bubur Oat Instan Matang,68.0,2.4,1.2,11.7,0.5,1.7,15,1.0,60,100,Olahan,Makanan Utama,,240,Bubur Havermut Bubur Oat Oat Instan Matang,Prepared Instant Oat Porridge · Bubur Havermut Bubur Oat Oat Instan Matang · 1 mangkok (240 g) · Nasional/Bubur · src:FatSecret ID · conf:high
idn-burger-ayam-crispy,Burger Ayam Crispy,297.0,14.0,15.0,27.0,4.5,1.6,70,2.0,640,100,Olahan,Makanan Utama,,128,Burger Ayam Goreng Chicken Burger Colonel Burger,Crispy Chicken Burger · Burger Ayam Goreng Chicken Burger Colonel Burger · 1 buah (128 g) · Nasional/Ayam · src:FatSecret ID · conf:high
idn-burger-jumbo-daging-sapi,Burger Jumbo Daging Sapi,250.0,13.0,13.5,20.0,4.0,1.3,80,2.2,480,100,Olahan,Makanan Utama,,270,Big Burger Burger Besar Whopper Style,Jumbo Beef Burger · Big Burger Burger Besar Whopper Style · 1 buah (270 g) · Nasional/Daging Sapi · src:Estimate · conf:medium
idn-burger-sapi-fast-food,Burger Sapi Fast Food,253.0,13.0,11.0,26.0,5.0,1.4,90,2.4,490,100,Olahan,Makanan Utama,,102,Beef Burger Burger Daging Sapi Hamburger,Fast Food Beef Burger · Beef Burger Burger Daging Sapi Hamburger · 1 buah (102 g) · Nasional/Daging Sapi · src:FatSecret ID · conf:high
idn-cheeseburger-fast-food,Cheeseburger Fast Food,265.0,14.0,12.0,27.0,5.5,1.4,140,2.4,650,100,Olahan,Makanan Utama,,114,Burger Keju Cheeseburger,Fast Food Cheeseburger · Burger Keju Cheeseburger · 1 buah (114 g) · Nasional/Daging Sapi · src:FatSecret ID · conf:high
idn-chicken-katsu-curry,Chicken Katsu Curry,184.0,9.0,7.0,21.0,2.4,1.2,18,1.0,420,100,Olahan,Makanan Utama,,400,Curry Katsu Katsu Kari Jepang,Chicken Katsu Japanese Curry With Rice · Curry Katsu Katsu Kari Jepang · 1 porsi (400 g) · Nasional/Ayam · src:Recipe calc · conf:medium
idn-chicken-wrap-tortilla,Chicken Wrap Tortilla,217.0,12.0,9.0,22.0,3.0,1.6,60,1.4,520,100,Olahan,Makanan Utama,,180,Tortilla Wrap Ayam Wrap Ayam,Chicken Tortilla Wrap · Tortilla Wrap Ayam Wrap Ayam · 1 buah (180 g) · Nasional/Ayam · src:USDA analog · conf:medium
idn-couscous-masak,Couscous Masak,112.0,3.8,0.2,23.2,0.1,1.4,8,0.4,5,100,Olahan,Makanan Utama,,150,Couscous Matang Kuskus Masak,Cooked Couscous · Couscous Matang Kuskus Masak · 1 porsi (150 g) · Nasional/Serealia & Umbi · src:USDA analog · conf:high
idn-double-cheeseburger,Double Cheeseburger,275.0,17.0,15.0,20.0,4.5,1.2,150,2.6,700,100,Olahan,Makanan Utama,,165,Burger Keju Double Double Burger Keju,Double Cheeseburger · Burger Keju Double Double Burger Keju · 1 buah (165 g) · Nasional/Daging Sapi · src:FatSecret ID · conf:high
idn-granola,Granola,471.0,10.5,20.0,60.0,18.0,7.0,60,2.5,60,100,Olahan,Makanan Utama,,45,Granola Kering Granola Sereal Sereal Granola,Granola Cereal · Granola Kering Granola Sereal Sereal Granola · 1 porsi (45 g) · Nasional/Bubur · src:USDA analog · conf:high
idn-gyudon-beef-bowl,Gyudon Beef Bowl,163.0,8.5,6.0,19.0,3.5,0.7,14,1.2,310,100,Olahan,Makanan Utama,,420,Beef Bowl Nasi Sapi Jepang Yoshinoya Beef Bowl,Japanese Beef Rice Bowl · Beef Bowl Nasi Sapi Jepang Yoshinoya Beef Bowl · 1 mangkok regular (420 g) · Nasional/Daging Sapi · src:FatSecret ID · conf:high
idn-hotdog-sapi-resto,Hotdog Sapi Resto,262.0,10.0,14.0,24.0,5.0,1.2,70,1.8,760,100,Olahan,Makanan Utama,,110,Hot Dog Resto Hotdog Sapi,Restaurant Beef Hot Dog · Hot Dog Resto Hotdog Sapi · 1 buah (110 g) · Nasional/Daging Sapi · src:Estimate · conf:medium
idn-ifumie-seafood,Ifumie Seafood,155.0,7.0,6.0,18.0,2.2,0.9,35,1.2,620,100,Olahan,Makanan Utama,,350,I Fu Mie Seafood Ifu Mie,Crispy Fried Noodle With Seafood Gravy · I Fu Mie Seafood Ifu Mie · 1 piring · Nasional/Seafood · src:Recipe calc · conf:medium
idn-indomie-goreng,Indomie Goreng,205.4,4.3,7.6,29.2,2.7,1.1,22,3.0,578,100,Olahan,Makanan Utama,,185,Indomie Goreng Original Indomie Mi Goreng Mi Goreng Indomie,Indomie Fried Instant Noodles · Indomie Goreng Original Indomie Mi Goreng Mi Goreng Indomie · 1 bungkus matang (85 g mentah) · Nasional/Mie Instan · src:FatSecret ID · conf:high
idn-indomie-goreng-aceh,Indomie Goreng Aceh,220.5,4.6,9.2,29.2,3.1,1.0,23,2.8,667,100,Olahan,Makanan Utama,,195,Indomie Aceh Indomie Mi Goreng Aceh,Indomie Fried Noodles Aceh Flavour · Indomie Aceh Indomie Mi Goreng Aceh · 1 bungkus matang (90 g mentah) · Nasional/Mie Instan · src:FatSecret ID · conf:high
idn-indomie-goreng-cabe-ijo,Indomie Goreng Cabe Ijo,210.8,4.3,8.6,28.1,2.2,1.1,22,3.0,595,100,Olahan,Makanan Utama,,185,Indomie Cabe Ijo Indomie Mi Goreng Cabe Ijo,Indomie Fried Noodles Green Chilli Flavour · Indomie Cabe Ijo Indomie Mi Goreng Cabe Ijo · 1 bungkus matang (85 g mentah) · Nasional/Mie Instan · src:FatSecret ID · conf:medium
idn-indomie-goreng-iga-penyet,Indomie Goreng Iga Penyet,210.8,4.3,8.1,29.7,2.7,1.1,22,3.0,622,100,Olahan,Makanan Utama,,185,Indomie Mi Goreng Iga Penyet,Indomie Fried Noodles Smashed Beef Rib Flavour · Indomie Mi Goreng Iga Penyet · 1 bungkus matang (85 g mentah) · Nasional/Mie Instan · src:Estimate · conf:medium
idn-indomie-goreng-jumbo,Indomie Goreng Jumbo,203.6,4.7,7.6,29.1,2.5,1.1,20,2.7,487,100,Olahan,Makanan Utama,,275,Indomie Jumbo Indomie Mi Goreng Jumbo,Indomie Fried Instant Noodles Jumbo · Indomie Jumbo Indomie Mi Goreng Jumbo · 1 bungkus matang (129 g mentah) · Nasional/Mie Instan · src:FatSecret ID · conf:high
idn-indomie-goreng-pedas,Indomie Goreng Pedas,210.8,4.3,8.1,29.2,2.7,1.1,22,3.0,622,100,Olahan,Makanan Utama,,185,Indomie Goreng Extra Pedas Indomie Mi Goreng Pedas,Indomie Spicy Fried Instant Noodles · Indomie Goreng Extra Pedas Indomie Mi Goreng Pedas · 1 bungkus matang (85 g mentah) · Nasional/Mie Instan · src:FatSecret ID · conf:high
idn-indomie-goreng-rasa-ayam-panggang,Indomie Goreng Rasa Ayam Panggang,205.4,4.3,7.6,29.2,2.7,1.1,22,3.0,595,100,Olahan,Makanan Utama,,185,Indomie Mi Goreng Ayam Panggang,Indomie Fried Noodles Grilled Chicken Flavour · Indomie Mi Goreng Ayam Panggang · 1 bungkus matang (85 g mentah) · Nasional/Mie Instan · src:Estimate · conf:medium
idn-indomie-goreng-rasa-cakalang,Indomie Goreng Rasa Cakalang,210.8,4.9,8.1,29.2,2.2,1.1,22,3.0,622,100,Olahan,Makanan Utama,,185,Indomie Mi Goreng Cakalang,Indomie Fried Noodles Skipjack Tuna Flavour · Indomie Mi Goreng Cakalang · 1 bungkus matang (85 g mentah) · Nasional/Mie Instan · src:FatSecret ID · conf:medium
idn-indomie-goreng-rendang,Indomie Goreng Rendang,225.6,4.6,9.7,29.7,3.1,1.0,23,2.8,641,100,Olahan,Makanan Utama,,195,Indomie Mi Goreng Rendang Indomie Rendang,Indomie Fried Noodles Rendang Flavour · Indomie Mi Goreng Rendang Indomie Rendang · 1 bungkus matang (91 g mentah) · Nasional/Mie Instan · src:FatSecret ID · conf:high
idn-indomie-goreng-telur-warmindo,Indomie Goreng Telur Warmindo,197.0,6.5,9.0,22.0,2.0,1.0,18,1.5,465,100,Olahan,Makanan Utama,,245,Indomie Goreng Telur Ceplok Indomie Telor Intel,Warung Style Fried Instant Noodles With Egg · Indomie Goreng Telur Ceplok Indomie Telor Intel · 1 piring (245 g) · Nasional/Mie Instan · src:Recipe calc · conf:medium
idn-indomie-hype-abis-ayam-geprek,Indomie Hype Abis Ayam Geprek,221.6,4.3,9.2,29.7,2.7,1.1,22,3.0,622,100,Olahan,Makanan Utama,,185,Indomie Ayam Geprek Indomie Goreng Ayam Geprek,Indomie Hype Abis Smashed Fried Chicken Noodles · Indomie Ayam Geprek Indomie Goreng Ayam Geprek · 1 bungkus matang (85 g mentah) · Nasional/Mie Instan · src:FatSecret ID · conf:high
idn-indomie-kuah-ayam-bawang,Indomie Kuah Ayam Bawang,81.6,1.8,2.9,11.6,0.5,0.5,9,1.3,250,100,Olahan,Makanan Utama,,380,Indomie Ayam Bawang Indomie Rebus Ayam Bawang,Indomie Onion Chicken Instant Noodle Soup · Indomie Ayam Bawang Indomie Rebus Ayam Bawang · 1 bungkus matang dengan kuah (69 g mentah) · Nasional/Mie Instan · src:FatSecret ID · conf:high
idn-indomie-kuah-ayam-spesial,Indomie Kuah Ayam Spesial,86.8,1.8,3.7,11.8,0.5,0.5,9,1.3,250,100,Olahan,Makanan Utama,,380,Indomie Ayam Spesial Indomie Rasa Ayam Spesial,Indomie Special Chicken Instant Noodle Soup · Indomie Ayam Spesial Indomie Rasa Ayam Spesial · 1 bungkus matang dengan kuah (75 g mentah) · Nasional/Mie Instan · src:FatSecret ID · conf:high
idn-indomie-kuah-baso-sapi,Indomie Kuah Baso Sapi,84.2,1.8,3.4,11.3,0.8,0.5,9,1.3,250,100,Olahan,Makanan Utama,,380,Indomie Baso Sapi Indomie Rasa Baso Sapi,Indomie Beef Meatball Instant Noodle Soup · Indomie Baso Sapi Indomie Rasa Baso Sapi · 1 bungkus matang dengan kuah (70 g mentah) · Nasional/Mie Instan · src:NilaiGizi · conf:high
idn-indomie-kuah-kaldu-ayam,Indomie Kuah Kaldu Ayam,86.8,1.8,3.2,12.6,0.5,0.5,9,1.3,237,100,Olahan,Makanan Utama,,380,Indomie Kaldu Ayam Indomie Rasa Kaldu Ayam,Indomie Chicken Broth Instant Noodle Soup · Indomie Kaldu Ayam Indomie Rasa Kaldu Ayam · 1 bungkus matang dengan kuah (75 g mentah) · Nasional/Mie Instan · src:FatSecret ID · conf:high
idn-indomie-kuah-kari-ayam,Indomie Kuah Kari Ayam,86.8,1.8,3.7,11.6,0.8,0.5,9,1.3,263,100,Olahan,Makanan Utama,,380,Indomie Kari Ayam Indomie Rasa Kari Ayam,Indomie Chicken Curry Instant Noodle Soup · Indomie Kari Ayam Indomie Rasa Kari Ayam · 1 bungkus matang dengan kuah (72 g mentah) · Nasional/Mie Instan · src:FatSecret ID · conf:high
idn-indomie-kuah-kornet-warmindo,Indomie Kuah Kornet Warmindo,107.0,4.0,5.0,11.5,1.0,0.6,18,1.3,315,100,Olahan,Makanan Utama,,460,Indomie Kuah Kornet Inkuh Mie Kuah Kornet Warmindo,Warung Style Instant Noodle Soup With Corned Beef · Indomie Kuah Kornet Inkuh Mie Kuah Kornet Warmindo · 1 mangkok (460 g) · Nasional/Mie Instan · src:Recipe calc · conf:medium
idn-indomie-kuah-mi-keriting-ayam-panggang,Indomie Kuah Mi Keriting Ayam Panggang,100.0,2.2,4.0,13.8,0.8,0.5,10,1.4,288,100,Olahan,Makanan Utama,,400,Indomie Keriting Kuah Indomie Mi Keriting Ayam Panggang,Indomie Curly Noodle Grilled Chicken Soup · Indomie Keriting Kuah Indomie Mi Keriting Ayam Panggang · 1 bungkus matang dengan kuah (90 g mentah) · Nasional/Mie Instan · src:FatSecret ID · conf:medium
idn-indomie-kuah-soto-mie,Indomie Kuah Soto Mie,86.8,1.8,3.2,12.9,0.5,0.5,9,1.3,237,100,Olahan,Makanan Utama,,380,Indomie Rasa Soto Indomie Soto Mie,Indomie Soto Instant Noodle Soup · Indomie Rasa Soto Indomie Soto Mie · 1 bungkus matang dengan kuah (70 g mentah) · Nasional/Mie Instan · src:FatSecret ID · conf:high
idn-indomie-kuah-soto-spesial,Indomie Kuah Soto Spesial,86.8,1.8,3.4,12.4,0.5,0.5,9,1.3,250,100,Olahan,Makanan Utama,,380,Indomie Soto Spesial,Indomie Special Soto Instant Noodle Soup · Indomie Soto Spesial · 1 bungkus matang dengan kuah (75 g mentah) · Nasional/Mie Instan · src:FatSecret ID · conf:medium
idn-indomie-mi-goreng-salted-egg,Indomie Mi Goreng Salted Egg,215.4,4.6,9.2,28.2,2.6,1.0,26,2.8,615,100,Olahan,Makanan Utama,,195,Indomie Goreng Salted Egg Indomie Telur Asin,Indomie Fried Noodles Salted Egg Flavour · Indomie Goreng Salted Egg Indomie Telur Asin · 1 bungkus matang (90 g mentah) · Nasional/Mie Instan · src:Estimate · conf:medium
idn-indomie-mi-keriting-goreng-spesial,Indomie Mi Keriting Goreng Spesial,215.4,4.6,8.7,29.7,2.6,1.0,23,2.8,590,100,Olahan,Makanan Utama,,195,Indomie Keriting Goreng Mi Keriting Goreng Spesial,Indomie Curly Fried Instant Noodles Special · Indomie Keriting Goreng Mi Keriting Goreng Spesial · 1 bungkus matang (90 g mentah) · Nasional/Mie Instan · src:FatSecret ID · conf:medium
idn-indomie-real-meat-ayam-jamur,Indomie Real Meat Ayam Jamur,192.0,4.8,9.6,22.0,1.6,1.2,18,2.2,480,100,Olahan,Makanan Utama,,250,Indomie Real Meat Ayam Jamur Kuah,Indomie Real Meat Chicken Mushroom Instant Noodles · Indomie Real Meat Ayam Jamur Kuah · 1 bungkus matang (110 g mentah) · Nasional/Mie Instan · src:FatSecret ID · conf:medium
idn-indomie-real-meat-rendang,Indomie Real Meat Rendang,196.0,5.2,9.6,21.6,1.6,1.2,18,2.2,500,100,Olahan,Makanan Utama,,250,Indomie Real Meat Rendang Sapi,Indomie Real Meat Rendang Instant Noodles · Indomie Real Meat Rendang Sapi · 1 bungkus matang (110 g mentah) · Nasional/Mie Instan · src:FatSecret ID · conf:medium
idn-indomie-rebus-telur-burjo,Indomie Rebus Telur Burjo,99.0,3.6,4.5,11.0,1.0,0.6,20,1.2,220,100,Olahan,Makanan Utama,,470,Indomie Kuah Telur Burjo Mie Rebus Telur Warmindo,Warung Style Instant Noodle Soup With Egg · Indomie Kuah Telur Burjo Mie Rebus Telur Warmindo · 1 mangkok (470 g) · Nasional/Mie Instan · src:Recipe calc · conf:medium
idn-kentang-instan-bubuk-siap-saji,Kentang Instan Bubuk Siap Saji,86.1,1.9,2.5,13.9,1.1,1.1,31,0.3,328,100,Olahan,Makanan Utama,,180,Kentang Tumbuk Instan Mashed Potato Instan,Instant Mashed Potato Prepared · Kentang Tumbuk Instan Mashed Potato Instan · 1 porsi matang (35 g bubuk) · Nasional/Serealia & Umbi · src:Estimate · conf:medium
idn-kentang-rebus-dingin,Kentang Rebus Dingin,87.0,1.9,0.1,20.1,0.9,1.8,8,0.3,4,100,Olahan,Makanan Utama,,150,Kentang Dingin Resistant Starch Kentang Rebus Didinginkan,Cold Boiled Potato · Kentang Dingin Resistant Starch Kentang Rebus Didinginkan · 1 porsi (150 g) · Nasional/Serealia & Umbi · src:USDA analog · conf:high
idn-kwetiau-goreng-seafood,Kwetiau Goreng Seafood,200.0,8.0,6.5,27.5,2.3,1.0,40,1.3,680,100,Olahan,Makanan Utama,,320,Kwetiau Seafood Goreng,Seafood Fried Flat Rice Noodles · Kwetiau Seafood Goreng · 1 piring · Nasional/Seafood · src:Recipe calc · conf:medium
idn-kwetiau-instan-goreng,Kwetiau Instan Goreng,188.6,3.4,6.9,28.6,2.3,1.1,14,1.1,543,100,Olahan,Makanan Utama,,175,Kwetiau Goreng Instan Kwetiau Instan,Instant Fried Flat Rice Noodles · Kwetiau Goreng Instan Kwetiau Instan · 1 bungkus matang (75 g mentah) · Nasional/Mie Instan · src:Estimate · conf:medium
idn-kwetiau-kuah-seafood,Kwetiau Kuah Seafood,100.0,5.5,3.0,12.5,1.5,0.7,35,0.9,600,100,Olahan,Makanan Utama,,400,Kwetiau Kuah Kwetiau Sup Seafood,Seafood Flat Rice Noodle Soup · Kwetiau Kuah Kwetiau Sup Seafood · 1 mangkok · Nasional/Seafood · src:Recipe calc · conf:medium
idn-kwetiau-sapi,Kwetiau Sapi,209.0,8.5,7.5,27.0,2.6,1.0,25,1.8,660,100,Olahan,Makanan Utama,,320,Kwetiau Daging Kwetiau Goreng Sapi,Beef Fried Flat Rice Noodles · Kwetiau Daging Kwetiau Goreng Sapi · 1 piring · Nasional/Daging Sapi · src:Recipe calc · conf:medium
idn-kwetiau-siram-seafood-resto,Kwetiau Siram Seafood Resto,145.0,7.0,5.0,18.0,1.4,0.9,26,1.0,640,100,Olahan,Makanan Utama,,350,Kwetiau Kuah Kental Seafood Kwetiau Siram Seafood,Restaurant Seafood Gravy Flat Noodle · Kwetiau Kuah Kental Seafood Kwetiau Siram Seafood · 1 porsi (350 g) · Nasional/Seafood · src:Recipe calc · conf:medium
idn-lasagna-daging-sapi,Lasagna Daging Sapi,187.0,10.0,9.0,17.0,3.0,1.4,120,1.2,420,100,Olahan,Makanan Utama,,273,Beef Lasagne Lasagna Sapi,Beef Lasagna · Beef Lasagne Lasagna Sapi · 1 potong (273 g) · Nasional/Daging Sapi · src:FatSecret ID · conf:high
idn-lemonilo-mie-goreng,Lemonilo Mie Goreng,171.4,4.6,3.4,30.3,2.3,1.7,20,1.1,537,100,Olahan,Makanan Utama,,175,Lemonilo Goreng Mie Lemonilo Goreng,Lemonilo Fried Instant Noodles · Lemonilo Goreng Mie Lemonilo Goreng · 1 bungkus matang (77 g mentah) · Nasional/Mie Instan · src:NilaiGizi · conf:high
idn-lemonilo-mie-kuah-ayam-bawang,Lemonilo Mie Kuah Ayam Bawang,70.3,1.9,1.4,12.7,0.8,0.8,9,0.5,243,100,Olahan,Makanan Utama,,370,Lemonilo Ayam Bawang Mie Lemonilo Ayam Bawang,Lemonilo Onion Chicken Instant Noodle Soup · Lemonilo Ayam Bawang Mie Lemonilo Ayam Bawang · 1 bungkus matang dengan kuah (70 g mentah) · Nasional/Mie Instan · src:NilaiGizi · conf:high
idn-lemonilo-mie-kuah-kari-ayam,Lemonilo Mie Kuah Kari Ayam,73.0,1.9,1.6,12.7,0.8,0.8,9,0.5,243,100,Olahan,Makanan Utama,,370,Lemonilo Kari Ayam Mie Lemonilo Kari Ayam,Lemonilo Chicken Curry Instant Noodle Soup · Lemonilo Kari Ayam Mie Lemonilo Kari Ayam · 1 bungkus matang dengan kuah (70 g mentah) · Nasional/Mie Instan · src:NilaiGizi · conf:high
idn-lomie,Lomie,135.0,6.5,4.5,17.0,2.4,1.0,30,1.2,640,100,Olahan,Makanan Utama,,380,Lo Mie Lomi,Thick Gravy Noodles · Lo Mie Lomi · 1 mangkok · Nasional/Mie & Bihun · src:Recipe calc · conf:medium
idn-lontong-opor-ayam,Lontong Opor Ayam,130.0,5.5,6.0,13.5,2.0,1.0,35,1.0,460,100,Olahan,Makanan Utama,,350,Ketupat Opor Ayam Lontong Opor,Rice Cake With Chicken In Coconut Sauce · Ketupat Opor Ayam Lontong Opor · 1 piring · Nasional/Ayam · src:Recipe calc · conf:high
idn-mac-and-cheese,Mac And Cheese,212.0,8.5,10.0,22.0,3.0,1.0,180,0.9,460,100,Olahan,Makanan Utama,,200,Macaroni Cheese Makaroni Keju,Macaroni And Cheese · Macaroni Cheese Makaroni Keju · 1 porsi (200 g) · Nasional/Mie & Bihun · src:USDA analog · conf:medium
idn-mashed-potato-saus-gravy,Mashed Potato Saus Gravy,105.0,2.2,4.0,15.0,1.4,1.2,26,0.4,380,100,Olahan,Makanan Utama,,120,Kentang Tumbuk Gravy Mashed Potato Resto,Mashed Potato With Gravy · Kentang Tumbuk Gravy Mashed Potato Resto · 1 cup kecil (120 g) · Nasional/Bumbu & Saus · src:FatSecret ID · conf:high
idn-mie-ayam-bakso,Mie Ayam Bakso,138.0,6.5,5.8,14.5,1.6,1.0,25,1.2,620,100,Olahan,Makanan Utama,,380,Mi Ayam Bakso Mie Ayam Plus Bakso,Chicken Noodles With Meatballs · Mi Ayam Bakso Mie Ayam Plus Bakso · 1 mangkok · Nasional/Ayam · src:Recipe calc · conf:high
idn-mie-ayam-ceker,Mie Ayam Ceker,140.0,7.0,6.5,13.8,1.4,0.9,30,1.2,620,100,Olahan,Makanan Utama,,400,Mi Ayam Ceker,Chicken Noodles With Chicken Feet · Mi Ayam Ceker · 1 mangkok · Nasional/Ayam · src:Recipe calc · conf:medium
idn-mie-ayam-jamur,Mie Ayam Jamur,132.0,6.0,5.5,14.5,1.5,1.2,24,1.1,600,100,Olahan,Makanan Utama,,380,Mi Ayam Jamur,Chicken Noodles With Mushroom · Mi Ayam Jamur · 1 mangkok · Nasional/Sayuran · src:Recipe calc · conf:high
idn-mie-ayam-pangsit,Mie Ayam Pangsit,145.0,6.8,6.3,15.0,1.6,1.0,25,1.2,640,100,Olahan,Makanan Utama,,380,Mi Ayam Pangsit Mie Pangsit Ayam,Chicken Noodles With Wontons · Mi Ayam Pangsit Mie Pangsit Ayam · 1 mangkok · Nasional/Ayam · src:Recipe calc · conf:high
idn-mie-dok-dok,Mie Dok Dok,136.0,5.5,4.5,18.5,1.8,1.1,26,1.1,560,100,Olahan,Makanan Utama,,350,Mi Dokdok Mie Dok-Dok,Street Cart Noodle Soup · Mi Dokdok Mie Dok-Dok · 1 mangkok · Nasional/Mie & Bihun · src:Recipe calc · conf:medium
idn-mie-gaga-100-goreng,Mie Gaga 100 Goreng,210.8,4.3,8.6,29.2,2.7,1.1,19,2.2,568,100,Olahan,Makanan Utama,,185,Gaga 100 Goreng Mie Gaga Goreng,Mie Gaga 100 Fried Instant Noodles · Gaga 100 Goreng Mie Gaga Goreng · 1 bungkus matang (85 g mentah) · Nasional/Mie Instan · src:Estimate · conf:medium
idn-mie-gaga-kuah-ayam-bawang,Mie Gaga Kuah Ayam Bawang,81.6,1.8,3.2,11.6,0.8,0.5,9,1.1,258,100,Olahan,Makanan Utama,,380,Gaga Ayam Bawang Mie Gaga 100 Ayam Bawang,Mie Gaga Onion Chicken Instant Noodle Soup · Gaga Ayam Bawang Mie Gaga 100 Ayam Bawang · 1 bungkus matang dengan kuah (70 g mentah) · Nasional/Mie Instan · src:Estimate · conf:medium
idn-mie-goreng-ayam,Mie Goreng Ayam,200.0,8.0,6.5,27.5,2.4,1.4,30,1.4,620,100,Olahan,Makanan Utama,,300,Mi Goreng Ayam,Chicken Fried Noodles · Mi Goreng Ayam · 1 piring · Nasional/Ayam · src:Recipe calc · conf:medium
idn-mie-goreng-jawa,Mie Goreng Jawa,202.0,8.0,6.5,28.0,2.5,1.5,30,1.5,620,100,Olahan,Makanan Utama,,300,Mi Goreng Jawa Mie Goreng,Javanese Fried Noodles · Mi Goreng Jawa Mie Goreng · 1 piring · Nasional/Mie & Bihun · src:FatSecret ID · conf:high
idn-mie-goreng-sayur,Mie Goreng Sayur,183.0,5.5,5.5,28.0,2.8,2.0,35,1.4,580,100,Olahan,Makanan Utama,,300,Mi Goreng Sayur Mie Goreng Vegetarian,Vegetable Fried Noodles · Mi Goreng Sayur Mie Goreng Vegetarian · 1 piring · Nasional/Mie & Bihun · src:Recipe calc · conf:medium
idn-mie-goreng-seafood,Mie Goreng Seafood,194.0,8.5,6.0,26.5,2.2,1.4,40,1.4,640,100,Olahan,Makanan Utama,,320,Mi Goreng Seafood Mie Goreng Udang Cumi,Seafood Fried Noodles · Mi Goreng Seafood Mie Goreng Udang Cumi · 1 piring · Nasional/Seafood · src:Recipe calc · conf:medium
idn-mie-instan-goreng-jumbo,Mie Instan Goreng Jumbo,218.0,7.0,9.5,26.5,2.6,1.2,20,1.5,850,100,Olahan,Makanan Utama,,260,Indomie Goreng Jumbo Mie Goreng Jumbo,Jumbo Instant Fried Noodles · Indomie Goreng Jumbo Mie Goreng Jumbo · 1 porsi · Nasional/Mie Instan · src:FatSecret ID · conf:high
idn-mie-instan-goreng-kornet,Mie Instan Goreng Kornet,225.0,8.0,10.5,25.0,2.5,1.1,22,1.6,490,100,Olahan,Makanan Utama,,270,Indomie Goreng Kornet,Instant Fried Noodles With Corned Beef · Indomie Goreng Kornet · 1 porsi · Nasional/Mie Instan · src:Recipe calc · conf:medium
idn-mie-instan-goreng-telur,Mie Instan Goreng Telur,214.0,7.5,9.5,25.0,2.5,1.2,30,1.6,780,100,Olahan,Makanan Utama,,250,Indomie Goreng Telur Mie Goreng Instan Telur,Instant Fried Noodles With Egg · Indomie Goreng Telur Mie Goreng Instan Telur · 1 porsi · Nasional/Mie Instan · src:Recipe calc · conf:high
idn-mie-instan-kuah-telur,Mie Instan Kuah Telur,130.0,5.0,6.0,14.0,1.5,0.7,25,1.0,750,100,Olahan,Makanan Utama,,400,Indomie Kuah Telur Mie Instan Rebus Telur,Instant Noodle Soup With Egg · Indomie Kuah Telur Mie Instan Rebus Telur · 1 mangkok · Nasional/Mie Instan · src:Recipe calc · conf:high
idn-mie-rebus-jawa,Mie Rebus Jawa,128.0,5.5,4.0,17.5,1.8,1.0,25,1.0,520,100,Olahan,Makanan Utama,,350,Bakmi Rebus Mi Rebus Jawa,Javanese Boiled Noodle Soup · Bakmi Rebus Mi Rebus Jawa · 1 mangkok · Nasional/Mie & Bihun · src:Recipe calc · conf:high
idn-mie-sedaap-cup-goreng,Mie Sedaap Cup Goreng,222.9,4.6,9.1,30.9,2.9,1.1,23,2.6,600,100,Olahan,Makanan Utama,,175,Mie Sedaap Cup Mie Sedap Cup Mi Goreng,Mie Sedaap Cup Fried Noodles · Mie Sedaap Cup Mie Sedap Cup Mi Goreng · 1 cup matang (81 g mentah) · Nasional/Mie Instan · src:FatSecret ID · conf:high
idn-mie-sedaap-cup-soto,Mie Sedaap Cup Soto,119.4,2.3,4.8,16.5,1.3,0.6,13,1.5,323,100,Olahan,Makanan Utama,,310,Mie Sedap Cup Mie Kuah Soto,Mie Sedaap Cup Soto Noodle Soup · Mie Sedap Cup Mie Kuah Soto · 1 cup matang dengan kuah (77 g mentah) · Nasional/Mie Instan · src:FatSecret ID · conf:high
idn-mie-sedaap-goreng,Mie Sedaap Goreng,220.5,4.1,8.7,31.8,3.6,1.0,21,2.6,564,100,Olahan,Makanan Utama,,195,Mie Sedaap Mi Goreng Mie Sedap Goreng,Mie Sedaap Fried Instant Noodles · Mie Sedaap Mi Goreng Mie Sedap Goreng · 1 bungkus matang (90 g mentah) · Nasional/Mie Instan · src:NilaiGizi · conf:high
idn-mie-sedaap-goreng-ayam-krispi,Mie Sedaap Goreng Ayam Krispi,220.0,4.0,9.0,30.5,3.0,1.0,20,2.5,575,100,Olahan,Makanan Utama,,200,Mie Sedaap Goreng Kriuk Mie Sedap Ayam Krispi,Mie Sedaap Fried Noodles Crispy Chicken · Mie Sedaap Goreng Kriuk Mie Sedap Ayam Krispi · 1 bungkus matang (92 g mentah) · Nasional/Mie Instan · src:NilaiGizi · conf:medium
idn-mie-sedaap-kari-ayam,Mie Sedaap Kari Ayam,89.5,1.8,3.7,12.1,0.8,0.5,9,1.3,263,100,Olahan,Makanan Utama,,380,Mie Sedaap Kari Spesial Mie Sedap Kari Ayam,Mie Sedaap Chicken Curry Noodle Soup · Mie Sedaap Kari Spesial Mie Sedap Kari Ayam · 1 bungkus matang dengan kuah (72 g mentah) · Nasional/Mie Instan · src:FatSecret ID · conf:high
idn-mie-sedaap-korean-cheese-buldak,Mie Sedaap Korean Cheese Buldak,210.5,4.2,8.4,29.5,3.2,1.1,29,2.6,658,100,Olahan,Makanan Utama,,190,Mie Sedap Korean Cheese Buldak,Mie Sedaap Korean Cheese Buldak Noodles · Mie Sedap Korean Cheese Buldak · 1 bungkus matang (86 g mentah) · Nasional/Mie Instan · src:FatSecret ID · conf:medium
idn-mie-sedaap-korean-spicy-chicken,Mie Sedaap Korean Spicy Chicken,215.8,4.2,8.4,30.5,3.2,1.1,21,2.6,632,100,Olahan,Makanan Utama,,190,Mie Sedaap Korean Spicy Mie Sedap Korean Spicy Chicken,Mie Sedaap Korean Spicy Chicken Noodles · Mie Sedaap Korean Spicy Mie Sedap Korean Spicy Chicken · 1 bungkus matang (87 g mentah) · Nasional/Mie Instan · src:FatSecret ID · conf:high
idn-mie-sedaap-kuah-ayam-bawang,Mie Sedaap Kuah Ayam Bawang,84.2,1.8,3.2,11.8,0.8,0.5,9,1.3,263,100,Olahan,Makanan Utama,,380,Mie Sedap Ayam Bawang,Mie Sedaap Onion Chicken Noodle Soup · Mie Sedap Ayam Bawang · 1 bungkus matang dengan kuah (71 g mentah) · Nasional/Mie Instan · src:FatSecret ID · conf:high
idn-mie-sedaap-kuah-baso-spesial,Mie Sedaap Kuah Baso Spesial,89.5,1.8,3.4,12.6,0.8,0.5,9,1.3,276,100,Olahan,Makanan Utama,,380,Mie Sedaap Baso Mie Sedap Baso Spesial,Mie Sedaap Special Meatball Noodle Soup · Mie Sedaap Baso Mie Sedap Baso Spesial · 1 bungkus matang dengan kuah (75 g mentah) · Nasional/Mie Instan · src:NilaiGizi · conf:high
idn-mie-sedaap-kuah-soto,Mie Sedaap Kuah Soto,89.5,1.8,3.4,12.6,0.8,0.5,9,1.3,263,100,Olahan,Makanan Utama,,380,Mie Sedaap Rasa Soto Mie Sedap Soto,Mie Sedaap Soto Noodle Soup · Mie Sedaap Rasa Soto Mie Sedap Soto · 1 bungkus matang dengan kuah (76 g mentah) · Nasional/Mie Instan · src:FatSecret ID · conf:high
idn-mie-sedaap-selection-korean-spicy-soup,Mie Sedaap Selection Korean Spicy Soup,100.0,2.0,4.2,13.5,1.2,0.5,10,1.2,300,100,Olahan,Makanan Utama,,400,Mie Sedaap Selection Mie Sedap Selection Korean Spicy,Mie Sedaap Selection Korean Spicy Noodle Soup · Mie Sedaap Selection Mie Sedap Selection Korean Spicy · 1 bungkus matang dengan kuah (81 g mentah) · Nasional/Mie Instan · src:NilaiGizi · conf:medium
idn-mie-sedaap-white-curry,Mie Sedaap White Curry,97.5,2.2,4.8,11.2,1.0,0.5,11,1.2,275,100,Olahan,Makanan Utama,,400,Mie Sedaap Kuah Kari Putih Mie Sedap White Curry,Mie Sedaap White Curry Noodle Soup · Mie Sedaap Kuah Kari Putih Mie Sedap White Curry · 1 bungkus matang dengan kuah (81 g mentah) · Nasional/Mie Instan · src:FatSecret ID · conf:high
idn-mie-tek-tek-goreng,Mie Tek-Tek Goreng,200.0,7.5,6.5,28.0,2.8,1.4,30,1.5,660,100,Olahan,Makanan Utama,,300,Mi Tektek Goreng Mie Tek Tek,Street Cart Fried Noodles · Mi Tektek Goreng Mie Tek Tek · 1 piring · Nasional/Mie & Bihun · src:Recipe calc · conf:medium
idn-mie-telur-burung-dara-rebus,Mie Telur Burung Dara Rebus,142.0,4.8,1.2,28.0,0.6,1.2,12,1.0,180,100,Olahan,Makanan Utama,,250,Mi Telur Cap Burung Dara Mie Burung Dara,Burung Dara Egg Noodles Boiled · Mi Telur Cap Burung Dara Mie Burung Dara · 1 porsi (dari 100 g mie kering) · Nasional/Mie Instan · src:Recipe calc · conf:medium
idn-muesli,Muesli,350.0,9.7,5.9,66.0,20.0,7.7,60,3.0,30,100,Olahan,Makanan Utama,,45,Musli Sereal Muesli Swiss Muesli,Muesli · Musli Sereal Muesli Swiss Muesli · 1 porsi (45 g) · Nasional/Bubur · src:USDA analog · conf:medium
idn-nasi-ayam-bakar-komplit,Nasi Ayam Bakar Komplit,193.0,9.5,6.5,24.5,3.0,1.2,28,1.3,500,100,Olahan,Makanan Utama,,330,Nasi Ayam Bakar,Rice With Grilled Chicken And Sides · Nasi Ayam Bakar · 1 piring · Nasional/Ayam · src:Recipe calc · conf:high
idn-nasi-ayam-geprek,Nasi Ayam Geprek,205.0,10.0,8.5,22.0,1.2,1.0,25,1.2,560,100,Olahan,Makanan Utama,,320,Ayam Geprek Nasi Nasi Geprek,Rice With Smashed Crispy Chicken · Ayam Geprek Nasi Nasi Geprek · 1 piring · Nasional/Ayam · src:Recipe calc · conf:high
idn-nasi-ayam-goreng-lalapan,Nasi Ayam Goreng Lalapan,205.0,10.0,8.5,22.5,1.5,1.4,28,1.3,430,100,Olahan,Makanan Utama,,330,Nasi Ayam Goreng Sambal Nasi Ayam Lalapan,Rice With Fried Chicken And Raw Vegetables · Nasi Ayam Goreng Sambal Nasi Ayam Lalapan · 1 piring · Nasional/Ayam · src:Recipe calc · conf:high
idn-nasi-ayam-hainan-resto,Nasi Ayam Hainan Resto,196.0,9.0,7.0,24.0,0.8,0.6,14,1.0,520,100,Olahan,Makanan Utama,,350,Hainanese Chicken Rice Nasi Hainam Resto,Restaurant Hainanese Chicken Rice · Hainanese Chicken Rice Nasi Hainam Resto · 1 porsi (350 g) · Nasional/Ayam · src:Recipe calc · conf:medium
idn-nasi-ayam-katsu,Nasi Ayam Katsu,206.0,9.5,8.0,24.0,2.0,0.9,25,1.1,520,100,Olahan,Makanan Utama,,330,Nasi Chicken Katsu Nasi Katsu,Rice With Chicken Katsu · Nasi Chicken Katsu Nasi Katsu · 1 piring · Nasional/Ayam · src:Recipe calc · conf:medium
idn-nasi-ayam-kremes,Nasi Ayam Kremes,216.0,9.5,9.5,23.5,1.4,1.0,28,1.3,450,100,Olahan,Makanan Utama,,330,Nasi Ayam Kremes Komplit,Rice With Crispy-Flake Fried Chicken · Nasi Ayam Kremes Komplit · 1 piring · Nasional/Ayam · src:Recipe calc · conf:medium
idn-nasi-bakar-ayam-suwir,Nasi Bakar Ayam Suwir,180.0,6.5,5.5,26.0,1.5,1.0,30,1.1,420,100,Olahan,Makanan Utama,,250,Nasi Bakar Ayam Nasi Bakar Suwir,Grilled Banana-Leaf Rice With Shredded Chicken · Nasi Bakar Ayam Nasi Bakar Suwir · 1 bungkus · Nasional/Ayam · src:Recipe calc · conf:medium
idn-nasi-bakar-cumi,Nasi Bakar Cumi,165.0,7.0,5.5,22.0,1.4,0.9,26,1.1,430,100,Olahan,Makanan Utama,,250,Nasi Bakar Cumi Pedas Sego Bakar Cumi,Banana-Leaf Grilled Rice With Squid · Nasi Bakar Cumi Pedas Sego Bakar Cumi · 1 bungkus (250 g) · Nasional/Seafood · src:Recipe calc · conf:medium
idn-nasi-bakar-teri-kemangi,Nasi Bakar Teri Kemangi,178.0,6.5,5.0,26.5,1.4,1.1,70,1.3,520,100,Olahan,Makanan Utama,,250,Nasi Bakar Teri,Grilled Banana-Leaf Rice With Anchovy And Basil · Nasi Bakar Teri · 1 bungkus · Nasional/Sayuran · src:Recipe calc · conf:medium
idn-nasi-bebek-sambal-hijau,Nasi Bebek Sambal Hijau,223.0,10.0,10.5,22.5,1.5,1.2,30,1.6,500,100,Olahan,Makanan Utama,,330,Nasi Bebek Cabe Ijo Nasi Bebek Goreng,Rice With Fried Duck And Green Chilli Sambal · Nasi Bebek Cabe Ijo Nasi Bebek Goreng · 1 piring · Nasional/Bebek & Unggas · src:Recipe calc · conf:medium
idn-nasi-biryani-ayam,Nasi Biryani Ayam,205.0,9.0,8.0,24.5,2.0,1.2,30,1.4,470,100,Olahan,Makanan Utama,,350,Nasi Beriani Ayam Nasi Briyani,Indonesian-Style Chicken Biryani · Nasi Beriani Ayam Nasi Briyani · 1 piring · Nasional/Ayam · src:Recipe calc · conf:medium
idn-nasi-box-rendang,Nasi Box Rendang,237.0,9.5,11.0,25.0,3.0,1.5,40,1.6,500,100,Olahan,Makanan Utama,,400,Nasi Box Rendang Sapi Nasi Kotak Rendang,Boxed Rice Meal With Beef Rendang · Nasi Box Rendang Sapi Nasi Kotak Rendang · 1 kotak (400 g) · Nasional/Daging Sapi · src:Recipe calc · conf:medium
idn-nasi-campur,Nasi Campur,186.0,7.5,6.5,24.5,2.0,1.3,35,1.4,420,100,Olahan,Makanan Utama,,350,Nasi Campur Warung Nasi Rames Campur,Mixed Rice Plate · Nasi Campur Warung Nasi Rames Campur · 1 piring · Nasional/Nasi · src:Recipe calc · conf:medium
idn-nasi-campur-kantin,Nasi Campur Kantin,195.0,8.5,7.0,25.0,3.0,1.5,45,1.3,470,100,Olahan,Makanan Utama,,350,Nasi Campur Kantor Nasi Kantin,Canteen Mixed Rice Plate · Nasi Campur Kantor Nasi Kantin · 1 piring (350 g) · Nasional/Nasi · src:Recipe calc · conf:medium
idn-nasi-goreng-ati-ampela,Nasi Goreng Ati Ampela,182.0,8.0,6.5,23.0,1.6,0.8,25,3.0,500,100,Olahan,Makanan Utama,,320,Nasgor Ati Ampela,Fried Rice With Chicken Liver And Gizzard · Nasgor Ati Ampela · 1 piring · Nasional/Nasi · src:Recipe calc · conf:medium
idn-nasi-goreng-ayam,Nasi Goreng Ayam,176.0,7.0,6.0,23.5,1.5,0.8,22,1.0,450,100,Olahan,Makanan Utama,,300,Nasgor Ayam,Chicken Fried Rice · Nasgor Ayam · 1 piring · Nasional/Ayam · src:Recipe calc · conf:high
idn-nasi-goreng-bakso,Nasi Goreng Bakso,185.0,6.5,7.0,24.0,1.8,0.8,25,1.2,540,100,Olahan,Makanan Utama,,320,Nasgor Bakso,Meatball Fried Rice · Nasgor Bakso · 1 piring · Nasional/Nasi · src:Recipe calc · conf:medium
idn-nasi-goreng-hongkong,Nasi Goreng Hongkong,184.0,7.5,6.5,24.0,1.8,0.9,25,1.2,520,100,Olahan,Makanan Utama,,320,Nasgor Hongkong Nasi Goreng Hong Kong,Hong Kong Style Fried Rice · Nasgor Hongkong Nasi Goreng Hong Kong · 1 piring · Nasional/Nasi · src:Recipe calc · conf:medium
idn-nasi-goreng-ikan-asin,Nasi Goreng Ikan Asin,180.0,7.0,6.5,23.5,1.4,0.8,45,1.2,700,100,Olahan,Makanan Utama,,300,Nasgor Ikan Asin,Salted Fish Fried Rice · Nasgor Ikan Asin · 1 piring · Nasional/Ikan · src:Recipe calc · conf:medium
idn-nasi-goreng-kampung,Nasi Goreng Kampung,168.0,5.0,5.5,24.0,1.5,0.8,20,1.0,420,100,Olahan,Makanan Utama,,300,Nasgor Kampung Nasi Goreng Biasa,Village-Style Fried Rice · Nasgor Kampung Nasi Goreng Biasa · 1 piring · Nasional/Nasi · src:FatSecret ID · conf:high
idn-nasi-goreng-kecap,Nasi Goreng Kecap,174.0,5.0,5.5,26.0,4.0,0.7,22,1.1,520,100,Olahan,Makanan Utama,,300,Nasgor Kecap Nasi Goreng Manis,Sweet Soy Fried Rice · Nasgor Kecap Nasi Goreng Manis · 1 piring · Nasional/Nasi · src:Recipe calc · conf:medium
idn-nasi-goreng-pete,Nasi Goreng Pete,180.0,6.5,6.5,24.0,1.6,1.6,25,1.2,460,100,Olahan,Makanan Utama,,300,Nasgor Pete Nasi Goreng Petai,Fried Rice With Stink Beans · Nasgor Pete Nasi Goreng Petai · 1 piring · Nasional/Nasi · src:Recipe calc · conf:medium
idn-nasi-goreng-rendang,Nasi Goreng Rendang,205.0,8.5,9.0,22.5,2.0,1.0,30,1.8,520,100,Olahan,Makanan Utama,,320,Nasgor Rendang,Rendang Fried Rice · Nasgor Rendang · 1 piring · Nasional/Daging Sapi · src:Recipe calc · conf:medium
idn-nasi-goreng-resto-western,Nasi Goreng Resto Western,192.0,6.0,8.0,24.0,1.6,1.0,20,1.0,560,100,Olahan,Makanan Utama,,300,Fried Rice Resto Nasi Goreng Kafe,Restaurant Style Fried Rice · Fried Rice Resto Nasi Goreng Kafe · 1 porsi (300 g) · Nasional/Nasi · src:Recipe calc · conf:medium
idn-nasi-goreng-salted-egg,Nasi Goreng Salted Egg,205.0,7.0,9.5,23.0,2.0,0.7,40,1.3,620,100,Olahan,Makanan Utama,,300,Nasgor Telur Asin Nasi Goreng Telur Asin,Salted Egg Fried Rice · Nasgor Telur Asin Nasi Goreng Telur Asin · 1 piring · Nasional/Telur · src:Recipe calc · conf:medium
idn-nasi-goreng-sayur,Nasi Goreng Sayur,160.0,4.5,5.0,24.5,2.0,1.5,25,1.0,400,100,Olahan,Makanan Utama,,300,Nasgor Sayur Nasi Goreng Vegetarian,Vegetable Fried Rice · Nasgor Sayur Nasi Goreng Vegetarian · 1 piring · Nasional/Nasi · src:Recipe calc · conf:medium
idn-nasi-goreng-seafood-resto,Nasi Goreng Seafood Resto,186.0,8.0,7.0,23.0,1.4,0.9,30,1.0,600,100,Olahan,Makanan Utama,,300,Fried Rice Seafood Nasgor Seafood Resto,Restaurant Seafood Fried Rice · Fried Rice Seafood Nasgor Seafood Resto · 1 porsi (300 g) · Nasional/Seafood · src:Recipe calc · conf:medium
idn-nasi-goreng-sosis,Nasi Goreng Sosis,195.0,6.5,8.5,23.0,2.2,0.7,25,1.1,560,100,Olahan,Makanan Utama,,300,Nasgor Sosis,Sausage Fried Rice · Nasgor Sosis · 1 piring · Nasional/Nasi · src:Recipe calc · conf:medium
idn-nasi-goreng-spesial,Nasi Goreng Spesial,190.0,7.5,7.5,23.0,1.8,0.9,28,1.3,480,100,Olahan,Makanan Utama,,320,Nasgor Spesial Nasi Goreng Komplit,Special Fried Rice With Egg And Chicken · Nasgor Spesial Nasi Goreng Komplit · 1 piring · Nasional/Nasi · src:Recipe calc · conf:high
idn-nasi-goreng-terasi,Nasi Goreng Terasi,172.0,5.5,6.0,24.0,1.5,0.8,30,1.1,560,100,Olahan,Makanan Utama,,300,Nasgor Terasi,Shrimp Paste Fried Rice · Nasgor Terasi · 1 piring · Nasional/Nasi · src:Recipe calc · conf:medium
idn-nasi-goreng-warmindo,Nasi Goreng Warmindo,193.0,5.5,7.5,26.0,2.5,1.0,22,1.2,540,100,Olahan,Makanan Utama,,300,Nasgor Warmindo Nasi Goreng Burjo,Warung Style Fried Rice · Nasgor Warmindo Nasi Goreng Burjo · 1 piring (300 g) · Nasional/Nasi · src:Recipe calc · conf:medium
idn-nasi-hainan-ayam,Nasi Hainan Ayam,195.0,9.0,7.0,24.0,1.0,0.6,20,1.0,480,100,Olahan,Makanan Utama,,350,Hainanese Chicken Rice Nasi Ayam Hainan,Hainanese Chicken Rice · Hainanese Chicken Rice Nasi Ayam Hainan · 1 piring · Nasional/Ayam · src:Recipe calc · conf:medium
idn-nasi-ikan-goreng-sambal,Nasi Ikan Goreng Sambal,188.0,9.5,6.5,23.0,1.5,1.1,45,1.2,470,100,Olahan,Makanan Utama,,320,Nasi Ikan Goreng Nasi Ikan Sambal,Rice With Fried Fish And Sambal · Nasi Ikan Goreng Nasi Ikan Sambal · 1 piring · Nasional/Ikan · src:Recipe calc · conf:medium
idn-nasi-instan-kemasan,Nasi Instan Kemasan,141.0,2.8,0.4,31.0,0.2,0.6,8,0.4,180,100,Olahan,Makanan Utama,,200,Instant Rice Kemasan Nasi Instant,Packaged Instant Cooked Rice · Instant Rice Kemasan Nasi Instant · 1 kemasan matang · Nasional/Nasi · src:Estimate · conf:medium
idn-nasi-kari-katsu,Nasi Kari Katsu,202.0,8.5,8.0,24.5,3.0,1.2,30,1.2,480,100,Olahan,Makanan Utama,,350,Katsu Curry Rice Nasi Katsu Kari,Rice With Katsu And Japanese Curry · Katsu Curry Rice Nasi Katsu Kari · 1 piring · Nasional/Ayam · src:Recipe calc · conf:medium
idn-nasi-kotak-ayam-bakar,Nasi Kotak Ayam Bakar,199.0,9.5,7.0,25.0,4.0,1.3,35,1.3,500,100,Olahan,Makanan Utama,,400,Nasi Box Ayam Bakar Nasi Kotak Ayam Panggang,Boxed Rice Meal With Grilled Chicken · Nasi Box Ayam Bakar Nasi Kotak Ayam Panggang · 1 kotak (400 g) · Nasional/Ayam · src:Recipe calc · conf:medium
idn-nasi-kotak-ayam-goreng,Nasi Kotak Ayam Goreng,213.0,9.0,9.0,24.0,2.5,1.3,35,1.3,480,100,Olahan,Makanan Utama,,400,Nasi Box Ayam Goreng Nasi Kotak Ayam,Boxed Rice Meal With Fried Chicken · Nasi Box Ayam Goreng Nasi Kotak Ayam · 1 kotak (400 g) · Nasional/Ayam · src:Recipe calc · conf:medium
idn-nasi-kuning-bungkus-daun,Nasi Kuning Bungkus Daun,207.0,5.0,7.5,30.0,2.0,1.2,30,1.2,380,100,Olahan,Makanan Utama,,250,Nasi Kuning Bungkus Nasi Kuning Pagi,Banana Leaf Wrapped Yellow Rice · Nasi Kuning Bungkus Nasi Kuning Pagi · 1 bungkus (250 g) · Nasional/Nasi · src:Recipe calc · conf:medium
idn-nasi-kuning-komplit,Nasi Kuning Komplit,192.0,7.0,7.0,25.5,2.2,1.1,35,1.3,430,100,Olahan,Makanan Utama,,300,Nasi Kuning Lengkap Sego Kuning,Complete Yellow Turmeric Rice Plate · Nasi Kuning Lengkap Sego Kuning · 1 piring · Nasional/Nasi · src:Recipe calc · conf:medium
idn-nasi-mandhi-kambing,Nasi Mandhi Kambing,210.0,9.5,8.5,24.0,1.5,1.0,30,1.8,460,100,Olahan,Makanan Utama,,350,Nasi Mandhi Nasi Mandi,Goat Mandi Rice · Nasi Mandhi Nasi Mandi · 1 piring · Nasional/Kambing · src:Recipe calc · conf:medium
idn-nasi-putih-porsi-resto,Nasi Putih Porsi Resto,128.0,2.6,0.3,28.0,0.1,0.4,10,0.3,3,100,Olahan,Makanan Utama,,180,Nasi Putih Fast Food Nasi Resto,Restaurant Steamed White Rice · Nasi Putih Fast Food Nasi Resto · 1 porsi (180 g) · Nasional/Nasi · src:FatSecret ID · conf:high
idn-nasi-rendang,Nasi Rendang,214.0,8.5,9.5,24.0,1.8,1.2,35,1.9,480,100,Olahan,Makanan Utama,,330,Nasi Rendang Sapi,Rice With Beef Rendang · Nasi Rendang Sapi · 1 piring · Nasional/Daging Sapi · src:Recipe calc · conf:medium
idn-nasi-sarden-warmindo,Nasi Sarden Warmindo,173.0,7.0,5.0,25.0,2.5,0.9,60,1.4,420,100,Olahan,Makanan Utama,,320,Nasi Ikan Kaleng Nasi Sarden Burjo,Rice With Canned Sardine In Tomato Sauce · Nasi Ikan Kaleng Nasi Sarden Burjo · 1 piring (320 g) · Nasional/Ikan · src:Recipe calc · conf:medium
idn-nasi-telur-burjo,Nasi Telur Burjo,184.0,5.5,6.5,26.0,2.0,0.7,25,1.0,400,100,Olahan,Makanan Utama,,300,Nasi Telor Burjo Nasi Telur Ceplok Warmindo,Rice With Fried Egg And Sweet Soy Burjo Style · Nasi Telor Burjo Nasi Telur Ceplok Warmindo · 1 piring (300 g) · Nasional/Telur · src:Recipe calc · conf:medium
idn-nigiri-salmon,Nigiri Salmon,155.0,8.0,3.5,23.0,2.5,0.5,10,0.4,180,100,Olahan,Makanan Utama,,60,Sushi Nigiri Salmon,Salmon Nigiri Sushi · Sushi Nigiri Salmon · 2 potong (60 g) · Nasional/Ikan · src:USDA analog · conf:medium
idn-nigiri-tuna,Nigiri Tuna,148.0,9.0,1.8,23.0,2.5,0.5,10,0.5,180,100,Olahan,Makanan Utama,,60,Sushi Nigiri Tuna,Tuna Nigiri Sushi · Sushi Nigiri Tuna · 2 potong (60 g) · Nasional/Ikan · src:USDA analog · conf:medium
idn-nissin-cup-noodle-seafood,Nissin Cup Noodle Seafood,110.0,2.3,4.3,15.3,1.0,0.7,12,1.0,333,100,Olahan,Makanan Utama,,300,Cup Noodle Seafood Nissin Cup Noodles Seafood,Nissin Cup Noodles Seafood · Cup Noodle Seafood Nissin Cup Noodles Seafood · 1 cup matang dengan kuah (74 g) · Nasional/Mie Instan · src:Estimate · conf:low
idn-nissin-gekikara-ramen-hot-chicken,Nissin Gekikara Ramen Hot Chicken,200.0,4.0,7.4,29.1,2.3,1.1,20,1.7,629,100,Olahan,Makanan Utama,,175,Gekikara Ramen Hot Chicken Nissin Gekikara,Nissin Gekikara Hot Chicken Ramen · Gekikara Ramen Hot Chicken Nissin Gekikara · 1 bungkus matang (80 g mentah) · Nasional/Mie Instan · src:FatSecret ID · conf:medium
idn-nissin-ramen-kari,Nissin Ramen Kari,92.1,1.8,3.9,12.1,0.8,0.5,9,0.8,263,100,Olahan,Makanan Utama,,380,Nissin Kari Nissin Ramen Curry,Nissin Curry Ramen Instant Noodles · Nissin Kari Nissin Ramen Curry · 1 bungkus matang dengan kuah (76 g mentah) · Nasional/Mie Instan · src:FatSecret ID · conf:medium
idn-oatmeal-dengan-susu,Oatmeal Dengan Susu,111.0,4.7,3.8,14.8,4.5,1.6,60,0.9,25,100,Olahan,Makanan Utama,,250,Havermut Susu Oat Susu Oatmeal Susu,Oatmeal Cooked With Milk · Havermut Susu Oat Susu Oatmeal Susu · 1 mangkok (250 g) · Nasional/Roti & Pastry · src:Recipe calc · conf:high
idn-omelet-mie-instan-warmindo,Omelet Mie Instan Warmindo,216.0,8.0,12.0,19.0,1.5,0.9,30,1.6,640,100,Olahan,Makanan Utama,,180,Mie Telur Dadar Warmindo Omelet Indomie,Instant Noodle Omelette · Mie Telur Dadar Warmindo Omelet Indomie · 1 porsi (180 g) · Nasional/Mie Instan · src:Recipe calc · conf:medium
idn-overnight-oats,Overnight Oats,161.0,5.9,5.0,24.1,6.0,4.4,75,1.4,20,100,Olahan,Makanan Utama,,210,Oat Rendam Semalam Overnight Oat Susu,Overnight Oats · Oat Rendam Semalam Overnight Oat Susu · 1 cup (210 g) · Nasional/Bubur · src:Recipe calc · conf:medium
idn-pangsit-kuah,Pangsit Kuah,95.0,5.0,3.5,10.5,1.0,0.5,20,0.7,620,100,Olahan,Makanan Utama,,300,Pangsit Rebus Kuah Sup Pangsit,Wonton Soup · Pangsit Rebus Kuah Sup Pangsit · 1 mangkok · Nasional/Bakso · src:Recipe calc · conf:medium
idn-pasta-gandum-masak,Pasta Gandum Masak,124.0,5.3,0.5,26.5,0.8,4.5,15,1.3,4,100,Olahan,Makanan Utama,,180,Pasta Whole Wheat Spaghetti Gandum Masak,Cooked Whole Wheat Pasta · Pasta Whole Wheat Spaghetti Gandum Masak · 1 porsi (180 g) · Nasional/Mie & Bihun · src:USDA analog · conf:high
idn-pizza-keju-per-potong,Pizza Keju Per Potong,268.0,11.0,10.0,33.0,3.5,2.0,190,2.0,560,100,Olahan,Makanan Utama,,95,Pizza Cheese Pizza Keju Slice,Cheese Pizza Slice · Pizza Cheese Pizza Keju Slice · 1 potong (95 g) · Nasional/Hidangan Utama · src:FatSecret ID · conf:medium
idn-pizza-meat-lovers-per-potong,Pizza Meat Lovers Per Potong,281.0,13.0,13.0,29.0,3.2,1.9,160,2.1,720,100,Olahan,Makanan Utama,,128,Pizza Daging Pizza Meat Lover,Meat Lovers Pizza Slice · Pizza Daging Pizza Meat Lover · 1 potong (128 g) · Nasional/Hidangan Utama · src:FatSecret ID · conf:high
idn-pizza-pepperoni-per-potong,Pizza Pepperoni Per Potong,285.0,12.0,12.0,32.0,3.4,2.0,170,2.1,700,100,Olahan,Makanan Utama,,95,Pizza Pepperoni Slice,Pepperoni Pizza Slice · Pizza Pepperoni Slice · 1 potong (95 g) · Nasional/Hidangan Utama · src:FatSecret ID · conf:medium
idn-pizza-tuna-per-potong,Pizza Tuna Per Potong,278.0,13.0,11.0,32.0,3.2,1.9,150,2.0,600,100,Olahan,Makanan Utama,,90,Pizza Ikan Tuna Pizza Tuna Melt,Tuna Pizza Slice · Pizza Ikan Tuna Pizza Tuna Melt · 1 potong (90 g) · Nasional/Ikan · src:FatSecret ID · conf:medium
idn-pop-mie-ayam-pedas,Pop Mie Ayam Pedas,120.0,2.0,5.3,15.3,1.3,1.0,12,1.2,350,100,Olahan,Makanan Utama,,300,Pop Mie Kuah Pedes Dower Popmie Ayam Pedas,Pop Mie Spicy Chicken Cup Noodles · Pop Mie Kuah Pedes Dower Popmie Ayam Pedas · 1 cup matang dengan kuah (75 g) · Nasional/Mie Instan · src:FatSecret ID · conf:high
idn-pop-mie-goreng-spesial,Pop Mie Goreng Spesial,228.6,4.0,10.3,28.6,2.9,1.1,20,2.0,629,100,Olahan,Makanan Utama,,175,Pop Mie Mi Goreng Popmie Goreng,Pop Mie Special Fried Cup Noodles · Pop Mie Mi Goreng Popmie Goreng · 1 cup matang (80 g) · Nasional/Mie Instan · src:FatSecret ID · conf:high
idn-pop-mie-kari-ayam,Pop Mie Kari Ayam,120.0,2.0,5.0,16.3,1.3,0.7,12,1.2,350,100,Olahan,Makanan Utama,,300,Pop Mie Rasa Kari Ayam Popmie Kari Ayam,Pop Mie Chicken Curry Cup Noodles · Pop Mie Rasa Kari Ayam Popmie Kari Ayam · 1 cup matang dengan kuah (75 g) · Nasional/Mie Instan · src:FatSecret ID · conf:high
idn-pop-mie-mini-rasa-ayam,Pop Mie Mini Rasa Ayam,100.0,1.8,4.1,13.5,1.2,0.6,12,1.1,294,100,Olahan,Makanan Utama,,170,Pop Mie Mini Popmie Mini,Pop Mie Mini Chicken Cup Noodles · Pop Mie Mini Popmie Mini · 1 cup mini matang dengan kuah (38 g) · Nasional/Mie Instan · src:FatSecret ID · conf:high
idn-pop-mie-rasa-ayam,Pop Mie Rasa Ayam,113.3,2.0,4.7,15.7,1.3,0.7,12,1.2,333,100,Olahan,Makanan Utama,,300,Pop Mie Ayam Popmie Ayam,Pop Mie Chicken Flavour Cup Noodles · Pop Mie Ayam Popmie Ayam · 1 cup matang dengan kuah (75 g) · Nasional/Mie Instan · src:FatSecret ID · conf:high
idn-pop-mie-rasa-baso,Pop Mie Rasa Baso,120.0,2.0,5.3,15.7,1.3,0.7,12,1.2,350,100,Olahan,Makanan Utama,,300,Pop Mie Baso Sapi Popmie Baso,Pop Mie Meatball Flavour Cup Noodles · Pop Mie Baso Sapi Popmie Baso · 1 cup matang dengan kuah (75 g) · Nasional/Mie Instan · src:FatSecret ID · conf:high
idn-pop-mie-rasa-soto-ayam,Pop Mie Rasa Soto Ayam,113.3,2.0,4.7,15.7,1.3,0.7,12,1.2,333,100,Olahan,Makanan Utama,,300,Pop Mie Soto Popmie Soto Ayam,Pop Mie Chicken Soto Cup Noodles · Pop Mie Soto Popmie Soto Ayam · 1 cup matang dengan kuah (77 g) · Nasional/Mie Instan · src:FatSecret ID · conf:high
idn-quaker-oatmeal-instan,Quaker Oatmeal Instan,62.5,2.2,1.2,10.8,0.2,1.7,8,0.7,2,100,Olahan,Makanan Utama,,240,Havermut Quaker Oat Quaker Matang Quaker Instan,Quaker Instant Oatmeal Cooked · Havermut Quaker Oat Quaker Matang Quaker Instan · 1 mangkok matang (40 g oat kering) · Nasional/Bubur · src:FatSecret ID · conf:high
idn-quinoa-masak,Quinoa Masak,120.0,4.4,1.9,21.3,0.9,2.8,17,1.5,7,100,Olahan,Makanan Utama,,150,Kinoa Masak Quinoa Matang,Cooked Quinoa · Kinoa Masak Quinoa Matang · 1 porsi (150 g) · Nasional/Serealia & Umbi · src:USDA analog · conf:high
idn-ramen-miso,Ramen Miso,91.0,4.8,3.5,10.0,1.2,0.8,18,0.7,375,100,Olahan,Makanan Utama,,620,Mie Ramen Miso,Miso Ramen · Mie Ramen Miso · 1 mangkok (620 g) · Nasional/Mie & Bihun · src:Estimate · conf:medium
idn-ramyeon-kuah-korea,Ramyeon Kuah Korea,106.0,3.5,4.0,14.0,1.0,0.8,12,0.8,360,100,Olahan,Makanan Utama,,500,Mie Korea Kuah Ramyun Korea,Korean Ramyeon Noodle Soup · Mie Korea Kuah Ramyun Korea · 1 panci (500 g) · Nasional/Mie & Bihun · src:Estimate · conf:medium
idn-samyang-buldak-carbonara,Samyang Buldak Carbonara,183.3,4.3,6.7,28.3,2.7,1.0,20,1.0,383,100,Olahan,Makanan Utama,,300,Samyang Carbonara Samyang Cream Carbonara,Samyang Buldak Carbonara Ramen · Samyang Carbonara Samyang Cream Carbonara · 1 bungkus matang (130 g mentah) · Nasional/Mie Instan · src:FatSecret ID · conf:high
idn-samyang-buldak-cheese,Samyang Buldak Cheese,171.9,4.1,5.6,26.9,2.5,0.9,20,0.9,391,100,Olahan,Makanan Utama,,320,Samyang Cheese Samyang Keju,Samyang Buldak Cheese Hot Chicken Ramen · Samyang Cheese Samyang Keju · 1 bungkus matang (140 g mentah) · Nasional/Mie Instan · src:FatSecret ID · conf:high
idn-samyang-buldak-hot-chicken,Samyang Buldak Hot Chicken,165.6,3.8,5.0,26.6,2.2,0.9,14,0.9,406,100,Olahan,Makanan Utama,,320,Mie Samyang Samyang Hot Chicken Ramen Samyang Original,Samyang Buldak Hot Chicken Flavour Ramen · Mie Samyang Samyang Hot Chicken Ramen Samyang Original · 1 bungkus matang (140 g mentah) · Nasional/Mie Instan · src:FatSecret ID · conf:high
idn-sarimi-ayam-bawang,Sarimi Ayam Bawang,89.5,1.8,3.7,12.1,0.8,0.5,9,1.3,263,100,Olahan,Makanan Utama,,380,Sarimi Rasa Ayam Bawang,Sarimi Onion Chicken Instant Noodle Soup · Sarimi Rasa Ayam Bawang · 1 bungkus matang dengan kuah (75 g mentah) · Nasional/Mie Instan · src:FatSecret ID · conf:high
idn-sarimi-gelas-rasa-soto-ayam,Sarimi Gelas Rasa Soto Ayam,60.0,1.0,2.5,8.5,1.0,0.5,8,0.8,200,100,Olahan,Makanan Utama,,200,Mie Gelas Sarimi Soto Sarimi Mie Gelas Soto,Sarimi Cup Chicken Soto Instant Noodles · Mie Gelas Sarimi Soto Sarimi Mie Gelas Soto · 1 gelas matang dengan kuah (27 g) · Nasional/Mie Instan · src:FatSecret ID · conf:high
idn-sarimi-isi-2-ayam-bawang,Sarimi Isi 2 Ayam Bawang,92.7,2.0,3.8,12.7,0.9,0.5,9,1.2,282,100,Olahan,Makanan Utama,,550,Sarimi Isi 2 Rasa Ayam Bawang,Sarimi Double Pack Onion Chicken Noodle Soup · Sarimi Isi 2 Rasa Ayam Bawang · 1 bungkus isi 2 matang dengan kuah (115 g mentah) · Nasional/Mie Instan · src:FatSecret ID · conf:high
idn-sarimi-isi-2-goreng-ayam-kecap,Sarimi Isi 2 Goreng Ayam Kecap,211.1,4.4,8.9,28.9,3.0,1.1,19,2.4,593,100,Olahan,Makanan Utama,,270,Sarimi Isi 2 Mi Goreng Ayam Kecap Sarimi Isi Dua Goreng,Sarimi Double Pack Fried Noodles Sweet Soy Chicken · Sarimi Isi 2 Mi Goreng Ayam Kecap Sarimi Isi Dua Goreng · 1 bungkus isi 2 matang (126 g mentah) · Nasional/Mie Instan · src:FatSecret ID · conf:high
idn-sarimi-isi-2-soto,Sarimi Isi 2 Soto,83.6,1.8,2.9,12.7,0.9,0.5,9,1.2,273,100,Olahan,Makanan Utama,,550,Sarimi Isi 2 Rasa Soto Sarimi Isi Dua Soto,Sarimi Double Pack Soto Noodle Soup · Sarimi Isi 2 Rasa Soto Sarimi Isi Dua Soto · 1 bungkus isi 2 matang dengan kuah (113 g mentah) · Nasional/Mie Instan · src:FatSecret ID · conf:high
idn-sarimi-mie-goreng,Sarimi Mie Goreng,217.6,4.1,8.8,30.6,2.9,1.2,21,2.9,618,100,Olahan,Makanan Utama,,170,Sarimi Goreng,Sarimi Fried Instant Noodles · Sarimi Goreng · 1 bungkus matang (78 g mentah) · Nasional/Mie Instan · src:FatSecret ID · conf:high
idn-sereal-cornflakes,Sereal Cornflakes,357.0,7.5,0.4,84.1,8.4,3.3,4,8.0,729,100,Olahan,Makanan Utama,,30,Corn Flakes Kering Cornflakes Sereal Jagung,Corn Flakes Cereal · Corn Flakes Kering Cornflakes Sereal Jagung · 1 mangkok (30 g) · Nasional/Bubur · src:USDA analog · conf:medium
idn-spaghetti-aglio-olio,Spaghetti Aglio Olio,196.0,6.0,8.5,24.0,1.2,1.8,18,1.1,300,100,Olahan,Makanan Utama,,250,Aglio Olio Pasta Aglio Olio,Spaghetti Aglio E Olio · Aglio Olio Pasta Aglio Olio · 1 porsi (250 g) · Nasional/Mie & Bihun · src:Recipe calc · conf:medium
idn-spaghetti-carbonara,Spaghetti Carbonara,200.0,7.5,10.0,20.0,2.0,1.2,60,1.0,420,100,Olahan,Makanan Utama,,280,Pasta Carbonara Spageti Karbonara,Spaghetti Carbonara · Pasta Carbonara Spageti Karbonara · 1 porsi (280 g) · Nasional/Mie & Bihun · src:FatSecret ID · conf:medium
idn-super-bubur-kuah-kari,Super Bubur Kuah Kari,72.0,1.6,1.6,12.4,1.2,0.4,10,0.6,300,100,Olahan,Makanan Utama,,250,Bubur Instan Kari Super Bubur Kari,Super Bubur Instant Porridge With Curry Broth · Bubur Instan Kari Super Bubur Kari · 1 mangkok matang (46 g bubuk) · Nasional/Bubur · src:FatSecret ID · conf:high
idn-super-bubur-kuah-soto,Super Bubur Kuah Soto,76.0,1.6,2.0,12.4,1.2,0.4,10,0.6,300,100,Olahan,Makanan Utama,,250,Bubur Instan Soto Super Bubur Soto,Super Bubur Instant Porridge With Soto Broth · Bubur Instan Soto Super Bubur Soto · 1 mangkok matang (46 g bubuk) · Nasional/Bubur · src:FatSecret ID · conf:high
idn-super-bubur-rasa-ayam,Super Bubur Rasa Ayam,69.4,1.6,1.2,12.7,1.2,0.4,10,0.6,286,100,Olahan,Makanan Utama,,245,Bubur Instan Super Bubur Ayam Super Bubur Ayam,Super Bubur Instant Chicken Rice Porridge · Bubur Instan Super Bubur Ayam Super Bubur Ayam · 1 mangkok matang (45 g bubuk) · Nasional/Ayam · src:FatSecret ID · conf:high
idn-supermi-ayam-bawang,Supermi Ayam Bawang,89.5,1.8,3.7,12.1,0.8,0.5,9,1.3,263,100,Olahan,Makanan Utama,,380,Supermi Rasa Ayam Bawang,Supermi Onion Chicken Instant Noodle Soup · Supermi Rasa Ayam Bawang · 1 bungkus matang dengan kuah (75 g mentah) · Nasional/Mie Instan · src:FatSecret ID · conf:high
idn-supermi-goreng-ayam,Supermi Goreng Ayam,205.1,4.1,8.2,28.7,2.6,1.0,21,2.6,564,100,Olahan,Makanan Utama,,195,Supermi Goreng Supermi Mie Goreng Ayam,Supermi Fried Instant Noodles Chicken · Supermi Goreng Supermi Mie Goreng Ayam · 1 bungkus matang (90 g mentah) · Nasional/Mie Instan · src:FatSecret ID · conf:high
idn-supermi-kaldu-ayam,Supermi Kaldu Ayam,78.9,1.6,2.9,11.3,0.5,0.5,9,1.3,250,100,Olahan,Makanan Utama,,380,Supermi Rasa Kaldu Ayam,Supermi Chicken Broth Instant Noodle Soup · Supermi Rasa Kaldu Ayam · 1 bungkus matang dengan kuah (70 g mentah) · Nasional/Mie Instan · src:FatSecret ID · conf:high
idn-supermi-sop-buntut,Supermi Sop Buntut,92.1,1.8,3.7,12.6,0.8,0.5,9,1.3,263,100,Olahan,Makanan Utama,,380,Supermi Rasa Sop Buntut,Supermi Oxtail Soup Instant Noodles · Supermi Rasa Sop Buntut · 1 bungkus matang dengan kuah (75 g mentah) · Nasional/Mie Instan · src:FatSecret ID · conf:medium
idn-sushi-roll-salmon,Sushi Roll Salmon,151.0,7.0,3.5,23.0,3.0,0.8,14,0.5,320,100,Olahan,Makanan Utama,,180,Salmon Maki Sushi Salmon Roll,Salmon Sushi Roll · Salmon Maki Sushi Salmon Roll · 8 potong (180 g) · Nasional/Ikan · src:USDA analog · conf:medium
idn-sushi-roll-tuna,Sushi Roll Tuna,145.0,7.5,2.5,23.0,3.0,0.8,14,0.6,330,100,Olahan,Makanan Utama,,180,Sushi Tuna Roll Tuna Maki,Tuna Sushi Roll · Sushi Tuna Roll Tuna Maki · 8 potong (180 g) · Nasional/Ikan · src:USDA analog · conf:medium
idn-tempura-udon,Tempura Udon,132.0,5.0,4.5,18.0,1.0,0.9,16,0.6,380,100,Olahan,Makanan Utama,,520,Mie Udon Tempura Udang Udon Tempura,Tempura Udon Noodle Soup · Mie Udon Tempura Udang Udon Tempura · 1 mangkok (520 g) · Nasional/Seafood · src:Estimate · conf:medium
idn-udon-kuah-jepang,Udon Kuah Jepang,78.0,3.0,1.2,14.0,0.8,0.8,10,0.4,380,100,Olahan,Makanan Utama,,500,Mie Udon Kuah Udon Soup,Japanese Udon Noodle Soup · Mie Udon Kuah Udon Soup · 1 mangkok (500 g) · Nasional/Mie & Bihun · src:USDA analog · conf:medium
idn-bebalung,Bebalung,110.0,10.0,6.5,3.0,1.0,0.5,20,1.6,460,100,Olahan,Makanan Utama,,300,Bebalung Sapi Sop Bebalung Lombok,Lombok Beef Rib Soup With Chilli & Galangal · Bebalung Sapi Sop Bebalung Lombok · 1 mangkok · Nusa Tenggara Barat/Soto & Sup · src:Recipe calc · conf:medium
idn-nasi-balap-puyung,Nasi Balap Puyung,205.0,8.0,7.0,27.0,1.5,1.5,30,1.4,480,100,Olahan,Makanan Utama,,300,Nasi Balap Inaq Esun Nasi Puyung,Lombok Rice With Spicy Shredded Chicken · Nasi Balap Inaq Esun Nasi Puyung · 1 porsi · Nusa Tenggara Barat/Nasi · src:Recipe calc · conf:medium
idn-sate-bulayak,Sate Bulayak,200.0,14.0,11.0,11.0,3.0,1.2,30,2.2,520,100,Olahan,Makanan Utama,,150,Bulayak Sate Bulayak Lombok,Lombok Satay With Peanut Sauce & Coiled Rice Cake · Bulayak Sate Bulayak Lombok · 1 porsi · Nusa Tenggara Barat/Sate · src:Recipe calc · conf:medium
idn-sate-ikan-tanjung-kuah,Sate Ikan Tanjung Kuah,120.0,11.0,7.0,3.5,1.2,0.8,30,1.0,420,100,Olahan,Makanan Utama,,200,Sate Ikan Kuah Lombok Sate Tanjung Berkuah,Tanjung Fish Satay With Coconut Broth · Sate Ikan Kuah Lombok Sate Tanjung Berkuah · 1 porsi · Nusa Tenggara Barat/Sate · src:Recipe calc · conf:low
idn-sepat-sumbawa,Sepat Sumbawa,70.0,9.0,1.5,4.5,2.0,1.0,30,0.9,400,100,Olahan,Makanan Utama,,250,Sepat Sepat Ikan Sumbawa,Sumbawa Grilled Fish In Sour Mango Broth · Sepat Sepat Ikan Sumbawa · 1 mangkok · Nusa Tenggara Barat/Ikan · src:Recipe calc · conf:medium
idn-singang,Singang,80.0,10.0,2.5,4.0,1.5,0.8,30,1.0,420,100,Olahan,Makanan Utama,,250,Ikan Singang Singang Sumbawa,Sumbawa Yellow Sour Fish Soup · Ikan Singang Singang Sumbawa · 1 mangkok · Nusa Tenggara Barat/Ikan · src:Recipe calc · conf:medium
idn-ikan-kuah-asam-kupang,Ikan Kuah Asam Kupang,75.0,10.0,1.8,4.0,2.0,0.8,30,0.9,400,100,Olahan,Makanan Utama,,300,Ikan Kuah Asam Kuah Asam Kupang,Kupang Sour Fish Soup · Ikan Kuah Asam Kuah Asam Kupang · 1 mangkok · Nusa Tenggara Timur/Ikan · src:Recipe calc · conf:medium
idn-jagung-bose,Jagung Bose,115.0,4.0,3.5,17.5,1.5,3.0,30,1.2,120,100,Olahan,Makanan Utama,,250,Bose Jagung Bose NTT,Timorese Corn & Beans In Coconut Milk · Bose Jagung Bose NTT · 1 porsi · Nusa Tenggara Timur/Bubur · src:Recipe calc · conf:medium
idn-kolo,Kolo,160.0,3.0,1.5,34.0,0.5,0.6,12,0.5,180,100,Olahan,Makanan Utama,,150,Kolo Flores Nasi Bambu Kolo,Manggarai Rice Cooked In Bamboo · Kolo Flores Nasi Bambu Kolo · 1 batang · Nusa Tenggara Timur/Sayuran · src:Recipe calc · conf:medium
idn-sup-ikan-flores,Sup Ikan Flores,70.0,9.5,1.5,4.0,1.8,0.8,30,0.9,390,100,Olahan,Makanan Utama,,300,Sop Ikan Kuah Belimbing Sup Ikan Maumere,Flores Sour Fish Soup With Star Fruit · Sop Ikan Kuah Belimbing Sup Ikan Maumere · 1 mangkok · Nusa Tenggara Timur/Ikan · src:Recipe calc · conf:medium
idn-aunu-sagu,Aunu Sagu,267.0,1.2,10.0,43.0,3.0,3.5,20,0.8,40,100,Olahan,Makanan Utama,,80,Aunu Sagu Papua Sagu Aunu,Steamed Sago With Grated Coconut · Aunu Sagu Papua Sagu Aunu · 1 porsi · Papua/Bubur · src:Recipe calc · conf:medium
idn-keladi-tumbuk,Keladi Tumbuk,150.0,1.8,5.0,25.0,2.0,3.0,36,0.8,60,100,Olahan,Makanan Utama,,150,Keladi Tumbuk Papua Talas Tumbuk Kelapa,Papuan Mashed Taro With Coconut · Keladi Tumbuk Papua Talas Tumbuk Kelapa · 1 porsi (150 g) · Papua/Serealia & Umbi · src:Recipe calc · conf:medium
idn-nasi-bambu-papua,Nasi Bambu Papua,173.0,4.0,4.5,29.0,1.0,0.8,20,0.8,300,100,Olahan,Makanan Utama,,200,Nasi Bakar Bambu Papua Nasi Bulu,Rice Cooked In Bamboo Tube · Nasi Bakar Bambu Papua Nasi Bulu · 1 porsi · Papua/Nasi · src:Recipe calc · conf:low
idn-petatas-bakar,Petatas Bakar,130.0,1.8,0.3,30.0,9.0,3.0,30,0.7,25,100,Olahan,Makanan Utama,,150,Petatas Papua Ubi Bakar Papua,Roasted Papuan Sweet Potato · Petatas Papua Ubi Bakar Papua · 1 buah · Papua/Bubur · src:Recipe calc · conf:high
idn-sagu-bakar,Sagu Bakar,325.0,2.0,5.0,68.0,6.0,3.5,30,1.0,30,100,Olahan,Makanan Utama,,70,Sagu Bakar Papua Sagu Panggang,Baked Sago Block With Coconut & Kenari · Sagu Bakar Papua Sagu Panggang · 1 potong · Papua/Bubur · src:Recipe calc · conf:medium
idn-papeda-bungkus,Papeda Bungkus,145.0,0.5,0.3,35.0,0.3,1.5,15,0.5,20,100,Olahan,Makanan Utama,,120,Papeda Bungkus Sorong Papeda Daun Forest,Sago Paste Wrapped In Forest Leaf · Papeda Bungkus Sorong Papeda Daun Forest · 1 bungkus · Papua Barat/Roti & Pastry · src:Recipe calc · conf:medium
idn-mie-lendir,Mie Lendir,165.0,6.0,5.5,23.0,4.5,1.8,35,1.4,450,100,Olahan,Makanan Utama,,250,Mi Lendir Batam Mie Lendir Tanjungpinang,Riau Noodles With Sweet Potato Peanut Gravy · Mi Lendir Batam Mie Lendir Tanjungpinang · 1 piring · Riau/Mie & Bihun · src:Recipe calc · conf:medium
idn-mie-sagu-selatpanjang,Mie Sagu Selatpanjang,155.0,4.5,5.0,23.0,1.5,0.8,25,0.8,470,100,Olahan,Makanan Utama,,250,Mi Sagu Mie Sagu Riau,Riau Sago Noodles Stir-Fry · Mi Sagu Mie Sagu Riau · 1 piring · Riau/Mie & Bihun · src:Recipe calc · conf:medium
idn-roti-jala,Roti Jala,195.0,6.0,6.5,27.0,2.5,0.8,55,1.2,200,100,Olahan,Makanan Utama,,50,Roti Jala Melayu Roti Kirai,Malay Lace Crepe · Roti Jala Melayu Roti Kirai · 2 lembar · Riau/Roti & Pastry · src:Recipe calc · conf:medium
idn-jepa,Jepa,230.0,2.0,6.0,42.0,3.0,3.0,30,1.0,60,100,Olahan,Makanan Utama,,80,Jepa Mandar Jepa Sagu Kelapa,Mandar Cassava Coconut Flatbread · Jepa Mandar Jepa Sagu Kelapa · 1 lembar (80 g) · Sulawesi Barat/Roti & Pastry · src:Recipe calc · conf:medium
idn-barobbo,Barobbo,85.0,3.5,1.5,15.0,2.4,1.8,26,0.8,320,100,Olahan,Makanan Utama,,300,Barobbo Makassar Bubur Jagung Barobbo,Makassar Corn And Vegetable Porridge · Barobbo Makassar Bubur Jagung Barobbo · 1 mangkok (300 g) · Sulawesi Selatan/Bubur · src:Recipe calc · conf:medium
idn-buras,Buras,160.0,2.6,5.0,26.0,0.8,0.8,15,0.5,250,100,Olahan,Makanan Utama,,80,Buras Makassar Burasa,Rice Cooked In Coconut Milk & Banana Leaf · Buras Makassar Burasa · 1 buah · Sulawesi Selatan/Nasi · src:Recipe calc · conf:high
idn-coto-kuda,Coto Kuda,110.0,12.0,5.0,4.5,1.0,0.3,18,2.6,470,100,Olahan,Makanan Utama,,300,Coto Jarang Coto Kuda Jeneponto,Makassarese Horse Meat Soup · Coto Jarang Coto Kuda Jeneponto · 1 mangkok · Sulawesi Selatan/Soto & Sup · src:Recipe calc · conf:medium
idn-gogos,Gogos,195.0,5.0,6.0,30.0,1.0,0.8,18,0.8,300,100,Olahan,Makanan Utama,,90,Gogos Makassar Gogoso,Grilled Glutinous Rice Roll With Fish Floss · Gogos Makassar Gogoso · 1 buah · Sulawesi Selatan/Nasi · src:Recipe calc · conf:medium
idn-mie-titi,Mie Titi,195.0,7.0,9.0,21.0,1.5,1.0,25,1.4,560,100,Olahan,Makanan Utama,,300,Mi Titi Mie Kering Makassar,Makassarese Crispy Noodles With Thick Gravy · Mi Titi Mie Kering Makassar · 1 piring · Sulawesi Selatan/Mie & Bihun · src:Recipe calc · conf:medium
idn-nasi-goreng-merah,Nasi Goreng Merah,182.0,6.5,6.5,24.5,3.5,0.9,24,1.2,480,100,Olahan,Makanan Utama,,320,Nasgor Merah Nasi Goreng Saus Tomat,Makassar Red Fried Rice · Nasgor Merah Nasi Goreng Saus Tomat · 1 piring · Sulawesi Selatan/Nasi · src:Recipe calc · conf:medium
idn-pallubasa,Pallubasa,155.0,11.0,10.0,5.0,1.2,0.6,25,2.2,500,100,Olahan,Makanan Utama,,300,Pallu Basa Serigala Palubasa,Makassarese Beef Soup With Toasted Coconut · Pallu Basa Serigala Palubasa · 1 mangkok · Sulawesi Selatan/Soto & Sup · src:Recipe calc · conf:high
idn-songkolo-begadang,Songkolo Begadang,205.0,5.0,6.0,32.0,3.0,1.5,20,1.0,220,100,Olahan,Makanan Utama,,200,Sokko Begadang Songkolo Bagadang,Steamed Black Glutinous Rice With Coconut Floss · Sokko Begadang Songkolo Bagadang · 1 porsi · Sulawesi Selatan/Sayuran · src:Recipe calc · conf:medium
idn-sop-konro,Sop Konro,105.0,9.0,6.0,4.0,1.0,0.4,20,1.6,460,100,Olahan,Makanan Utama,,350,Konro Kuah Sup Konro,Makassarese Beef Rib Soup · Konro Kuah Sup Konro · 1 mangkok · Sulawesi Selatan/Soto & Sup · src:Recipe calc · conf:high
idn-sop-saudara,Sop Saudara,115.0,8.0,6.5,6.5,1.0,0.5,22,1.6,470,100,Olahan,Makanan Utama,,350,Soto Saudara Pangkep Sup Saudara,Makassarese Beef Soup With Vermicelli · Soto Saudara Pangkep Sup Saudara · 1 mangkok · Sulawesi Selatan/Soto & Sup · src:Recipe calc · conf:medium
idn-sop-ubi-makassar,Sop Ubi Makassar,110.0,5.0,4.5,12.5,1.0,1.2,20,0.9,380,100,Olahan,Makanan Utama,,300,Sop Ubi Sup Ubi Makassar,Makassar Cassava And Vermicelli Soup · Sop Ubi Sup Ubi Makassar · 1 mangkok (300 g) · Sulawesi Selatan/Soto & Sup · src:Recipe calc · conf:medium
idn-kasoami,Kasoami,165.0,0.8,0.3,40.0,1.5,1.8,25,0.8,10,100,Olahan,Makanan Utama,,150,Kasoami Buton Kasuami,Buton Steamed Grated Cassava Cone · Kasoami Buton Kasuami · 1 buah · Sulawesi Tenggara/Bubur · src:Recipe calc · conf:medium
idn-lapa-lapa,Lapa-Lapa,160.0,2.6,5.2,25.5,0.8,0.6,14,0.5,210,100,Olahan,Makanan Utama,,80,Lapa Lapa Lepa-Lepa,Buton Rice Cooked In Coconut Milk · Lapa Lapa Lepa-Lepa · 1 buah · Sulawesi Tenggara/Nasi · src:Recipe calc · conf:medium
idn-sinonggi,Sinonggi,105.0,0.3,0.1,26.0,0.2,0.3,8,0.5,5,100,Olahan,Makanan Utama,,200,Papeda Sagu Tolaki Sinonggi Kendari,Kendari Sago Porridge · Papeda Sagu Tolaki Sinonggi Kendari · 1 porsi · Sulawesi Tenggara/Bubur · src:Recipe calc · conf:medium
idn-midal,Midal,95.0,2.8,2.0,16.5,1.6,1.8,30,1.0,380,100,Olahan,Makanan Utama,,350,Bubur Midal Tinutuan Mie,Manado Porridge With Noodles · Bubur Midal Tinutuan Mie · 1 mangkok · Sulawesi Utara/Bubur · src:Recipe calc · conf:medium
idn-mie-cakalang,Mie Cakalang,176.0,8.5,6.5,21.0,1.2,1.2,22,1.2,480,100,Olahan,Makanan Utama,,300,Mie Cakalang Manado,Skipjack Noodles · Mie Cakalang Manado · 1 porsi · Sulawesi Utara/Ikan · src:Recipe calc · conf:medium
idn-nasi-goreng-cakalang,Nasi Goreng Cakalang,198.0,9.0,7.5,23.5,1.6,1.0,25,1.2,520,100,Olahan,Makanan Utama,,280,Nasi Goreng Ikan Cakalang,Skipjack Fried Rice · Nasi Goreng Ikan Cakalang · 1 porsi · Sulawesi Utara/Ikan · src:Recipe calc · conf:medium
idn-nasi-jaha,Nasi Jaha,204.0,3.0,7.5,31.0,1.5,1.2,15,0.7,220,100,Olahan,Makanan Utama,,80,Nasi Bulu Manado Nasi Jahe,Glutinous Rice Cooked In Bamboo · Nasi Bulu Manado Nasi Jahe · 1 potong · Sulawesi Utara/Nasi · src:Recipe calc · conf:high
idn-nasi-kuning-manado,Nasi Kuning Manado,189.0,6.5,6.0,27.0,1.2,1.0,20,1.0,350,100,Olahan,Makanan Utama,,250,Nasi Kuning Cakalang,Manado Yellow Rice With Skipjack · Nasi Kuning Cakalang · 1 porsi · Sulawesi Utara/Nasi · src:Recipe calc · conf:medium
idn-tinutuan,Tinutuan,68.0,2.0,0.5,14.0,1.8,2.2,35,0.9,240,100,Olahan,Makanan Utama,,350,Bubur Manado Bubur Tinutuan Tinotuan,Manado Vegetable Rice Porridge · Bubur Manado Bubur Tinutuan Tinotuan · 1 mangkok · Sulawesi Utara/Bubur · src:Recipe calc · conf:high
idn-katupek-gulai-paku,Katupek Gulai Paku,128.0,3.5,6.0,15.0,1.6,1.8,46,1.3,350,100,Olahan,Makanan Utama,,320,Katupek Gulai Tunjang Katupek Pitalah Ketupat Gulai Pakis,Rice Cake With Fern Curry · Katupek Gulai Tunjang Katupek Pitalah Ketupat Gulai Pakis · 1 porsi · Sumatera Barat/Nasi · src:Recipe calc · conf:medium
idn-lontong-pical,Lontong Pical,147.0,5.0,7.0,16.0,3.4,2.2,45,1.2,330,100,Olahan,Makanan Utama,,320,Katupek Pical Lontong Pecal Padang,Rice Cake With Minang Peanut Sauce · Katupek Pical Lontong Pecal Padang · 1 porsi · Sumatera Barat/Nasi · src:Recipe calc · conf:medium
idn-lontong-sayur-padang,Lontong Sayur Padang,113.8,3.2,5.0,14.0,1.8,1.4,32,0.9,340,100,Olahan,Makanan Utama,,350,Lontong Gulai Padang Lontong Sayua,Rice Cake With Coconut Vegetable Curry · Lontong Gulai Padang Lontong Sayua · 1 porsi · Sumatera Barat/Nasi · src:Recipe calc · conf:high
idn-martabak-kubang,Martabak Kubang,298.0,12.0,18.0,22.0,2.0,1.4,40,2.2,520,100,Olahan,Makanan Utama,,120,Martabak Kubang Hayuda Martabak Mesir Martabak Padang,Kubang Minced Beef Stuffed Pancake · Martabak Kubang Hayuda Martabak Mesir Martabak Padang · 1 potong · Sumatera Barat/Martabak · src:Recipe calc · conf:medium
idn-nasi-kapau,Nasi Kapau,206.5,8.5,8.5,24.0,1.6,1.4,30,1.6,380,100,Olahan,Makanan Utama,,350,Nasi Ampera Kapau Nasi Kapau Bukittinggi,Bukittinggi Kapau Rice Plate · Nasi Ampera Kapau Nasi Kapau Bukittinggi · 1 piring · Sumatera Barat/Nasi · src:Recipe calc · conf:medium
idn-nasi-padang-ayam-gulai,Nasi Padang Ayam Gulai,177.0,9.1,6.6,21.0,1.9,1.3,30,1.7,425,100,Olahan,Makanan Utama,,380,,Padang Rice With Chicken Curry · 1 piring · Sumatera Barat/Ayam · src:Recipe calc · conf:medium
idn-nasi-padang-ayam-pop,Nasi Padang Ayam Pop,171.0,9.8,5.4,21.5,1.8,1.3,26,1.5,410,100,Olahan,Makanan Utama,,380,,Padang Rice With Ayam Pop · 1 piring · Sumatera Barat/Ayam · src:Recipe calc · conf:medium
idn-nasi-padang-dendeng-balado,Nasi Padang Dendeng Balado,196.0,10.2,8.1,21.0,2.4,1.6,30,2.6,520,100,Olahan,Makanan Utama,,380,,Padang Rice With Spicy Dried Beef · 1 piring · Sumatera Barat/Daging Sapi · src:Recipe calc · conf:medium
idn-nasi-padang-gulai-kikil,Nasi Padang Gulai Kikil,178.0,8.6,7.6,19.4,1.6,1.2,38,1.9,430,100,Olahan,Makanan Utama,,380,,Padang Rice With Beef Tendon Curry · 1 piring · Sumatera Barat/Daging Sapi · src:Recipe calc · conf:medium
idn-nasi-padang-gulai-tunjang,Nasi Padang Gulai Tunjang,181.0,8.9,7.9,19.2,1.6,1.2,40,1.8,440,100,Olahan,Makanan Utama,,380,,Padang Rice With Beef Trotter Curry · 1 piring · Sumatera Barat/Daging Sapi · src:Recipe calc · conf:medium
idn-nasi-padang-ikan-bilih,Nasi Padang Ikan Bilih,185.0,10.6,6.4,22.0,1.7,1.2,120,2.0,470,100,Olahan,Makanan Utama,,370,,Padang Rice With Fried Bilih Fish · 1 piring · Sumatera Barat/Ikan · src:Recipe calc · conf:medium
idn-nasi-padang-kuah,Nasi Padang Kuah,153.0,3.5,3.0,28.0,0.8,0.6,16,0.7,180,100,Olahan,Makanan Utama,,320,Nasi Padang Polos Nasi Putih Siram Kuah Gulai,White Rice With Padang Curry Gravy · Nasi Padang Polos Nasi Putih Siram Kuah Gulai · 1 piring · Sumatera Barat/Nasi · src:Recipe calc · conf:high
idn-nasi-padang-rendang,Nasi Padang Rendang,188.0,8.4,6.9,23.2,2.2,1.5,34,2.2,455,100,Olahan,Makanan Utama,,380,,Padang Rice With Rendang · 1 piring · Sumatera Barat/Daging Sapi · src:Recipe calc · conf:medium
idn-nasi-padang-telur-dadar,Nasi Padang Telur Dadar,192.0,8.8,8.4,21.2,1.8,1.3,42,1.8,415,100,Olahan,Makanan Utama,,380,,Padang Rice With Thick Padang Omelette · 1 piring · Sumatera Barat/Telur · src:Recipe calc · conf:medium
idn-sate-danguang-danguang,Sate Danguang-Danguang,216.0,18.0,12.0,9.0,3.0,1.2,30,2.6,520,100,Olahan,Makanan Utama,,180,Sate Danguang Danguang Sate Payakumbuh,Payakumbuh Yellow Coconut Satay · Sate Danguang Danguang Sate Payakumbuh · 1 porsi (10 tusuk) · Sumatera Barat/Sate · src:Recipe calc · conf:medium
idn-sate-padang-daging,Sate Padang Daging,185.0,16.0,9.0,10.0,1.6,0.8,26,2.4,580,100,Olahan,Makanan Utama,,200,Sate Padang Pariaman Daging Sate Padang Sapi,Padang Beef Satay With Thick Gravy · Sate Padang Pariaman Daging Sate Padang Sapi · 1 porsi (10 tusuk + kuah) · Sumatera Barat/Sate · src:Recipe calc · conf:high
idn-sate-padang-jeroan,Sate Padang Jeroan,199.0,15.0,11.0,10.0,1.6,0.8,26,4.0,590,100,Olahan,Makanan Utama,,200,Sate Padang Campur Jeroan Sate Padang Jaroan,Padang Offal Satay · Sate Padang Campur Jeroan Sate Padang Jaroan · 1 porsi (10 tusuk + kuah) · Sumatera Barat/Sate · src:Recipe calc · conf:medium
idn-sate-padang-lidah,Sate Padang Lidah,222.0,14.0,14.0,10.0,1.6,0.8,24,2.4,580,100,Olahan,Makanan Utama,,200,Sate Lidah Padang Sate Padang Lidah Sapi,Padang Beef Tongue Satay · Sate Lidah Padang Sate Padang Lidah Sapi · 1 porsi (10 tusuk + kuah) · Sumatera Barat/Sate · src:Recipe calc · conf:medium
idn-soto-padang,Soto Padang,72.8,5.5,3.2,5.5,0.7,0.4,18,0.9,400,100,Olahan,Makanan Utama,,350,Sato Padang Soto Padang Kuah Bening,Padang Beef Soup With Crisp Beef · Sato Padang Soto Padang Kuah Bening · 1 mangkok · Sumatera Barat/Soto & Sup · src:Recipe calc · conf:high
idn-burgo,Burgo,115.0,3.5,5.0,14.0,1.0,0.5,25,0.7,420,100,Olahan,Makanan Utama,,250,Bergo Burgo Palembang,Palembang Rice Crepe Rolls In Coconut Gravy · Bergo Burgo Palembang · 1 porsi · Sumatera Selatan/Hidangan Utama · src:Recipe calc · conf:medium
idn-celimpungan,Celimpungan,130.0,5.0,6.5,13.0,1.2,0.6,30,0.8,450,100,Olahan,Makanan Utama,,250,Celimpung Celimpungan Palembang,Palembang Fishcake Dumplings In Coconut Gravy · Celimpung Celimpungan Palembang · 1 porsi · Sumatera Selatan/Ikan · src:Recipe calc · conf:medium
idn-laksan,Laksan,125.0,5.0,5.5,14.0,1.2,0.6,28,0.8,440,100,Olahan,Makanan Utama,,250,Laksan Palembang,Palembang Fishcake Slices In Coconut Gravy · Laksan Palembang · 1 porsi · Sumatera Selatan/Ikan · src:Recipe calc · conf:medium
idn-lakso,Lakso,120.0,3.5,5.0,15.0,1.2,0.6,25,0.7,430,100,Olahan,Makanan Utama,,250,Laksa Palembang Lakso Palembang,Palembang Rice Noodles In Coconut Curry · Laksa Palembang Lakso Palembang · 1 porsi · Sumatera Selatan/Hidangan Utama · src:Recipe calc · conf:medium
idn-mie-celor,Mie Celor,145.0,7.0,7.0,13.5,1.5,0.7,45,1.2,500,100,Olahan,Makanan Utama,,300,Mi Celor Palembang Mie Celor 26 Ilir,Palembang Noodles In Prawn Coconut Broth · Mi Celor Palembang Mie Celor 26 Ilir · 1 mangkok · Sumatera Selatan/Mie & Bihun · src:Recipe calc · conf:high
idn-model-ikan,Model Ikan,85.0,5.5,3.0,9.0,1.0,0.5,40,0.8,470,100,Olahan,Makanan Utama,,350,Model Palembang Model Tahu,Palembang Tofu-Fishcake Soup · Model Palembang Model Tahu · 1 mangkok · Sumatera Selatan/Ikan · src:Recipe calc · conf:medium
idn-pempek-keriting,Pempek Keriting,215.0,11.0,3.5,35.0,0.6,0.3,30,0.9,500,100,Olahan,Makanan Utama,,50,Empek-Empek Keriting Pempek Kerupuk,Palembang Curly Fishcake · Empek-Empek Keriting Pempek Kerupuk · 1 buah · Sumatera Selatan/Ikan · src:Recipe calc · conf:medium
idn-pempek-lenggang,Pempek Lenggang,210.0,12.5,10.5,17.0,0.7,0.3,45,1.5,500,100,Olahan,Makanan Utama,,150,Lenggang Panggang Pempek Lenggang Bakar,Palembang Grilled Fishcake Omelette · Lenggang Panggang Pempek Lenggang Bakar · 1 porsi · Sumatera Selatan/Ikan · src:Recipe calc · conf:medium
idn-pempek-lenjer,Pempek Lenjer,235.0,10.0,8.5,30.0,0.6,0.3,30,1.0,550,100,Olahan,Makanan Utama,,100,Empek-Empek Lenjer Pempek Lenjer Goreng,Palembang Cylindrical Fishcake · Empek-Empek Lenjer Pempek Lenjer Goreng · 1 potong · Sumatera Selatan/Ikan · src:Recipe calc · conf:high
idn-pempek-pistel,Pempek Pistel,225.0,9.0,9.0,28.0,1.5,1.2,35,1.0,520,100,Olahan,Makanan Utama,,60,Empek-Empek Pistel Pempek Pastel,Palembang Fishcake Filled With Papaya · Empek-Empek Pistel Pempek Pastel · 1 buah · Sumatera Selatan/Ikan · src:Recipe calc · conf:medium
idn-pempek-tahu,Pempek Tahu,230.0,12.0,11.0,22.0,0.8,0.6,90,1.4,520,100,Olahan,Makanan Utama,,60,Empek-Empek Tahu Pempek Tahu Goreng,Palembang Fishcake-Stuffed Tofu · Empek-Empek Tahu Pempek Tahu Goreng · 1 buah · Sumatera Selatan/Ikan · src:Recipe calc · conf:medium
idn-pindang-patin-palembang,Pindang Patin Palembang,85.0,11.0,3.0,3.5,1.8,0.8,30,0.9,480,100,Olahan,Makanan Utama,,300,Pindang Ikan Patin Pindang Meranjat,Palembang Sour-Spicy Catfish Broth · Pindang Ikan Patin Pindang Meranjat · 1 mangkok · Sumatera Selatan/Ikan · src:Recipe calc · conf:high
idn-pindang-tulang,Pindang Tulang,105.0,9.5,6.0,3.5,2.0,0.7,25,1.5,500,100,Olahan,Makanan Utama,,300,Pindang Iga Pindang Tulang Iga Sapi,Palembang Beef Rib Sour Soup · Pindang Iga Pindang Tulang Iga Sapi · 1 mangkok · Sumatera Selatan/Hidangan Utama · src:Recipe calc · conf:medium
idn-rujak-mie-palembang,Rujak Mie Palembang,130.0,5.5,1.5,24.0,7.0,1.0,26,1.1,560,100,Olahan,Makanan Utama,,280,Mie Rujak Palembang Rujak Mie,Palembang Noodle Rujak With Fishcake · Mie Rujak Palembang Rujak Mie · 1 porsi (280 g) · Sumatera Selatan/Mie & Bihun · src:Recipe calc · conf:medium
idn-bihun-bebek-medan,Bihun Bebek Medan,130.0,7.0,4.5,15.0,1.0,0.6,20,1.4,460,100,Olahan,Makanan Utama,,350,Bihun Bebek Bihun Bebek Asie,Medan Duck Rice Vermicelli Soup · Bihun Bebek Bihun Bebek Asie · 1 mangkok · Sumatera Utara/Bebek & Unggas · src:Recipe calc · conf:medium
idn-gulai-kambing-medan,Gulai Kambing Medan,180.0,12.5,13.0,3.5,1.2,0.8,30,2.2,460,100,Olahan,Makanan Utama,,200,Gulai Kambing Melayu Gule Kambing Medan,Medan Goat Curry · Gulai Kambing Melayu Gule Kambing Medan · 1 porsi · Sumatera Utara/Kambing · src:Recipe calc · conf:medium
idn-lontong-medan,Lontong Medan,115.0,3.5,5.5,13.0,1.5,1.4,35,1.0,380,100,Olahan,Makanan Utama,,350,Lontong Gurih Medan Lontong Sayur Medan,Medan Rice Cake With Coconut Vegetable Curry · Lontong Gurih Medan Lontong Sayur Medan · 1 porsi · Sumatera Utara/Nasi · src:Recipe calc · conf:high
idn-mie-gomak,Mie Gomak,165.0,5.5,6.0,22.0,1.5,1.5,30,1.4,450,100,Olahan,Makanan Utama,,300,Mi Gomak Spaghetti Batak,Batak Thick Noodles With Andaliman Sauce · Mi Gomak Spaghetti Batak · 1 piring · Sumatera Utara/Mie & Bihun · src:Recipe calc · conf:medium
idn-mie-sop-medan,Mie Sop Medan,95.0,5.5,3.0,11.5,1.0,0.8,20,0.9,430,100,Olahan,Makanan Utama,,350,Mi Sop Medan Mie Sop Ayam,Medan Chicken Noodle Soup · Mi Sop Medan Mie Sop Ayam · 1 mangkok · Sumatera Utara/Mie & Bihun · src:Recipe calc · conf:medium
idn-nasi-goreng-teri-medan,Nasi Goreng Teri Medan,186.0,7.5,7.0,23.5,1.4,0.9,90,1.4,620,100,Olahan,Makanan Utama,,300,Nasgor Teri Nasi Goreng Ikan Teri,Fried Rice With Medan Anchovies · Nasgor Teri Nasi Goreng Ikan Teri · 1 piring · Sumatera Utara/Ikan · src:Recipe calc · conf:medium
idn-nasi-gurih-medan,Nasi Gurih Medan,180.0,3.5,5.8,28.5,0.8,0.7,18,0.6,290,100,Olahan,Makanan Utama,,200,Nasi Gurih Nasi Lemak Medan,Medan Coconut Rice · Nasi Gurih Nasi Lemak Medan · 1 porsi · Sumatera Utara/Nasi · src:Recipe calc · conf:high
idn-nasi-kentut,Nasi Kentut,165.0,3.5,3.0,31.0,1.0,1.2,24,0.9,330,100,Olahan,Makanan Utama,,220,Nasi Kentut Medan Sego Kentut,Medan Grilled Rice With Sembukan Leaf · Nasi Kentut Medan Sego Kentut · 1 bungkus (220 g) · Sumatera Utara/Nasi · src:Recipe calc · conf:medium
idn-soto-medan,Soto Medan,125.0,7.0,8.5,5.0,1.5,0.6,30,1.0,440,100,Olahan,Makanan Utama,,350,Soto Ayam Medan Soto Santan Medan,Medan Coconut Chicken Soto · Soto Ayam Medan Soto Santan Medan · 1 mangkok · Sumatera Utara/Soto & Sup · src:Recipe calc · conf:high
idn-kopi-sanger,Kopi Sanger,88.0,1.8,2.4,14.5,14.0,0.0,60,0.2,38,100,Olahan,Minuman,,200,Kopi Sanger Espresso Sanger Aceh,Acehnese Coffee With Condensed Milk · Kopi Sanger Espresso Sanger Aceh · 1 gelas (200 ml) · Aceh/Kopi · src:Recipe calc · conf:medium
idn-es-daluman,Es Daluman,85.0,0.6,3.0,14.0,12.0,0.5,20,0.3,15,100,Olahan,Minuman,,250,Daluman Es Cincau Bali,Balinese Green Grass Jelly Coconut Drink · Daluman Es Cincau Bali · 1 gelas (250 ml) · Bali/Roti & Pastry · src:Recipe calc · conf:medium
idn-es-kuwut-bali,Es Kuwut Bali,62.0,0.4,0.2,15.0,13.5,0.6,18,0.3,35,100,Olahan,Minuman,,250,Es Kuwut Kuwut Melon Bali,Balinese Melon Lime & Coconut Cooler · Es Kuwut Kuwut Melon Bali · 1 gelas (250 ml) · Bali/Es Manis · src:Recipe calc · conf:medium
idn-loloh-cemcem,Loloh Cemcem,38.0,0.4,0.2,8.8,7.5,0.5,22,0.5,25,100,Olahan,Minuman,,200,Loloh Cem Cem Loloh Daun Cemcem,Balinese Kloncing Leaf Herbal Drink · Loloh Cem Cem Loloh Daun Cemcem · 1 gelas (200 ml) · Bali/Jamu & Wedang · src:Estimate · conf:low
idn-kopi-joss,Kopi Joss,38.0,0.2,0.0,9.2,8.8,0.0,6,0.2,8,100,Olahan,Minuman,,200,Kopi Areng Kopi Joss Jogja,Charcoal Coffee · Kopi Areng Kopi Joss Jogja · 1 gelas (200 ml) · DI Yogyakarta/Kopi · src:Recipe calc · conf:medium
idn-wedang-uwuh,Wedang Uwuh,35.0,0.1,0.1,8.6,8.0,0.1,10,0.2,6,100,Olahan,Minuman,,200,Wedang Rempah Wedang Uwuh Imogiri,Jogja Spiced Herbal Drink · Wedang Rempah Wedang Uwuh Imogiri · 1 gelas (200 ml) · DI Yogyakarta/Jamu & Wedang · src:Recipe calc · conf:medium
idn-bir-pletok,Bir Pletok,42.0,0.1,0.0,10.5,10.0,0.1,8,0.2,8,100,Olahan,Minuman,,200,Bir Pletok Betawi Bir Pletok Merah,Betawi Non-Alcoholic Spiced Herbal Drink · Bir Pletok Betawi Bir Pletok Merah · 1 gelas (200 ml) · DKI Jakarta/Jamu & Wedang · src:Recipe calc · conf:medium
idn-es-selendang-mayang,Es Selendang Mayang,108.0,0.8,3.0,19.5,14.0,0.3,20,0.3,25,100,Olahan,Minuman,,250,Es Selendang Mayang Betawi Selendang Mayang,Betawi Iced Layered Starch Cake Drink · Es Selendang Mayang Betawi Selendang Mayang · 1 gelas (250 ml) · DKI Jakarta/Es Manis · src:Recipe calc · conf:medium
idn-bajigur,Bajigur,86.0,0.8,3.5,13.0,11.0,0.3,18,0.3,20,100,Olahan,Minuman,,200,Bajigur Bandung Bajigur Sunda,Hot Coconut Milk & Palm Sugar Coffee Drink · Bajigur Bandung Bajigur Sunda · 1 gelas (200 ml) · Jawa Barat/Jamu & Wedang · src:Recipe calc · conf:high
idn-bandrek,Bandrek,52.0,0.3,0.6,11.5,10.5,0.2,12,0.2,10,100,Olahan,Minuman,,200,Bandrek Jahe Bandrek Sunda,Hot Ginger & Palm Sugar Drink · Bandrek Jahe Bandrek Sunda · 1 gelas (200 ml) · Jawa Barat/Jamu & Wedang · src:Recipe calc · conf:high
idn-bir-kotjok,Bir Kotjok,55.0,0.3,1.5,10.0,9.5,0.2,15,0.3,12,100,Olahan,Minuman,,200,Bir Kocok Bogor Bir Kotjok Bogor,Bogor Non-Alcoholic Spiced Ginger Drink · Bir Kocok Bogor Bir Kotjok Bogor · 1 gelas (200 ml) · Jawa Barat/Jamu & Wedang · src:Recipe calc · conf:low
idn-es-cincau-hijau,Es Cincau Hijau,62.0,0.4,1.5,12.0,10.0,0.8,20,0.3,15,100,Olahan,Minuman,,250,Cincau Hijau Es Cincau Sunda,Iced Green Grass Jelly Drink · Cincau Hijau Es Cincau Sunda · 1 gelas (250 ml) · Jawa Barat/Es Manis · src:Recipe calc · conf:high
idn-es-doger,Es Doger,125.0,1.4,4.5,20.0,16.5,0.5,40,0.5,30,100,Olahan,Minuman,,250,Doger Es Doger Bandung,Pink Coconut Milk Shaved Ice With Tape · Doger Es Doger Bandung · 1 gelas (250 ml) · Jawa Barat/Es Manis · src:Recipe calc · conf:high
idn-es-goyobod,Es Goyobod,108.0,1.2,3.5,18.0,14.0,0.6,25,0.3,25,100,Olahan,Minuman,,250,Es Goyobod Bandung Goyobod Garut,Iced Coconut Milk Dessert Drink With Hunkwe · Es Goyobod Bandung Goyobod Garut · 1 gelas (250 ml) · Jawa Barat/Es Manis · src:Recipe calc · conf:medium
idn-es-oyen,Es Oyen,105.0,1.2,3.5,17.5,15.0,1.0,38,0.4,28,100,Olahan,Minuman,,300,Es Oyen Bandung Oyen,Bandung Mixed Fruit Ice With Coconut Milk · Es Oyen Bandung Oyen · 1 mangkok (300 ml) · Jawa Barat/Jus & Es Buah · src:Recipe calc · conf:medium
idn-es-tape-ketan-hijau,Es Tape Ketan Hijau,92.0,1.2,0.4,21.0,14.0,0.4,10,0.4,12,100,Olahan,Minuman,,250,Es Tape Ketan Tape Ketan Ijo,Iced Green Fermented Glutinous Rice Drink · Es Tape Ketan Tape Ketan Ijo · 1 gelas (250 ml) · Jawa Barat/Es Manis · src:Recipe calc · conf:medium
idn-dawet-telasih,Dawet Telasih,122.0,1.0,3.8,21.0,16.0,0.5,24,0.5,25,100,Olahan,Minuman,,250,Dawet Selasih Es Dawet Telasih Solo,Dawet With Basil Seed & Fermented Rice · Dawet Selasih Es Dawet Telasih Solo · 1 gelas (250 ml) · Jawa Tengah/Es Manis · src:Recipe calc · conf:medium
idn-es-bandung,Es Bandung,92.0,1.4,1.8,17.5,16.0,0.5,55,0.3,35,100,Olahan,Minuman,,250,Es Bandung Semarang Es Sirup Susu Cincau,Rose Syrup Milk Ice With Grass Jelly & Basil Seed · Es Bandung Semarang Es Sirup Susu Cincau · 1 gelas (250 ml) · Jawa Tengah/Es Manis · src:Recipe calc · conf:medium
idn-es-cendol-durian,Es Cendol Durian,145.0,1.3,5.0,23.5,17.0,1.0,24,0.5,25,100,Olahan,Minuman,,250,Cendol Durian Dawet Duren,Iced Cendol With Durian · Cendol Durian Dawet Duren · 1 gelas (250 ml) · Jawa Tengah/Buah · src:Recipe calc · conf:medium
idn-es-dawet-ayu-banjarnegara,Es Dawet Ayu Banjarnegara,125.0,0.9,4.5,20.5,15.5,0.4,22,0.4,25,100,Olahan,Minuman,,250,Dawet Ayu Es Dawet Banjarnegara,Iced Dawet Ayu With Coconut Milk · Dawet Ayu Es Dawet Banjarnegara · 1 gelas (250 ml) · Jawa Tengah/Es Manis · src:Recipe calc · conf:high
idn-es-dawet-ireng,Es Dawet Ireng,112.0,0.7,3.2,20.0,15.0,0.4,20,0.5,25,100,Olahan,Minuman,,250,Dawet Hitam Dawet Ireng Purworejo,Black Dawet With Palm Sugar & Coconut Milk · Dawet Hitam Dawet Ireng Purworejo · 1 gelas (250 ml) · Jawa Tengah/Es Manis · src:Recipe calc · conf:medium
idn-es-gempol-pleret,Es Gempol Pleret,118.0,1.2,4.0,19.5,13.5,0.4,25,0.5,30,100,Olahan,Minuman,,250,Es Gempol Pleret Solo Gempol Pleret,Rice Ball Drink In Sweet Coconut Milk · Es Gempol Pleret Solo Gempol Pleret · 1 gelas (250 ml) · Jawa Tengah/Es Manis · src:Recipe calc · conf:medium
idn-jamu-beras-kencur,Jamu Beras Kencur,62.0,0.8,0.4,14.2,11.5,0.3,20,0.5,10,100,Olahan,Minuman,,200,Beras Kencur Jamu Beras Kencur Gendong,Rice & Aromatic Ginger Tonic · Beras Kencur Jamu Beras Kencur Gendong · 1 gelas (200 ml) · Jawa Tengah/Bumbu & Saus · src:Recipe calc · conf:high
idn-jamu-gula-asem,Jamu Gula Asem,52.0,0.2,0.1,12.8,12.0,0.3,20,0.6,10,100,Olahan,Minuman,,200,Gula Asem Jamu Asem Gula Jawa,Tamarind Palm Sugar Tonic · Gula Asem Jamu Asem Gula Jawa · 1 gelas (200 ml) · Jawa Tengah/Bumbu & Saus · src:Recipe calc · conf:medium
idn-jamu-kunyit-asam,Jamu Kunyit Asam,45.0,0.3,0.2,10.8,9.5,0.3,18,0.5,8,100,Olahan,Minuman,,200,Jamu Kunir Asem Kunyit Asem,Turmeric Tamarind Herbal Tonic · Jamu Kunir Asem Kunyit Asem · 1 gelas (200 ml) · Jawa Tengah/Bumbu & Saus · src:Recipe calc · conf:high
idn-jamu-kunyit-asam-sirih,Jamu Kunyit Asam Sirih,44.0,0.3,0.2,10.5,9.2,0.3,20,0.5,8,100,Olahan,Minuman,,200,Jamu Sirih Kunyit Kunyit Asam Sirih,Turmeric Tamarind & Betel Leaf Tonic · Jamu Sirih Kunyit Kunyit Asam Sirih · 1 gelas (200 ml) · Jawa Tengah/Bumbu & Saus · src:Recipe calc · conf:medium
idn-jamu-pahitan,Jamu Pahitan,8.0,0.2,0.1,1.4,0.3,0.2,12,0.4,10,100,Olahan,Minuman,,150,Jamu Paitan Sambiloto Jamu,Bitter Herbal Tonic · Jamu Paitan Sambiloto Jamu · 1 gelas (150 ml) · Jawa Tengah/Jamu & Wedang · src:Estimate · conf:medium
idn-jamu-temulawak,Jamu Temulawak,48.0,0.3,0.2,11.5,10.0,0.4,16,0.5,8,100,Olahan,Minuman,,200,Jamu Temu Lawak Temulawak,Java Turmeric Tonic · Jamu Temu Lawak Temulawak · 1 gelas (200 ml) · Jawa Tengah/Jamu & Wedang · src:Recipe calc · conf:medium
idn-sekoteng,Sekoteng,95.0,2.5,2.2,16.5,12.0,1.0,30,0.8,35,100,Olahan,Minuman,,250,Sekoteng Jahe Sekoteng Komplit,Hot Ginger Drink With Nuts Bread & Pearls · Sekoteng Jahe Sekoteng Komplit · 1 mangkok (250 ml) · Jawa Tengah/Jamu & Wedang · src:Recipe calc · conf:high
idn-sirup-kawista,Sirup Kawista,65.0,0.2,0.1,16.0,15.0,0.3,10,0.2,8,100,Olahan,Minuman,,250,Es Kawista Sirup Kawis Rembang,Wood Apple Syrup Drink · Es Kawista Sirup Kawis Rembang · 1 gelas (250 ml) · Jawa Tengah/Es Manis · src:Recipe calc · conf:low
idn-susu-murni-boyolali,Susu Murni Boyolali,63.0,3.2,3.5,4.7,4.7,0.0,115,0.1,45,100,Olahan,Minuman,,250,Susu Sapi Murni Susu Segar Boyolali,Boyolali Fresh Whole Milk · Susu Sapi Murni Susu Segar Boyolali · 1 gelas (250 ml) · Jawa Tengah/Roti & Pastry · src:TKPI · conf:high
idn-teh-poci-gula-batu,Teh Poci Gula Batu,38.0,0.1,0.0,9.5,9.5,0.0,3,0.1,4,100,Olahan,Minuman,,200,Teh Poci Teh Poci Tegal,Clay Pot Tea With Rock Sugar · Teh Poci Teh Poci Tegal · 1 gelas (200 ml) · Jawa Tengah/Bumbu & Saus · src:Recipe calc · conf:medium
idn-wedang-jahe,Wedang Jahe,42.0,0.1,0.1,10.5,10.0,0.1,12,0.2,8,100,Olahan,Minuman,,200,Air Jahe Wedang Jahe Gula Jawa,Hot Ginger Drink · Air Jahe Wedang Jahe Gula Jawa · 1 gelas (200 ml) · Jawa Tengah/Bumbu & Saus · src:Recipe calc · conf:high
idn-wedang-jahe-susu,Wedang Jahe Susu,82.0,2.8,2.6,11.5,11.0,0.2,100,0.2,45,100,Olahan,Minuman,,200,Jahe Susu Wedang Jahe Susu Panas,Ginger Brew With Milk · Jahe Susu Wedang Jahe Susu Panas · 1 gelas (200 ml) · Jawa Tengah/Roti & Pastry · src:Recipe calc · conf:medium
idn-wedang-kacang-tanah,Wedang Kacang Tanah,118.0,3.5,5.5,14.0,10.0,1.2,30,0.7,30,100,Olahan,Minuman,,250,Kacang Kuah Jahe Wedang Kacang,Hot Peanut Ginger Soup · Kacang Kuah Jahe Wedang Kacang · 1 mangkok (250 ml) · Jawa Tengah/Kacang & Biji · src:Recipe calc · conf:medium
idn-wedang-ronde,Wedang Ronde,88.0,1.5,1.8,16.5,12.5,0.6,25,0.5,20,100,Olahan,Minuman,,250,Ronde Wedang Ronde Jahe,Ginger Soup With Glutinous Rice Balls · Ronde Wedang Ronde Jahe · 1 mangkok (250 ml) · Jawa Tengah/Jamu & Wedang · src:Recipe calc · conf:high
idn-wedang-secang,Wedang Secang,32.0,0.1,0.1,7.8,7.5,0.1,10,0.2,6,100,Olahan,Minuman,,200,Secang Jahe Wedang Kayu Secang,Sappan Wood Spiced Drink · Secang Jahe Wedang Kayu Secang · 1 gelas (200 ml) · Jawa Tengah/Jamu & Wedang · src:Recipe calc · conf:medium
idn-wedang-tahu,Wedang Tahu,72.0,2.6,1.6,11.5,10.0,0.3,60,0.8,25,100,Olahan,Minuman,,250,Kembang Tahu Tahu Kembang,Silken Tofu Pudding In Ginger Syrup · Kembang Tahu Tahu Kembang · 1 mangkok (250 ml) · Jawa Tengah/Tahu & Tempe · src:Recipe calc · conf:high
idn-es-cao-susu,Es Cao Susu,85.0,1.5,2.2,15.0,14.0,0.6,60,0.4,35,100,Olahan,Minuman,,250,Cincau Susu Es Cao,Black Grass Jelly With Condensed Milk · Cincau Susu Es Cao · 1 gelas (250 ml) · Jawa Timur/Roti & Pastry · src:Recipe calc · conf:medium
idn-es-podeng,Es Podeng,145.0,2.0,6.0,21.0,17.0,0.6,55,0.6,45,100,Olahan,Minuman,,250,Es Puter Podeng Podeng,Coconut Ice Cream Dessert With Bread & Nuts · Es Puter Podeng Podeng · 1 mangkok (250 ml) · Jawa Timur/Jus & Es Buah · src:Recipe calc · conf:medium
idn-jamu-sinom,Jamu Sinom,42.0,0.2,0.1,10.2,9.2,0.3,18,0.5,8,100,Olahan,Minuman,,200,Jamu Sinom Suroboyo Sinom,Young Tamarind Leaf Tonic · Jamu Sinom Suroboyo Sinom · 1 gelas (200 ml) · Jawa Timur/Jamu & Wedang · src:Recipe calc · conf:medium
idn-legen,Legen,60.0,0.3,0.2,14.5,13.5,0.2,25,0.4,20,100,Olahan,Minuman,,250,Air Nira Legen Tuban,Fresh Palm Sap Drink · Air Nira Legen Tuban · 1 gelas (250 ml) · Jawa Timur/Roti & Pastry · src:Estimate · conf:low
idn-stmj,STMJ,115.0,4.5,5.0,12.5,11.5,0.1,110,0.4,55,100,Olahan,Minuman,,200,Es STMJ Susu Telur Madu Jahe,Milk Egg Honey & Ginger Drink · Es STMJ Susu Telur Madu Jahe · 1 gelas (200 ml) · Jawa Timur/Roti & Pastry · src:Recipe calc · conf:medium
idn-wedang-angsle,Wedang Angsle,115.0,2.2,4.5,17.0,12.5,0.9,32,0.8,35,100,Olahan,Minuman,,250,Angsle Wedang Angsle Malang,Malang Coconut Milk Dessert Drink · Angsle Wedang Angsle Malang · 1 mangkok (250 ml) · Jawa Timur/Jamu & Wedang · src:Recipe calc · conf:medium
idn-es-kelapa-banjar,Es Kelapa Banjar,61.0,0.4,1.0,12.5,11.0,0.5,10,0.2,15,100,Olahan,Minuman,,250,Es Degan Banjar Es Kelapa Muda Banjar,Iced Young Coconut With Palm Sugar Syrup · Es Degan Banjar Es Kelapa Muda Banjar · 1 gelas (250 ml) · Kalimantan Selatan/Es Manis · src:Recipe calc · conf:medium
idn-es-sirup-pala,Es Sirup Pala,70.0,0.1,0.0,17.5,17.0,0.2,5,0.1,8,100,Olahan,Minuman,,250,Es Pala Sirup Pala Banda,Iced Nutmeg Syrup Drink · Es Pala Sirup Pala Banda · 1 gelas (250 ml) · Maluku/Bumbu & Saus · src:Recipe calc · conf:medium
idn-kopi-rarobang,Kopi Rarobang,53.0,0.6,1.2,10.0,9.0,0.2,10,0.3,8,100,Olahan,Minuman,,200,Kopi Rarobang Ambon Kopi Sibu-Sibu,Ambonese Ginger & Spice Coffee With Kenari · Kopi Rarobang Ambon Kopi Sibu-Sibu · 1 gelas (200 ml) · Maluku/Kopi · src:Recipe calc · conf:medium
idn-air-jahe-merah,Air Jahe Merah,38.0,0.1,0.1,9.4,8.8,0.1,12,0.2,8,100,Olahan,Minuman,,200,Jahe Merah Hangat Wedang Jahe Merah,Red Ginger Infusion · Jahe Merah Hangat Wedang Jahe Merah · 1 gelas (200 ml) · Nasional/Bumbu & Saus · src:Recipe calc · conf:medium
idn-air-kelapa-kemasan,Air Kelapa Kemasan,20.0,0.3,0.1,4.8,4.2,0.2,25,0.1,45,100,Olahan,Minuman,,250,Air Kelapa Botol Coconut Water Kemasan,Packaged Coconut Water · Air Kelapa Botol Coconut Water Kemasan · 1 kotak (250 ml) · Nasional/Jus & Es Buah · src:USDA analog · conf:high
idn-air-kelapa-muda,Air Kelapa Muda,19.0,0.7,0.2,3.7,2.6,1.1,24,0.3,105,100,Olahan,Minuman,,250,Air Degan Air Kelapa Hijau,Fresh Young Coconut Water · Air Degan Air Kelapa Hijau · 1 gelas (250 ml) · Nasional/Buah · src:TKPI · conf:high
idn-ale-ale-jeruk,Ale-Ale Jeruk,34.0,0.0,0.0,8.5,8.0,0.0,3,0.1,15,100,Olahan,Minuman,,200,Ale Ale Aleale Jeruk,Ale-Ale Orange Flavoured Drink · Ale Ale Aleale Jeruk · 1 cup (200 ml) · Nasional/Buah · src:Estimate · conf:medium
idn-americano-panas,Americano Panas,2.0,0.2,0.0,0.3,0.0,0.0,3,0.0,5,100,Olahan,Minuman,,240,Hot Americano Kopi Americano Panas,Hot Americano · Hot Americano Kopi Americano Panas · 1 cup (240 ml) · Nasional/Gulai & Kari · src:USDA analog · conf:high
idn-aqua-air-mineral,Aqua Air Mineral,0.0,0.0,0.0,0.0,0.0,0.0,2,0.0,1,100,Olahan,Minuman,,600,Air Mineral Aqua Aqua,Aqua Bottled Mineral Water · Air Mineral Aqua Aqua · 1 botol (600 ml) · Nasional/Jus & Es Buah · src:NilaiGizi · conf:high
idn-bear-brand,Bear Brand,63.0,3.2,3.4,4.8,4.8,0.0,105,0.0,45,100,Olahan,Minuman,,189,Bearbrand Susu Beruang,Bear Brand Sterilised Milk · Bearbrand Susu Beruang · 1 kaleng (189 ml) · Nasional/Roti & Pastry · src:FatSecret ID · conf:high
idn-big-cola,Big Cola,40.0,0.0,0.0,10.0,10.0,0.0,2,0.0,8,100,Olahan,Minuman,,535,Big Cola Botol BigCola,Big Cola Carbonated Drink · Big Cola Botol BigCola · 1 botol (535 ml) · Nasional/Es Manis · src:Estimate · conf:medium
idn-blue-ocean-soda,Blue Ocean Soda,48.0,0.0,0.0,12.0,11.5,0.0,4,0.1,12,100,Olahan,Minuman,,350,Blue Ocean Mocktail Es Blue Ocean,Blue Curacao Lemon Soda Mocktail · Blue Ocean Mocktail Es Blue Ocean · 1 gelas (350 ml) · Nasional/Es Manis · src:Recipe calc · conf:medium
idn-boba-brown-sugar-fresh-milk,Boba Brown Sugar Fresh Milk,88.0,1.6,2.6,14.8,12.0,0.3,55,0.2,35,100,Olahan,Minuman,,500,Boba Susu Gula Aren Brown Sugar Boba,Brown Sugar Boba Fresh Milk · Boba Susu Gula Aren Brown Sugar Boba · 1 cup large (500 ml) · Nasional/Es Manis · src:FatSecret ID · conf:high
idn-boba-matcha-latte,Boba Matcha Latte,82.0,1.5,2.4,13.8,11.5,0.4,50,0.3,35,100,Olahan,Minuman,,500,Boba Matcha Matcha Boba,Matcha Bubble Milk Latte · Boba Matcha Matcha Boba · 1 cup large (500 ml) · Nasional/Kopi · src:Estimate · conf:medium
idn-boba-milk-tea,Boba Milk Tea,75.0,1.2,2.2,12.8,10.5,0.3,35,0.2,30,100,Olahan,Minuman,,500,Bubble Tea Pearl Milk Tea Teh Susu Boba,Bubble Milk Tea With Tapioca Pearls · Bubble Tea Pearl Milk Tea Teh Susu Boba · 1 cup large (500 ml) · Nasional/Teh · src:NilaiGizi · conf:high
idn-boba-tapioka-matang,Boba Tapioka Matang,180.0,0.2,0.2,44.0,18.0,0.5,5,0.2,10,100,Olahan,Minuman,,60,Bola Boba Pearl Tapioka Topping Boba,Cooked Tapioca Pearls Topping · Bola Boba Pearl Tapioka Topping Boba · 1 porsi topping (60 g) · Nasional/Es Manis · src:FatSecret ID · conf:medium
idn-boba-taro-milk-tea,Boba Taro Milk Tea,85.0,1.3,2.5,14.5,12.0,0.3,40,0.2,35,100,Olahan,Minuman,,500,Boba Taro Taro Boba,Taro Bubble Milk Tea · Boba Taro Taro Boba · 1 cup large (500 ml) · Nasional/Snack Kemasan · src:Estimate · conf:medium
idn-brown-sugar-milk-tea,Brown Sugar Milk Tea,68.0,1.0,2.0,11.6,11.0,0.0,38,0.1,30,100,Olahan,Minuman,,350,Milk Tea Gula Aren Teh Susu Brown Sugar,Brown Sugar Milk Tea · Milk Tea Gula Aren Teh Susu Brown Sugar · 1 cup (350 ml) · Nasional/Teh · src:NilaiGizi · conf:high
idn-buavita-jambu,Buavita Jambu,52.0,0.2,0.0,13.0,12.0,0.3,8,0.2,20,100,Olahan,Minuman,,250,Buavita Guava Jus Buavita Jambu,Buavita Guava Juice · Buavita Guava Jus Buavita Jambu · 1 kotak (250 ml) · Nasional/Buah · src:NilaiGizi · conf:high
idn-buavita-jeruk,Buavita Jeruk,46.0,0.4,0.0,11.2,10.5,0.2,10,0.2,15,100,Olahan,Minuman,,250,Buavita Orange Jus Buavita Jeruk,Buavita Orange Juice · Buavita Orange Jus Buavita Jeruk · 1 kotak (250 ml) · Nasional/Buah · src:NilaiGizi · conf:medium
idn-buavita-mangga,Buavita Mangga,54.0,0.2,0.0,13.4,12.5,0.3,8,0.2,18,100,Olahan,Minuman,,250,Buavita Mango Jus Buavita Mangga,Buavita Mango Juice · Buavita Mango Jus Buavita Mangga · 1 kotak (250 ml) · Nasional/Buah · src:NilaiGizi · conf:medium
idn-butterscotch-latte,Butterscotch Latte,75.0,2.2,2.5,11.5,11.0,0.0,78,0.1,48,100,Olahan,Minuman,,300,Es Butterscotch Latte Latte Butterscotch,Butterscotch Latte Coffee · Es Butterscotch Latte Latte Butterscotch · 1 cup (300 ml) · Nasional/Kopi · src:Estimate · conf:medium
idn-caffe-latte-panas,Caffe Latte Panas,55.0,3.0,2.6,4.5,4.4,0.0,100,0.1,42,100,Olahan,Minuman,,240,Cafe Latte Hangat Latte Panas,Hot Caffe Latte · Cafe Latte Hangat Latte Panas · 1 cup (240 ml) · Nasional/Kopi · src:FatSecret ID · conf:high
idn-cappuccino,Cappuccino,45.0,2.4,2.0,3.6,3.5,0.0,80,0.1,35,100,Olahan,Minuman,,200,Cappucino Kapucino,Cappuccino With Steamed Milk · Cappucino Kapucino · 1 cup (200 ml) · Nasional/Kopi · src:FatSecret ID · conf:high
idn-cheese-tea,Cheese Tea,72.0,1.6,3.2,9.5,8.8,0.0,45,0.1,55,100,Olahan,Minuman,,350,Cheese Foam Tea Teh Keju,Cheese Foam Milk Tea · Cheese Foam Tea Teh Keju · 1 cup (350 ml) · Nasional/Teh · src:Estimate · conf:medium
idn-chocolatos-drink,Chocolatos Drink,45.0,0.5,1.2,8.0,6.0,0.2,20,0.2,25,100,Olahan,Minuman,,200,Chocolatos Bubuk Chocolatos Minuman Cokelat,Chocolatos Chocolate Drink Sachet · Chocolatos Bubuk Chocolatos Minuman Cokelat · 1 gelas (200 ml) dari 1 sachet 20 g · Nasional/Snack Kemasan · src:Estimate · conf:medium
idn-cimory-uht-full-cream,Cimory UHT Full Cream,61.0,3.2,3.2,5.0,5.0,0.0,110,0.1,50,100,Olahan,Minuman,,250,Cimory Milk Susu Cimory UHT,Cimory UHT Full Cream Milk · Cimory Milk Susu Cimory UHT · 1 kotak (250 ml) · Nasional/Roti & Pastry · src:NilaiGizi · conf:medium
idn-cimory-yogurt-drink,Cimory Yogurt Drink,64.0,2.4,1.2,10.4,8.8,0.0,80,0.1,42,100,Olahan,Minuman,,250,Cimory Drink Yogurt Yogurt Cimory,Cimory Drinkable Yogurt · Cimory Drink Yogurt Yogurt Cimory · 1 botol (250 ml) · Nasional/Susu & Dairy · src:NilaiGizi · conf:high
idn-cimory-yogurt-squeeze,Cimory Yogurt Squeeze,100.0,3.0,2.5,16.0,14.0,0.0,100,0.1,50,100,Olahan,Minuman,,70,Cimory Squeeze Yogurt Squeeze Cimory,Cimory Squeeze Yogurt · Cimory Squeeze Yogurt Squeeze Cimory · 1 sachet (70 g) · Nasional/Susu & Dairy · src:FatSecret ID · conf:medium
idn-coca-cola,Coca-Cola,42.0,0.0,0.0,10.6,10.6,0.0,3,0.0,5,100,Olahan,Minuman,,330,Coca Cola Cocacola Coke,Coca-Cola Carbonated Soft Drink · Coca Cola Cocacola Coke · 1 kaleng (330 ml) · Nasional/Es Manis · src:NilaiGizi · conf:high
idn-coca-cola-zero-sugar,Coca-Cola Zero Sugar,1.0,0.0,0.0,0.2,0.0,0.0,3,0.0,10,100,Olahan,Minuman,,330,Coca Cola Zero Coke Zero,Coca-Cola Zero Sugar · Coca Cola Zero Coke Zero · 1 kaleng (330 ml) · Nasional/Es Manis · src:NilaiGizi · conf:high
idn-cokelat-panas,Cokelat Panas,90.0,2.6,3.0,13.5,12.5,0.8,90,0.6,55,100,Olahan,Minuman,,250,Cokelat Hangat Coklat Panas Hot Chocolate,Hot Chocolate Drink · Cokelat Hangat Coklat Panas Hot Chocolate · 1 cup (250 ml) · Nasional/Susu & Dairy · src:FatSecret ID · conf:high
idn-cold-brew-hitam,Cold Brew Hitam,5.0,0.3,0.0,0.8,0.0,0.0,4,0.1,6,100,Olahan,Minuman,,250,Cold Brew Kopi Cold Brew Tanpa Gula,Black Cold Brew Coffee · Cold Brew Kopi Cold Brew Tanpa Gula · 1 botol (250 ml) · Nasional/Kopi · src:USDA analog · conf:high
idn-cold-brew-susu,Cold Brew Susu,48.0,2.0,1.8,6.0,5.5,0.0,70,0.1,32,100,Olahan,Minuman,,300,Cold Brew Latte Cold Brew Milk,Cold Brew Coffee With Milk · Cold Brew Latte Cold Brew Milk · 1 cup (300 ml) · Nasional/Roti & Pastry · src:Estimate · conf:medium
idn-cortado,Cortado,55.0,3.0,2.7,4.4,4.3,0.0,100,0.1,42,100,Olahan,Minuman,,120,Kopi Cortado,Cortado Espresso With Milk · Kopi Cortado · 1 gelas kecil (120 ml) · Nasional/Kopi · src:Estimate · conf:medium
idn-dancow-fortigro-cokelat,Dancow Fortigro Cokelat,72.7,2.5,1.8,11.4,10.5,0.3,150,0.7,68,100,Olahan,Minuman,,220,Dancow Coklat Susu Dancow Cokelat,Dancow Fortigro Chocolate Milk Prepared · Dancow Coklat Susu Dancow Cokelat · 1 gelas (220 ml) dari 1 sachet 38 g · Nasional/Roti & Pastry · src:FatSecret ID · conf:high
idn-dancow-fortigro-full-cream,Dancow Fortigro Full Cream,54.5,2.7,2.0,6.8,6.4,0.0,164,0.6,59,100,Olahan,Minuman,,220,Dancow Full Cream Susu Dancow Full Cream,Dancow Fortigro Full Cream Milk Prepared · Dancow Full Cream Susu Dancow Full Cream · 1 gelas (220 ml) dari 4 sdm (25 g) · Nasional/Roti & Pastry · src:FatSecret ID · conf:high
idn-double-espresso,Double Espresso,9.0,0.5,0.2,1.5,0.0,0.0,3,0.1,14,100,Olahan,Minuman,,60,Doppio Espresso Doppio,Double Shot Espresso · Doppio Espresso Doppio · 2 shot (60 ml) · Nasional/Kopi · src:USDA analog · conf:high
idn-energen-oat-milk,Energen Oat Milk,50.0,0.8,1.1,8.9,5.6,0.8,83,1.1,28,100,Olahan,Minuman,,180,Energen Oat Energen Oatmilk,Energen Oat Milk Cereal Drink · Energen Oat Energen Oatmilk · 1 gelas (180 ml) dari 1 sachet 24 g · Nasional/Bubur · src:FatSecret ID · conf:medium
idn-energen-sereal-cokelat,Energen Sereal Cokelat,65.0,0.5,1.8,11.5,8.5,0.5,100,1.5,30,100,Olahan,Minuman,,200,Energen Coklat Energen Sereal Coklat,Energen Chocolate Cereal Drink · Energen Coklat Energen Sereal Coklat · 1 gelas (200 ml) dari 1 sachet 29 g · Nasional/Bubur · src:NilaiGizi · conf:high
idn-energen-sereal-kacang-hijau,Energen Sereal Kacang Hijau,65.0,1.0,1.5,11.5,8.0,0.5,100,1.5,30,100,Olahan,Minuman,,200,Energen Hijau Energen Kacang Hijau,Energen Mung Bean Cereal Drink · Energen Hijau Energen Kacang Hijau · 1 gelas (200 ml) dari 1 sachet 30 g · Nasional/Bubur · src:NilaiGizi · conf:high
idn-energen-sereal-vanila,Energen Sereal Vanila,65.0,0.5,1.8,11.5,8.5,0.5,100,1.5,30,100,Olahan,Minuman,,200,Energen Rasa Vanila Energen Vanila,Energen Vanilla Cereal Drink · Energen Rasa Vanila Energen Vanila · 1 gelas (200 ml) dari 1 sachet 29 g · Nasional/Ikan · src:FatSecret ID · conf:high
idn-es-alpukat-kocok,Es Alpukat Kocok,145.0,1.8,8.5,16.0,13.0,2.2,45,0.5,25,100,Olahan,Minuman,,250,Alpukat Kocok Es Pokat Kocok,Shaken Avocado Ice With Chocolate · Alpukat Kocok Es Pokat Kocok · 1 gelas (250 ml) · Nasional/Buah · src:Recipe calc · conf:high
idn-es-americano,Es Americano,2.0,0.2,0.0,0.3,0.0,0.0,3,0.0,5,100,Olahan,Minuman,,300,Americano Dingin Iced Americano,Iced Americano · Americano Dingin Iced Americano · 1 cup (300 ml) · Nasional/Gulai & Kari · src:USDA analog · conf:high
idn-es-blewah,Es Blewah,60.0,0.4,0.1,14.5,13.5,0.5,12,0.2,10,100,Olahan,Minuman,,250,Blewah Sirup Es Blewah Serut,Iced Cantaloupe Shred Drink · Blewah Sirup Es Blewah Serut · 1 gelas (250 ml) · Nasional/Buah · src:Recipe calc · conf:high
idn-es-buah,Es Buah,85.0,0.7,1.2,18.0,15.5,0.9,25,0.3,20,100,Olahan,Minuman,,300,Es Buah Segar Es Koktail Buah,Iced Mixed Fruit Cocktail Drink · Es Buah Segar Es Koktail Buah · 1 mangkok (300 ml) · Nasional/Jus & Es Buah · src:Recipe calc · conf:high
idn-es-caffe-latte,Es Caffe Latte,42.0,2.2,2.0,3.4,3.3,0.0,76,0.1,32,100,Olahan,Minuman,,300,Es Latte Iced Latte,Iced Caffe Latte · Es Latte Iced Latte · 1 cup (300 ml) · Nasional/Kopi · src:FatSecret ID · conf:high
idn-es-cincau-hitam,Es Cincau Hitam,58.0,0.4,0.9,12.5,11.0,0.7,25,0.4,18,100,Olahan,Minuman,,250,Cincau Hitam Es Cincau Item,Iced Black Grass Jelly Drink · Cincau Hitam Es Cincau Item · 1 gelas (250 ml) · Nasional/Es Manis · src:Recipe calc · conf:high
idn-es-cokelat-kekinian,Es Cokelat Kekinian,78.0,2.0,2.6,12.0,11.0,0.6,70,0.5,48,100,Olahan,Minuman,,350,Es Coklat Kekinian Iced Chocolate,Iced Chocolate Milk Drink · Es Coklat Kekinian Iced Chocolate · 1 cup (350 ml) · Nasional/Susu & Dairy · src:FatSecret ID · conf:high
idn-es-cokelat-susu,Es Cokelat Susu,95.0,2.2,2.8,15.5,14.5,0.4,90,0.4,45,100,Olahan,Minuman,,250,Cokelat Dingin Es Coklat,Iced Chocolate Milk · Cokelat Dingin Es Coklat · 1 gelas (250 ml) · Nasional/Roti & Pastry · src:Recipe calc · conf:high
idn-es-jeruk-manis,Es Jeruk Manis,48.0,0.4,0.1,11.5,10.8,0.2,12,0.2,5,100,Olahan,Minuman,,250,Es Jeruk Es Jeruk Peras Manis,Iced Sweet Orange Squash · Es Jeruk Es Jeruk Peras Manis · 1 gelas (250 ml) · Nasional/Buah · src:Recipe calc · conf:high
idn-es-jeruk-nipis,Es Jeruk Nipis,40.0,0.2,0.1,10.0,9.3,0.1,8,0.1,4,100,Olahan,Minuman,,250,Es Jeruk Nipis Peras Es Limau,Iced Lime Juice With Sugar · Es Jeruk Nipis Peras Es Limau · 1 gelas (250 ml) · Nasional/Buah · src:Recipe calc · conf:high
idn-es-jeruk-warmindo,Es Jeruk Warmindo,44.0,0.3,0.1,10.5,10.0,0.1,8,0.1,3,100,Olahan,Minuman,,250,Es Jeruk Warteg Jeruk Peras Warung,Warung Style Iced Orange Drink · Es Jeruk Warteg Jeruk Peras Warung · 1 gelas (250 ml) · Nasional/Buah · src:Recipe calc · conf:medium
idn-es-kacang-hijau,Es Kacang Hijau,105.0,2.8,2.5,18.0,12.0,1.6,35,0.9,25,100,Olahan,Minuman,,250,Es Kacang Ijo Kacang Hijau Santan,Iced Sweet Mung Bean Drink · Es Kacang Ijo Kacang Hijau Santan · 1 mangkok (250 ml) · Nasional/Kacang & Biji · src:Recipe calc · conf:high
idn-es-kolang-kaling,Es Kolang Kaling,70.0,0.3,0.2,17.0,14.5,1.2,30,0.3,10,100,Olahan,Minuman,,250,Es Buah Atap Kolang Kaling Sirup,Iced Palm Fruit In Syrup · Es Buah Atap Kolang Kaling Sirup · 1 gelas (250 ml) · Nasional/Sayuran · src:Recipe calc · conf:medium
idn-es-kopi-jumbo-1-liter,Es Kopi Jumbo 1 Liter,45.0,0.8,1.0,8.5,8.0,0.0,28,0.1,18,100,Olahan,Minuman,,1000,Es Kopi Literan Kopi Susu 1 Liter,Iced Milk Coffee One Litre Jug · Es Kopi Literan Kopi Susu 1 Liter · 1 botol (1000 ml) · Nasional/Kopi · src:Recipe calc · conf:medium
idn-es-kopi-kelapa,Es Kopi Kelapa,52.0,0.5,0.4,12.0,11.0,0.2,18,0.3,40,100,Olahan,Minuman,,250,Es Kopi Degan Kopi Kelapa,Iced Coffee With Coconut Water · Es Kopi Degan Kopi Kelapa · 1 gelas (250 ml) · Nasional/Kopi · src:Recipe calc · conf:medium
idn-es-kopi-susu-aren-large,Es Kopi Susu Aren Large,58.0,1.4,1.7,9.3,8.4,0.0,48,0.1,24,100,Olahan,Minuman,,500,Es Kopi Aren Jumbo Kopi Susu Aren Large,Iced Palm Sugar Milk Coffee Large · Es Kopi Aren Jumbo Kopi Susu Aren Large · 1 cup large (500 ml) · Nasional/Roti & Pastry · src:Recipe calc · conf:high
idn-es-kopi-susu-aren-regular,Es Kopi Susu Aren Regular,62.0,1.5,1.8,10.0,9.0,0.0,50,0.1,25,100,Olahan,Minuman,,250,Es Kopi Aren Regular Kopi Susu Aren,Iced Palm Sugar Milk Coffee Regular · Es Kopi Aren Regular Kopi Susu Aren · 1 cup regular (250 ml) · Nasional/Roti & Pastry · src:Recipe calc · conf:high
idn-es-kopi-susu-less-sugar,Es Kopi Susu Less Sugar,38.0,1.4,1.7,4.0,3.2,0.0,48,0.1,25,100,Olahan,Minuman,,250,Es Kopi Susu Sedikit Gula Kopi Susu Less Sugar,Iced Milk Coffee Less Sugar · Es Kopi Susu Sedikit Gula Kopi Susu Less Sugar · 1 cup regular (250 ml) · Nasional/Roti & Pastry · src:Recipe calc · conf:medium
idn-es-lemon-tea,Es Lemon Tea,42.0,0.1,0.0,10.5,10.0,0.1,4,0.1,5,100,Olahan,Minuman,,250,Es Teh Lemon Lemon Tea Dingin,Iced Lemon Tea · Es Teh Lemon Lemon Tea Dingin · 1 gelas (250 ml) · Nasional/Teh · src:Recipe calc · conf:high
idn-es-matcha-latte,Es Matcha Latte,68.0,2.0,2.0,11.0,10.0,0.4,70,0.4,35,100,Olahan,Minuman,,300,Es Matcha Iced Matcha,Iced Matcha Green Tea Latte · Es Matcha Iced Matcha · 1 cup (300 ml) · Nasional/Kopi · src:FatSecret ID · conf:high
idn-es-rumput-laut,Es Rumput Laut,75.0,0.6,1.5,15.0,12.5,1.5,45,0.6,40,100,Olahan,Minuman,,250,Es Rumput Laut Santan Seaweed Ice,Iced Seaweed Jelly Drink · Es Rumput Laut Santan Seaweed Ice · 1 gelas (250 ml) · Nasional/Jus & Es Buah · src:Recipe calc · conf:medium
idn-es-sarang-burung,Es Sarang Burung,88.0,1.0,1.8,17.5,15.5,0.6,40,0.3,30,100,Olahan,Minuman,,250,Es Sarang Burung Agar Sarang Burung Nata,Birds Nest Jelly Ice Dessert Drink · Es Sarang Burung Agar Sarang Burung Nata · 1 gelas (250 ml) · Nasional/Bebek & Unggas · src:Recipe calc · conf:medium
idn-es-selasih-sirup,Es Selasih Sirup,55.0,0.3,0.3,13.0,12.0,0.8,25,0.3,8,100,Olahan,Minuman,,250,Es Biji Selasih Es Selasih,Iced Basil Seed Syrup Drink · Es Biji Selasih Es Selasih · 1 gelas (250 ml) · Nasional/Es Manis · src:Recipe calc · conf:medium
idn-es-sirsak,Es Sirsak,68.0,0.6,0.2,16.5,14.0,1.4,14,0.4,8,100,Olahan,Minuman,,250,Es Sirsak Segar Sirsak Dingin,Iced Soursop Drink · Es Sirsak Segar Sirsak Dingin · 1 gelas (250 ml) · Nasional/Buah · src:Recipe calc · conf:high
idn-es-sirup-merah,Es Sirup Merah,60.0,0.0,0.0,15.0,15.0,0.0,3,0.1,6,100,Olahan,Minuman,,250,Es Sirop Merah Es Sirup Cocopandan,Iced Red Cocopandan Syrup Drink · Es Sirop Merah Es Sirup Cocopandan · 1 gelas (250 ml) · Nasional/Es Manis · src:Recipe calc · conf:high
idn-es-susu-kedelai,Es Susu Kedelai,40.0,2.4,1.4,4.6,4.0,0.3,22,0.5,22,100,Olahan,Minuman,,250,Es Soya Susu Kedelai Dingin,Iced Sweet Soy Milk · Es Soya Susu Kedelai Dingin · 1 gelas (250 ml) · Nasional/Roti & Pastry · src:Recipe calc · conf:high
idn-es-tebu-murni,Es Tebu Murni,58.0,0.2,0.1,14.5,13.8,0.1,18,0.4,15,100,Olahan,Minuman,,250,Air Tebu Es Tebu Peras,Fresh Pressed Sugarcane Juice · Air Tebu Es Tebu Peras · 1 gelas (250 ml) · Nasional/Roti & Pastry · src:Recipe calc · conf:high
idn-es-teh-jumbo-manis,Es Teh Jumbo Manis,34.0,0.0,0.0,8.6,8.4,0.0,2,0.1,5,100,Olahan,Minuman,,500,Es Teh Jumbo Teh Jumbo Manis,Jumbo Sweet Iced Tea · Es Teh Jumbo Teh Jumbo Manis · 1 cup jumbo (500 ml) · Nasional/Teh · src:Recipe calc · conf:high
idn-es-teh-leci,Es Teh Leci,55.0,0.1,0.0,13.8,13.0,0.1,4,0.1,6,100,Olahan,Minuman,,250,Lychee Tea Teh Leci,Iced Lychee Tea · Lychee Tea Teh Leci · 1 gelas (250 ml) · Nasional/Buah · src:Recipe calc · conf:medium
idn-es-teh-tawar-dingin,Es Teh Tawar Dingin,1.0,0.0,0.0,0.3,0.0,0.0,1,0.0,4,100,Olahan,Minuman,,350,Es Teh Tawar Iced Plain Tea,Unsweetened Cold Tea · Es Teh Tawar Iced Plain Tea · 1 gelas (350 ml) · Nasional/Teh · src:TKPI · conf:high
idn-es-teh-warteg,Es Teh Warteg,30.0,0.0,0.0,7.5,7.5,0.0,3,0.1,5,100,Olahan,Minuman,,250,Es Teh Warung Teh Es Warteg,Warteg Style Iced Sweet Tea · Es Teh Warung Teh Es Warteg · 1 gelas (250 ml) · Nasional/Teh · src:Recipe calc · conf:high
idn-es-timun-serut,Es Timun Serut,42.0,0.3,0.1,10.2,9.5,0.4,12,0.2,6,100,Olahan,Minuman,,250,Es Timun Timun Serut Sirup,Iced Shredded Cucumber Drink · Es Timun Timun Serut Sirup · 1 gelas (250 ml) · Nasional/Sayuran · src:Recipe calc · conf:medium
idn-extra-joss-larut,Extra Joss Larut,6.0,0.1,0.0,1.4,1.2,0.0,3,0.0,5,100,Olahan,Minuman,,200,Ekstra Joss Extra Joss,Extra Joss Dissolved Energy Drink · Ekstra Joss Extra Joss · 1 gelas (200 ml) · Nasional/Soto & Sup · src:Estimate · conf:medium
idn-fanta-stroberi,Fanta Stroberi,19.0,0.0,0.0,4.8,4.4,0.0,2,0.0,10,100,Olahan,Minuman,,250,Fanta Merah Fanta Strawberry,Fanta Strawberry Soda · Fanta Merah Fanta Strawberry · 1 kaleng (330 ml) · Nasional/Es Manis · src:NilaiGizi · conf:high
idn-floridina-jeruk-florida,Floridina Jeruk Florida,46.0,0.1,0.0,11.4,10.8,0.1,4,0.1,12,100,Olahan,Minuman,,350,Floridina Floridina Orange,Floridina Florida Orange Drink · Floridina Floridina Orange · 1 botol (350 ml) · Nasional/Buah · src:FatSecret ID · conf:high
idn-frappe-caramel,Frappe Caramel,110.0,2.0,3.8,17.5,16.5,0.0,65,0.2,55,100,Olahan,Minuman,,400,Caramel Frappuccino Frappe Karamel,Caramel Coffee Frappe · Caramel Frappuccino Frappe Karamel · 1 cup (400 ml) · Nasional/Kopi · src:FatSecret ID · conf:medium
idn-frappuccino-coklat,Frappuccino Coklat,105.0,2.2,3.5,17.0,16.0,0.5,70,0.5,50,100,Olahan,Minuman,,400,Frappe Coklat Frappuccino Cokelat,Chocolate Coffee Frappuccino · Frappe Coklat Frappuccino Cokelat · 1 cup (400 ml) · Nasional/Kopi · src:FatSecret ID · conf:medium
idn-frestea-green-tea,Frestea Green Tea,23.0,0.0,0.0,5.7,5.1,0.0,2,0.0,10,100,Olahan,Minuman,,350,Fres Tea Green Frestea Hijau,Frestea Bottled Green Tea · Fres Tea Green Frestea Hijau · 1 botol (350 ml) · Nasional/Teh · src:NilaiGizi · conf:high
idn-frestea-jasmine,Frestea Jasmine,32.0,0.0,0.0,8.0,7.2,0.0,2,0.0,10,100,Olahan,Minuman,,500,Fres Tea Jasmine Frestea Melati,Frestea Bottled Jasmine Tea · Fres Tea Jasmine Frestea Melati · 1 botol (500 ml) · Nasional/Teh · src:NilaiGizi · conf:high
idn-frisian-flag-purefarm-coklat,Frisian Flag Purefarm Coklat,71.0,2.7,2.4,10.2,9.8,0.2,110,0.2,60,100,Olahan,Minuman,,225,FF Purefarm Coklat Susu Bendera Coklat,Frisian Flag Purefarm Chocolate UHT · FF Purefarm Coklat Susu Bendera Coklat · 1 kotak (225 ml) · Nasional/Roti & Pastry · src:NilaiGizi · conf:high
idn-frisian-flag-purefarm-full-cream,Frisian Flag Purefarm Full Cream,62.0,3.1,3.1,5.3,5.3,0.0,120,0.1,50,100,Olahan,Minuman,,225,FF Purefarm Full Cream Susu Bendera Full Cream,Frisian Flag Purefarm Full Cream UHT · FF Purefarm Full Cream Susu Bendera Full Cream · 1 kotak (225 ml) · Nasional/Roti & Pastry · src:NilaiGizi · conf:high
idn-frisian-flag-susu-bubuk-full-cream,Frisian Flag Susu Bubuk Full Cream,53.3,2.4,1.9,6.7,6.4,0.0,151,0.5,58,100,Olahan,Minuman,,225,Frisian Flag Bubuk Full Cream Susu Bubuk Bendera,Frisian Flag Full Cream Milk Powder Prepared · Frisian Flag Bubuk Full Cream Susu Bubuk Bendera · 1 gelas (225 ml) dari 4 sdm (25 g) · Nasional/Roti & Pastry · src:FatSecret ID · conf:high
idn-fruit-tea-sosro-apel,Fruit Tea Sosro Apel,49.0,0.0,0.0,12.2,9.7,0.0,3,0.1,15,100,Olahan,Minuman,,350,Fruit Tea Apel Fruittea Apel,Sosro Fruit Tea Apple · Fruit Tea Apel Fruittea Apel · 1 botol (350 ml) · Nasional/Buah · src:NilaiGizi · conf:medium
idn-fruit-tea-sosro-stroberi,Fruit Tea Sosro Stroberi,34.0,0.0,0.0,8.6,6.9,0.0,3,0.1,15,100,Olahan,Minuman,,350,Fruit Tea Strawberry Fruittea Stroberi,Sosro Fruit Tea Strawberry · Fruit Tea Strawberry Fruittea Stroberi · 1 botol (350 ml) · Nasional/Teh · src:NilaiGizi · conf:medium
idn-golda-coffee-cappuccino,Golda Coffee Cappuccino,90.0,1.0,2.5,15.5,9.5,0.0,30,0.1,40,100,Olahan,Minuman,,200,Golda Cappuccino Golda Kopi Cappuccino,Golda Bottled Cappuccino Coffee · Golda Cappuccino Golda Kopi Cappuccino · 1 botol (200 ml) · Nasional/Kopi · src:NilaiGizi · conf:high
idn-golda-coffee-dolce-latte,Golda Coffee Dolce Latte,60.0,0.8,1.5,10.5,7.5,0.0,25,0.1,35,100,Olahan,Minuman,,200,Golda Dolce Latte Golda Latte,Golda Bottled Dolce Latte Coffee · Golda Dolce Latte Golda Latte · 1 botol (200 ml) · Nasional/Kopi · src:NilaiGizi · conf:high
idn-good-day-cappuccino,Good Day Cappuccino,55.0,0.5,1.5,9.5,7.0,0.2,5,0.1,22,100,Olahan,Minuman,,200,Good Day Capuccino Kopi Good Day Cappuccino,Good Day Cappuccino Instant Coffee · Good Day Capuccino Kopi Good Day Cappuccino · 1 gelas (200 ml) dari 1 sachet 25 g · Nasional/Kopi · src:NilaiGizi · conf:medium
idn-good-day-carrabian-nut,Good Day Carrabian Nut,45.0,0.4,1.2,7.5,6.0,0.1,5,0.1,20,100,Olahan,Minuman,,200,Good Day Caribbean Nut Kopi Good Day Carrabian Nut,Good Day Carrabian Nut Instant Coffee · Good Day Caribbean Nut Kopi Good Day Carrabian Nut · 1 gelas (200 ml) dari 1 sachet 20 g · Nasional/Kopi · src:Estimate · conf:medium
idn-good-day-coolin-cappuccino,Good Day Coolin Cappuccino,45.0,0.3,1.2,8.0,6.0,0.1,5,0.1,20,100,Olahan,Minuman,,200,Good Day Cappuccino Dingin Good Day Coolin,Good Day Coolin Iced Cappuccino · Good Day Cappuccino Dingin Good Day Coolin · 1 gelas es (200 ml) dari 1 sachet 20 g · Nasional/Kopi · src:Estimate · conf:medium
idn-good-day-originale-cappuccino-botol,Good Day Originale Cappuccino Botol,64.0,0.8,1.6,11.2,9.6,0.0,25,0.1,35,100,Olahan,Minuman,,250,Good Day Botol Good Day Cappuccino Botol,Good Day Bottled Originale Cappuccino · Good Day Botol Good Day Cappuccino Botol · 1 botol (250 ml) · Nasional/Kopi · src:NilaiGizi · conf:high
idn-greenfields-fresh-milk-full-cream,Greenfields Fresh Milk Full Cream,64.0,3.4,3.6,4.6,4.6,0.0,120,0.1,45,100,Olahan,Minuman,,250,Greenfields Full Cream Susu Greenfields,Greenfields Full Cream Fresh Milk · Greenfields Full Cream Susu Greenfields · 1 gelas (250 ml) · Nasional/Roti & Pastry · src:NilaiGizi · conf:high
idn-greenfields-fresh-milk-low-fat,Greenfields Fresh Milk Low Fat,44.0,3.5,1.5,4.8,4.8,0.0,130,0.1,48,100,Olahan,Minuman,,250,Greenfields Low Fat Susu Greenfields Low Fat,Greenfields Low Fat Fresh Milk · Greenfields Low Fat Susu Greenfields Low Fat · 1 gelas (250 ml) · Nasional/Roti & Pastry · src:NilaiGizi · conf:high
idn-heavenly-blush-yogurt-drink,Heavenly Blush Yogurt Drink,58.0,2.2,0.8,10.5,8.5,1.5,80,0.1,40,100,Olahan,Minuman,,200,Heavenly Blush Yogurt Heavenly Blush,Heavenly Blush Drinkable Yogurt · Heavenly Blush Yogurt Heavenly Blush · 1 botol (200 ml) · Nasional/Susu & Dairy · src:Estimate · conf:medium
idn-hydro-coco,Hydro Coco,24.0,0.2,0.0,6.0,5.5,0.2,10,0.1,28,100,Olahan,Minuman,,250,Hydro Coco Original Hydrococo,Hydro Coco Packaged Coconut Water · Hydro Coco Original Hydrococo · 1 kotak (250 ml) · Nasional/Soto & Sup · src:NilaiGizi · conf:high
idn-indomilk-uht-coklat,Indomilk UHT Coklat,70.0,2.4,2.4,10.0,9.5,0.2,105,0.2,60,100,Olahan,Minuman,,190,Indomilk Cokelat Susu Indomilk Coklat,Indomilk UHT Chocolate Milk · Indomilk Cokelat Susu Indomilk Coklat · 1 kotak (190 ml) · Nasional/Roti & Pastry · src:NilaiGizi · conf:high
idn-indomilk-uht-full-cream,Indomilk UHT Full Cream,63.0,3.0,3.2,5.3,5.3,0.0,110,0.1,55,100,Olahan,Minuman,,190,Indomilk Kotak Susu Indomilk Full Cream,Indomilk UHT Full Cream Milk · Indomilk Kotak Susu Indomilk Full Cream · 1 kotak (190 ml) · Nasional/Roti & Pastry · src:NilaiGizi · conf:high
idn-infused-water-lemon-timun,Infused Water Lemon Timun,5.0,0.1,0.0,1.0,0.6,0.2,5,0.1,3,100,Olahan,Minuman,,500,Air Infus Lemon Infused Water,Lemon Cucumber Infused Water · Air Infus Lemon Infused Water · 1 botol (500 ml) · Nasional/Sayuran · src:Estimate · conf:medium
idn-jasjus-rasa-jeruk,Jasjus Rasa Jeruk,9.0,0.0,0.0,2.2,2.2,0.0,1,0.0,4,100,Olahan,Minuman,,200,Jas Jus Jeruk Jasjus,Jasjus Orange Powder Drink · Jas Jus Jeruk Jasjus · 1 gelas (200 ml) dari 1 sachet 5 g · Nasional/Buah · src:Estimate · conf:medium
idn-jeruk-nipis-hangat-madu,Jeruk Nipis Hangat Madu,48.0,0.1,0.0,12.0,11.5,0.1,6,0.1,4,100,Olahan,Minuman,,200,Air Jeruk Nipis Madu Lemon Madu Hangat,Hot Lime Honey Drink · Air Jeruk Nipis Madu Lemon Madu Hangat · 1 gelas (200 ml) · Nasional/Buah · src:Recipe calc · conf:high
idn-jus-alpukat,Jus Alpukat,138.0,1.6,8.0,15.5,12.5,2.0,40,0.5,25,100,Olahan,Minuman,,250,Alpukat Blender Jus Pokat,Avocado Shake With Condensed Milk · Alpukat Blender Jus Pokat · 1 gelas (250 ml) · Nasional/Buah · src:Recipe calc · conf:high
idn-jus-buah-naga-merah,Jus Buah Naga Merah,62.0,0.8,0.3,14.5,12.0,1.5,12,0.4,6,100,Olahan,Minuman,,250,Dragon Fruit Juice Jus Naga Merah,Red Dragon Fruit Juice · Dragon Fruit Juice Jus Naga Merah · 1 gelas (250 ml) · Nasional/Buah · src:Recipe calc · conf:medium
idn-jus-jambu-biji-merah,Jus Jambu Biji Merah,72.0,0.7,0.4,17.0,15.0,1.6,15,0.4,6,100,Olahan,Minuman,,250,Jus Jambu Jus Jambu Merah,Red Guava Juice · Jus Jambu Jus Jambu Merah · 1 gelas (250 ml) · Nasional/Buah · src:Recipe calc · conf:high
idn-jus-jeruk-peras,Jus Jeruk Peras,52.0,0.6,0.2,12.2,11.0,0.3,14,0.2,4,100,Olahan,Minuman,,250,Jus Jeruk Orange Juice Peras,Fresh Squeezed Orange Juice · Jus Jeruk Orange Juice Peras · 1 gelas (250 ml) · Nasional/Buah · src:Recipe calc · conf:high
idn-jus-mangga,Jus Mangga,85.0,0.6,0.3,20.5,18.5,0.9,12,0.3,6,100,Olahan,Minuman,,250,Jus Mangga Harum Manis Mango Juice,Mango Juice · Jus Mangga Harum Manis Mango Juice · 1 gelas (250 ml) · Nasional/Buah · src:Recipe calc · conf:high
idn-jus-melon,Jus Melon,52.0,0.5,0.1,12.8,11.5,0.5,10,0.2,12,100,Olahan,Minuman,,250,Jus Melon Hijau Melon Juice,Melon Juice · Jus Melon Hijau Melon Juice · 1 gelas (250 ml) · Nasional/Buah · src:Recipe calc · conf:high
idn-jus-semangka,Jus Semangka,45.0,0.5,0.1,11.0,10.0,0.2,8,0.2,6,100,Olahan,Minuman,,250,Jus Semangka Merah Watermelon Juice,Watermelon Juice · Jus Semangka Merah Watermelon Juice · 1 gelas (250 ml) · Nasional/Buah · src:Recipe calc · conf:high
idn-jus-sirsak,Jus Sirsak,82.0,0.9,0.3,20.0,16.5,2.2,16,0.5,10,100,Olahan,Minuman,,250,Jus Sirsak Kental Soursop Juice,Soursop Juice · Jus Sirsak Kental Soursop Juice · 1 gelas (250 ml) · Nasional/Buah · src:Recipe calc · conf:medium
idn-jus-tomat,Jus Tomat,45.0,0.7,0.2,10.5,9.0,0.6,12,0.3,25,100,Olahan,Minuman,,250,Jus Tomat Segar Tomato Juice,Tomato Juice · Jus Tomat Segar Tomato Juice · 1 gelas (250 ml) · Nasional/Sayuran · src:Recipe calc · conf:high
idn-jus-wortel,Jus Wortel,55.0,0.7,0.2,13.0,10.5,0.9,25,0.4,40,100,Olahan,Minuman,,250,Carrot Juice Jus Wortel Segar,Carrot Juice · Carrot Juice Jus Wortel Segar · 1 gelas (250 ml) · Nasional/Sayuran · src:Recipe calc · conf:high
idn-kapal-api-special-mix,Kapal Api Special Mix,45.0,0.3,1.0,8.5,6.5,0.1,5,0.1,18,100,Olahan,Minuman,,200,Kapal Api Spesial Mix Kopi Kapal Api Special Mix,Kapal Api Special Mix Instant Coffee · Kapal Api Spesial Mix Kopi Kapal Api Special Mix · 1 gelas (200 ml) dari 1 sachet 25 g · Nasional/Kopi · src:FatSecret ID · conf:high
idn-kapal-api-white-coffee,Kapal Api White Coffee,65.0,0.6,2.0,11.0,8.0,0.1,8,0.1,30,100,Olahan,Minuman,,200,Kapal Api Fresco White Kopi Kapal Api White Coffee,Kapal Api White Coffee Sachet · Kapal Api Fresco White Kopi Kapal Api White Coffee · 1 gelas (200 ml) dari 1 sachet 25 g · Nasional/Kopi · src:FatSecret ID · conf:medium
idn-kefir-susu-plain,Kefir Susu Plain,60.0,3.6,3.3,4.4,4.0,0.0,120,0.1,50,100,Olahan,Minuman,,200,Kefir Kefir Susu Sapi Kefir Tawar,Plain Milk Kefir · Kefir Kefir Susu Sapi Kefir Tawar · 1 gelas (200 ml) · Nasional/Roti & Pastry · src:USDA analog · conf:medium
idn-kopi-aren-cincau,Kopi Aren Cincau,65.0,1.2,1.6,11.5,9.5,0.6,45,0.2,25,100,Olahan,Minuman,,300,Es Kopi Cincau Aren Kopi Susu Cincau,Palm Sugar Coffee With Grass Jelly · Es Kopi Cincau Aren Kopi Susu Cincau · 1 cup (300 ml) · Nasional/Kopi · src:Recipe calc · conf:medium
idn-kopi-hitam-tanpa-gula,Kopi Hitam Tanpa Gula,5.0,0.2,0.0,0.8,0.0,0.0,3,0.1,5,100,Olahan,Minuman,,200,Kopi Hitam Polos Kopi Pahit,Black Coffee No Sugar · Kopi Hitam Polos Kopi Pahit · 1 cangkir (200 ml) · Nasional/Bumbu & Saus · src:USDA analog · conf:high
idn-kopi-kenangan-mantan,Kopi Kenangan Mantan,51.0,1.3,1.5,8.0,7.3,0.0,45,0.1,25,100,Olahan,Minuman,,354,Kenangan Mantan Kopi Kenangan Signature,Kenangan Brown Sugar Milk Coffee · Kenangan Mantan Kopi Kenangan Signature · 1 gelas regular (354 ml) · Nasional/Kopi · src:FatSecret ID · conf:high
idn-kopi-kenangan-mantancino-botol,Kopi Kenangan Mantancino Botol,73.0,1.4,1.6,13.2,10.5,0.0,35,0.1,30,100,Olahan,Minuman,,220,Kopi Kenangan Botol Mantancino Botol,Kopi Kenangan Bottled Mantancino · Kopi Kenangan Botol Mantancino Botol · 1 botol (220 ml) · Nasional/Kopi · src:NilaiGizi · conf:medium
idn-kopi-luwak,Kopi Luwak,6.0,0.2,0.0,1.0,0.0,0.0,3,0.1,5,100,Olahan,Minuman,,150,Kopi Luwak Tubruk Luwak Coffee,Civet Coffee Brewed Black · Kopi Luwak Tubruk Luwak Coffee · 1 cangkir (150 ml) · Nasional/Kopi · src:USDA analog · conf:medium
idn-kopi-susu-kelapa-kekinian,Kopi Susu Kelapa Kekinian,60.0,1.0,2.2,9.3,8.5,0.2,25,0.2,22,100,Olahan,Minuman,,250,Es Kopi Susu Kelapa Kopi Kelapa Kekinian,Coconut Milk Coffee Modern Style · Es Kopi Susu Kelapa Kopi Kelapa Kekinian · 1 cup regular (250 ml) · Nasional/Roti & Pastry · src:Recipe calc · conf:medium
idn-kopi-susu-panas,Kopi Susu Panas,95.0,1.8,2.5,16.5,16.0,0.0,65,0.2,40,100,Olahan,Minuman,,200,Kopi Susu Kopi Susu Warkop,Hot Coffee With Condensed Milk · Kopi Susu Kopi Susu Warkop · 1 gelas (200 ml) · Nasional/Roti & Pastry · src:Recipe calc · conf:high
idn-kopi-susu-pandan,Kopi Susu Pandan,63.0,1.5,1.9,10.0,9.2,0.0,48,0.1,26,100,Olahan,Minuman,,250,Es Kopi Pandan Kopi Susu Pandan Kekinian,Pandan Milk Coffee · Es Kopi Pandan Kopi Susu Pandan Kekinian · 1 cup regular (250 ml) · Nasional/Roti & Pastry · src:Recipe calc · conf:medium
idn-kopi-telur,Kopi Telur,105.0,4.0,4.5,12.0,11.0,0.0,30,0.8,35,100,Olahan,Minuman,,200,Kopi Talua Jawa Kopi Telor,Egg Yolk Coffee · Kopi Talua Jawa Kopi Telor · 1 gelas (200 ml) · Nasional/Telur · src:Recipe calc · conf:medium
idn-kopi-tubruk,Kopi Tubruk,35.0,0.2,0.0,8.5,8.0,0.0,4,0.1,5,100,Olahan,Minuman,,200,Kopi Jawa Kopi Tubruk Manis,Traditional Sweet Boiled Coffee · Kopi Jawa Kopi Tubruk Manis · 1 gelas (200 ml) · Nasional/Kopi · src:Recipe calc · conf:high
idn-kopiko-78-latte,Kopiko 78 Latte,62.0,0.8,1.5,11.0,9.6,0.0,25,0.1,30,100,Olahan,Minuman,,240,Kopiko 78C Latte Kopiko Latte Botol,Kopiko 78 Degrees Bottled Latte · Kopiko 78C Latte Kopiko Latte Botol · 1 botol (240 ml) · Nasional/Snack Kemasan · src:NilaiGizi · conf:high
idn-kratingdaeng,Kratingdaeng,60.0,0.3,0.0,14.5,14.0,0.0,5,0.0,40,100,Olahan,Minuman,,150,Krating Daeng Kratingdaeng Botol,Kratingdaeng Energy Drink · Krating Daeng Kratingdaeng Botol · 1 botol (150 ml) · Nasional/Soto & Sup · src:FatSecret ID · conf:high
idn-larutan-cap-kaki-tiga,Larutan Cap Kaki Tiga,14.0,0.0,0.0,3.5,3.5,0.0,3,0.0,25,100,Olahan,Minuman,,200,Cap Kaki Tiga Larutan Penyegar,Cap Kaki Tiga Herbal Cooling Drink · Cap Kaki Tiga Larutan Penyegar · 1 kaleng (200 ml) · Nasional/Daging Sapi · src:Estimate · conf:medium
idn-le-minerale,Le Minerale,0.0,0.0,0.0,0.0,0.0,0.0,5,0.0,2,100,Olahan,Minuman,,600,Air Le Minerale Leminerale,Le Minerale Bottled Mineral Water · Air Le Minerale Leminerale · 1 botol (600 ml) · Nasional/Jus & Es Buah · src:NilaiGizi · conf:high
idn-luwak-white-koffie-botol,Luwak White Koffie Botol,50.0,0.6,1.2,9.0,6.4,0.0,20,0.1,28,100,Olahan,Minuman,,220,Luwak White Coffee Botol White Koffie Botol,Luwak White Coffee Ready To Drink · Luwak White Coffee Botol White Koffie Botol · 1 botol (220 ml) · Nasional/Kopi · src:NilaiGizi · conf:medium
idn-luwak-white-koffie-original,Luwak White Koffie Original,45.0,0.5,0.8,8.8,6.0,0.5,5,0.1,4,100,Olahan,Minuman,,200,Luwak White Koffie White Koffie Luwak,Luwak White Koffie Original Sachet · Luwak White Koffie White Koffie Luwak · 1 gelas (200 ml) dari 1 sachet 20 g · Nasional/Kopi · src:FatSecret ID · conf:high
idn-lychee-tea-kekinian,Lychee Tea Kekinian,45.0,0.1,0.0,11.3,11.0,0.1,4,0.1,8,100,Olahan,Minuman,,350,Es Lychee Tea Teh Leci Kekinian,Lychee Iced Tea Cafe Style · Es Lychee Tea Teh Leci Kekinian · 1 cup (350 ml) · Nasional/Teh · src:Estimate · conf:medium
idn-m-150-minuman-energi,M-150 Minuman Energi,62.0,0.3,0.0,15.0,14.5,0.0,5,0.0,45,100,Olahan,Minuman,,150,M-150 M150,M-150 Energy Drink · M-150 M150 · 1 botol (150 ml) · Nasional/Soto & Sup · src:Estimate · conf:medium
idn-macchiato-espresso,Macchiato Espresso,20.0,1.2,0.7,2.0,1.5,0.0,35,0.1,18,100,Olahan,Minuman,,60,Espresso Macchiato Kopi Macchiato,Espresso Macchiato · Espresso Macchiato Kopi Macchiato · 1 gelas kecil (60 ml) · Nasional/Kacang & Biji · src:Estimate · conf:medium
idn-marimas-rasa-jeruk,Marimas Rasa Jeruk,12.5,0.0,0.0,3.1,3.0,0.0,2,0.0,5,100,Olahan,Minuman,,200,Marimas Marimas Jeruk,Marimas Orange Powder Drink · Marimas Marimas Jeruk · 1 gelas (200 ml) dari 1 sachet 6 g · Nasional/Buah · src:FatSecret ID · conf:high
idn-matcha-latte-panas,Matcha Latte Panas,62.0,2.4,2.2,8.5,7.8,0.4,85,0.4,38,100,Olahan,Minuman,,250,Green Tea Latte Panas Matcha Latte,Hot Matcha Green Tea Latte · Green Tea Latte Panas Matcha Latte · 1 cup (250 ml) · Nasional/Kopi · src:FatSecret ID · conf:high
idn-milk-tea-original,Milk Tea Original,62.0,1.0,1.8,10.6,10.0,0.0,38,0.1,30,100,Olahan,Minuman,,350,Milk Tea Klasik Teh Susu Kekinian,Original Milk Tea · Milk Tea Klasik Teh Susu Kekinian · 1 cup (350 ml) · Nasional/Teh · src:NilaiGizi · conf:high
idn-milkuat-susu-botol,Milkuat Susu Botol,78.0,2.0,2.2,12.5,11.5,0.0,110,0.3,45,100,Olahan,Minuman,,70,Milkuat Susu Milkuat,Milkuat Bottled Flavoured Milk · Milkuat Susu Milkuat · 1 botol (70 ml) · Nasional/Roti & Pastry · src:NilaiGizi · conf:medium
idn-milo-3-in-1,Milo 3 In 1,65.9,1.1,1.1,12.3,9.1,0.4,55,1.3,32,100,Olahan,Minuman,,220,Milo 3in1 Milo Sachet Besar,Milo 3 In 1 Chocolate Malt Drink · Milo 3in1 Milo Sachet Besar · 1 gelas (220 ml) dari 1 sachet 33 g · Nasional/Susu & Dairy · src:FatSecret ID · conf:high
idn-milo-sachet,Milo Sachet,45.0,0.8,0.8,8.5,6.5,0.3,40,0.9,22,100,Olahan,Minuman,,200,Milo Bubuk Susu Milo Sachet,Milo Malt Chocolate Drink Sachet · Milo Bubuk Susu Milo Sachet · 1 gelas (200 ml) dari 1 sachet 22 g · Nasional/Susu & Dairy · src:FatSecret ID · conf:high
idn-milo-uht,Milo UHT,65.0,2.2,1.7,10.5,9.0,0.3,110,0.7,55,100,Olahan,Minuman,,180,Milo Kotak Susu Milo UHT,Milo UHT Chocolate Malt Milk Drink · Milo Kotak Susu Milo UHT · 1 kotak (180 ml) · Nasional/Roti & Pastry · src:NilaiGizi · conf:high
idn-minuman-susu-kelapa,Minuman Susu Kelapa,20.0,0.2,1.6,1.4,1.0,0.0,188,0.1,66,100,Olahan,Minuman,,240,Coconut Milk Drink Susu Kelapa Kemasan,Coconut Milk Beverage · Coconut Milk Drink Susu Kelapa Kemasan · 1 gelas (240 ml) · Nasional/Roti & Pastry · src:USDA analog · conf:medium
idn-minute-maid-pulpy-orange,Minute Maid Pulpy Orange,45.0,0.2,0.0,11.1,10.0,0.2,6,0.1,13,100,Olahan,Minuman,,350,Minute Maid Pulpy Pulpy Orange,Minute Maid Pulpy Orange Juice Drink · Minute Maid Pulpy Pulpy Orange · 1 botol (350 ml) · Nasional/Jus & Es Buah · src:FatSecret ID · conf:high
idn-mizone,Mizone,18.0,0.0,0.0,4.4,4.4,0.0,2,0.0,24,100,Olahan,Minuman,,500,Mizone Bledberi Mizone Botol,Mizone Isotonic Drink · Mizone Bledberi Mizone Botol · 1 botol (500 ml) · Nasional/Soto & Sup · src:NilaiGizi · conf:high
idn-mojito-soda-mint,Mojito Soda Mint,45.0,0.1,0.0,11.2,10.8,0.1,5,0.1,10,100,Olahan,Minuman,,350,Es Mojito Mint Virgin Mojito,Virgin Mojito Mint Soda · Es Mojito Mint Virgin Mojito · 1 gelas (350 ml) · Nasional/Es Manis · src:Recipe calc · conf:medium
idn-nescafe-cappuccino-sachet,Nescafe Cappuccino Sachet,54.5,0.6,1.4,9.5,6.8,0.2,9,0.0,27,100,Olahan,Minuman,,220,Nescafe Cappuccino Nescafe Capuccino,Nescafe Cappuccino Instant Coffee Sachet · Nescafe Cappuccino Nescafe Capuccino · 1 gelas (220 ml) dari 1 sachet 25 g · Nasional/Kopi · src:FatSecret ID · conf:medium
idn-nescafe-classic-3-in-1,Nescafe Classic 3 In 1,40.0,0.3,1.0,7.5,5.5,0.1,5,0.1,15,100,Olahan,Minuman,,200,Nescafe 3in1 Nescafe Original 3 in 1,Nescafe Classic 3 In 1 Instant Coffee · Nescafe 3in1 Nescafe Original 3 in 1 · 1 gelas (200 ml) dari 1 sachet 18 g · Nasional/Kopi · src:FatSecret ID · conf:high
idn-nestum-sereal-3-in-1,Nestum Sereal 3 In 1,60.0,1.0,1.5,10.5,5.5,0.5,75,1.2,30,100,Olahan,Minuman,,200,Nestum 3in1 Sereal Nestum,Nestum 3 In 1 Cereal Drink · Nestum 3in1 Sereal Nestum · 1 gelas (200 ml) dari 1 sachet 28 g · Nasional/Bubur · src:Estimate · conf:medium
idn-nu-green-tea,Nu Green Tea,21.0,0.0,0.0,5.3,4.8,0.0,2,0.0,8,100,Olahan,Minuman,,330,NU Green Tea Original,Nu Green Tea Original · NU Green Tea Original · 1 botol (330 ml) · Nasional/Teh · src:NilaiGizi · conf:high
idn-nu-green-tea-madu,Nu Green Tea Madu,40.0,0.0,0.0,9.5,9.0,0.0,3,0.1,5,100,Olahan,Minuman,,330,NU Green Tea Honey Nu Green Tea Honey,Nu Green Tea With Honey · NU Green Tea Honey Nu Green Tea Honey · 1 botol (330 ml) · Nasional/Bumbu & Saus · src:NilaiGizi · conf:medium
idn-nu-milk-tea,Nu Milk Tea,67.0,1.0,1.2,11.8,9.7,0.0,30,0.1,25,100,Olahan,Minuman,,330,,Nu Bottled Milk Tea · 1 botol (330 ml) · Nasional/Teh · src:NilaiGizi · conf:medium
idn-nutrisari-jeruk-peras,Nutrisari Jeruk Peras,23.8,0.0,0.0,6.0,5.7,0.1,5,0.0,7,100,Olahan,Minuman,,210,Nutri Sari Jeruk Peras Nutrisari Jeruk,NutriSari Squeezed Orange Powder Drink · Nutri Sari Jeruk Peras Nutrisari Jeruk · 1 gelas (210 ml) dari 1 sachet 14 g · Nasional/Buah · src:FatSecret ID · conf:high
idn-nutrisari-lemon-tea,Nutrisari Lemon Tea,28.6,0.0,0.0,7.1,6.7,0.1,4,0.0,7,100,Olahan,Minuman,,210,Nutri Sari Lemon Tea Nutrisari Teh Lemon,NutriSari Lemon Tea Powder Drink · Nutri Sari Lemon Tea Nutrisari Teh Lemon · 1 gelas (210 ml) dari 1 sachet 14 g · Nasional/Teh · src:FatSecret ID · conf:high
idn-peach-tea-kekinian,Peach Tea Kekinian,42.0,0.1,0.0,10.6,10.2,0.1,4,0.1,8,100,Olahan,Minuman,,350,Es Peach Tea Teh Peach,Peach Iced Tea Cafe Style · Es Peach Tea Teh Peach · 1 cup (350 ml) · Nasional/Buah · src:Estimate · conf:medium
idn-pepsi-cola,Pepsi Cola,43.0,0.0,0.0,10.9,10.9,0.0,2,0.0,6,100,Olahan,Minuman,,330,Pepsi Pepsi Kaleng,Pepsi Cola Soft Drink · Pepsi Pepsi Kaleng · 1 kaleng (330 ml) · Nasional/Es Manis · src:FatSecret ID · conf:high
idn-pocari-sweat,Pocari Sweat,24.0,0.0,0.0,6.2,5.6,0.0,2,0.0,49,100,Olahan,Minuman,,500,Pocari Pocari Sweat Botol,Pocari Sweat Isotonic Drink · Pocari Pocari Sweat Botol · 1 botol (500 ml) · Nasional/Soto & Sup · src:NilaiGizi · conf:high
idn-pop-ice-rasa-cokelat,Pop Ice Rasa Cokelat,44.0,0.4,1.2,7.6,6.0,0.1,12,0.1,20,100,Olahan,Minuman,,250,Pop Ice Coklat Popice Cokelat,Pop Ice Chocolate Milkshake Powder · Pop Ice Coklat Popice Cokelat · 1 gelas es blender (250 ml) dari 1 sachet 25 g · Nasional/Susu & Dairy · src:FatSecret ID · conf:high
idn-pop-ice-vanilla-blue,Pop Ice Vanilla Blue,40.0,0.4,1.1,7.0,5.6,0.1,11,0.1,18,100,Olahan,Minuman,,250,Pop Ice Vanila Popice Vanilla Blue,Pop Ice Vanilla Blue Milkshake Powder · Pop Ice Vanila Popice Vanilla Blue · 1 gelas es blender (250 ml) dari 1 sachet 23 g · Nasional/Susu & Dairy · src:FatSecret ID · conf:high
idn-quaker-oat-3-in-1-sereal,Quaker Oat 3 In 1 Sereal,60.0,1.0,1.5,10.5,5.0,0.8,50,0.8,40,100,Olahan,Minuman,,200,Quaker 3in1 Quaker Oat 3 in 1,Quaker 3 In 1 Instant Oat Cereal Drink · Quaker 3in1 Quaker Oat 3 in 1 · 1 gelas (200 ml) dari 1 sachet 28 g · Nasional/Bubur · src:Estimate · conf:medium
idn-red-velvet-latte,Red Velvet Latte,88.0,2.0,3.0,14.0,13.0,0.2,70,0.2,55,100,Olahan,Minuman,,300,Es Red Velvet Red Velvet Drink,Red Velvet Milk Latte · Es Red Velvet Red Velvet Drink · 1 cup (300 ml) · Nasional/Kopi · src:Estimate · conf:medium
idn-smoothie-protein-pisang,Smoothie Protein Pisang,82.0,9.7,0.5,10.9,8.0,0.8,100,0.3,60,100,Olahan,Minuman,,330,Protein Shake Pisang Smoothie Whey Pisang,Banana Protein Smoothie · Protein Shake Pisang Smoothie Whey Pisang · 1 gelas besar (330 ml) · Nasional/Buah · src:Recipe calc · conf:medium
idn-soda-gembira,Soda Gembira,78.0,1.5,1.8,13.8,13.5,0.0,55,0.1,28,100,Olahan,Minuman,,300,Es Soda Gembira Soda Susu,Sweetened Condensed Milk Soda · Es Soda Gembira Soda Susu · 1 gelas (300 ml) · Nasional/Es Manis · src:Recipe calc · conf:high
idn-sop-buah,Sop Buah,95.0,1.4,2.5,17.5,15.0,1.0,50,0.3,30,100,Olahan,Minuman,,300,Es Sop Buah Sup Buah,Fruit Soup With Milk & Syrup · Es Sop Buah Sup Buah · 1 mangkok (300 ml) · Nasional/Soto & Sup · src:Recipe calc · conf:high
idn-sprite,Sprite,40.0,0.0,0.0,10.0,10.0,0.0,2,0.0,10,100,Olahan,Minuman,,330,Sprite Kaleng Sprite Soda,Sprite Lemon Lime Soda · Sprite Kaleng Sprite Soda · 1 kaleng (330 ml) · Nasional/Es Manis · src:NilaiGizi · conf:high
idn-sprite-zero,Sprite Zero,1.0,0.0,0.0,0.2,0.0,0.0,2,0.0,12,100,Olahan,Minuman,,330,Sprite No Sugar Sprite Tanpa Gula,Sprite Zero Sugar Soda · Sprite No Sugar Sprite Tanpa Gula · 1 kaleng (330 ml) · Nasional/Es Manis · src:NilaiGizi · conf:medium
idn-susu-almond-kemasan,Susu Almond Kemasan,25.0,0.6,1.5,2.4,2.0,0.3,120,0.2,60,100,Olahan,Minuman,,250,Almond Milk Kemasan Susu Almond Botol,Packaged Almond Milk · Almond Milk Kemasan Susu Almond Botol · 1 kotak (250 ml) · Nasional/Roti & Pastry · src:USDA analog · conf:high
idn-susu-almond-manis,Susu Almond Manis,39.0,0.6,1.0,6.6,6.3,0.2,180,0.3,65,100,Olahan,Minuman,,240,Almond Milk Sweetened Susu Almond Original,Sweetened Almond Milk · Almond Milk Sweetened Susu Almond Original · 1 gelas (240 ml) · Nasional/Roti & Pastry · src:USDA analog · conf:high
idn-susu-almond-tanpa-gula,Susu Almond Tanpa Gula,15.0,0.6,1.2,0.3,0.0,0.3,184,0.3,67,100,Olahan,Minuman,,240,Almond Milk Unsweetened Susu Almond Tawar,Unsweetened Almond Milk · Almond Milk Unsweetened Susu Almond Tawar · 1 gelas (240 ml) · Nasional/Roti & Pastry · src:USDA analog · conf:high
idn-susu-bebas-laktosa,Susu Bebas Laktosa,61.0,3.2,3.3,4.8,4.8,0.0,120,0.1,45,100,Olahan,Minuman,,250,Lactose Free Milk Susu Lactose Free Susu Tanpa Laktosa,Lactose Free Milk · Lactose Free Milk Susu Lactose Free Susu Tanpa Laktosa · 1 kotak (250 ml) · Nasional/Roti & Pastry · src:Estimate · conf:medium
idn-susu-beras,Susu Beras,47.0,0.3,1.0,9.2,5.3,0.3,118,0.2,39,100,Olahan,Minuman,,240,Rice Milk Susu Beras Kemasan,Rice Milk · Rice Milk Susu Beras Kemasan · 1 gelas (240 ml) · Nasional/Roti & Pastry · src:USDA analog · conf:medium
idn-susu-coklat-panas-burjo,Susu Coklat Panas Burjo,90.0,2.6,2.6,14.0,13.0,0.4,95,0.3,55,100,Olahan,Minuman,,200,Sucok Burjo Susu Coklat Warmindo,Hot Chocolate Milk Burjo Style · Sucok Burjo Susu Coklat Warmindo · 1 gelas (200 ml) · Nasional/Susu & Dairy · src:Recipe calc · conf:medium
idn-susu-jagung,Susu Jagung,68.0,1.6,0.8,14.0,9.5,0.6,20,0.4,30,100,Olahan,Minuman,,250,Corn Milk Susu Jagung Manis,Sweet Corn Milk · Corn Milk Susu Jagung Manis · 1 gelas (250 ml) · Nasional/Roti & Pastry · src:Recipe calc · conf:medium
idn-susu-jahe,Susu Jahe,78.0,3.0,2.8,10.0,9.5,0.1,105,0.1,45,100,Olahan,Minuman,,200,Susu Jahe Hangat Wedang Susu Jahe,Hot Ginger Milk · Susu Jahe Hangat Wedang Susu Jahe · 1 gelas (200 ml) · Nasional/Roti & Pastry · src:Recipe calc · conf:high
idn-susu-jahe-burjo,Susu Jahe Burjo,83.0,2.4,2.4,13.0,12.0,0.1,90,0.1,40,100,Olahan,Minuman,,200,Sujah Burjo Susu Jahe Warmindo,Hot Ginger Milk Burjo Style · Sujah Burjo Susu Jahe Warmindo · 1 gelas (200 ml) · Nasional/Susu & Dairy · src:Recipe calc · conf:medium
idn-susu-kambing,Susu Kambing,69.0,3.6,4.1,4.5,4.5,0.0,134,0.1,50,100,Olahan,Minuman,,200,Goat Milk Susu Kambing Etawa,Goat Milk · Goat Milk Susu Kambing Etawa · 1 gelas (200 ml) · Nasional/Roti & Pastry · src:USDA analog · conf:high
idn-susu-kedelai-hangat-gerobak,Susu Kedelai Hangat Gerobak,55.0,2.6,1.6,7.5,6.5,0.4,25,0.5,25,100,Olahan,Minuman,,250,Sari Kedelai Gerobak Susu Kedelai Abang-Abang,Street Cart Sweet Warm Soy Milk · Sari Kedelai Gerobak Susu Kedelai Abang-Abang · 1 gelas (250 ml) · Nasional/Susu & Dairy · src:Recipe calc · conf:medium
idn-susu-kedelai-kemasan,Susu Kedelai Kemasan,45.0,3.0,1.6,4.6,3.5,0.5,60,0.5,40,100,Olahan,Minuman,,250,Soy Milk Kemasan Susu Kedelai Kotak,Packaged Soy Milk Drink · Soy Milk Kemasan Susu Kedelai Kotak · 1 kotak (250 ml) · Nasional/Roti & Pastry · src:NilaiGizi · conf:high
idn-susu-oat-kemasan,Susu Oat Kemasan,47.0,0.8,1.5,7.5,3.5,0.8,120,0.2,45,100,Olahan,Minuman,,250,Oat Milk Kemasan Oatside Susu Oat Botol,Packaged Oat Milk · Oat Milk Kemasan Oatside Susu Oat Botol · 1 kotak (250 ml) · Nasional/Roti & Pastry · src:USDA analog · conf:high
idn-susu-oat-tanpa-gula,Susu Oat Tanpa Gula,45.0,1.0,1.5,6.7,3.3,0.8,120,0.2,40,100,Olahan,Minuman,,240,Oat Milk Tanpa Gula Oatside Unsweetened,Unsweetened Oat Milk · Oat Milk Tanpa Gula Oatside Unsweetened · 1 gelas (240 ml) · Nasional/Roti & Pastry · src:USDA analog · conf:high
idn-susu-skim,Susu Skim,34.0,3.4,0.1,4.9,4.9,0.0,122,0.1,42,100,Olahan,Minuman,,200,Skim Milk Susu Non Fat Susu Tanpa Lemak,Skim Milk (Nonfat) · Skim Milk Susu Non Fat Susu Tanpa Lemak · 1 gelas (200 ml) · Nasional/Roti & Pastry · src:USDA analog · conf:high
idn-susu-soya-tanpa-gula,Susu Soya Tanpa Gula,33.0,2.6,1.6,1.7,0.9,0.4,123,0.4,38,100,Olahan,Minuman,,240,Soy Milk Unsweetened Susu Kedelai Tanpa Gula,Unsweetened Soy Milk · Soy Milk Unsweetened Susu Kedelai Tanpa Gula · 1 gelas (240 ml) · Nasional/Roti & Pastry · src:USDA analog · conf:high
idn-susu-uht-low-fat,Susu UHT Low Fat,42.0,3.4,1.2,5.0,5.0,0.0,125,0.1,50,100,Olahan,Minuman,,250,Susu Low Fat Susu Rendah Lemak UHT Low Fat,UHT Low Fat Milk · Susu Low Fat Susu Rendah Lemak UHT Low Fat · 1 kotak (250 ml) · Nasional/Roti & Pastry · src:NilaiGizi · conf:high
idn-taro-latte,Taro Latte,82.0,1.8,2.5,13.5,12.0,0.3,65,0.2,45,100,Olahan,Minuman,,300,Es Taro Latte Taro Milk,Taro Milk Latte · Es Taro Latte Taro Milk · 1 cup (300 ml) · Nasional/Snack Kemasan · src:Estimate · conf:medium
idn-teh-anget-warmindo,Teh Anget Warmindo,35.0,0.0,0.0,9.0,9.0,0.0,3,0.1,5,100,Olahan,Minuman,,200,Teh Anget Burjo Teh Panas Warmindo,Warung Style Hot Sweet Tea · Teh Anget Burjo Teh Panas Warmindo · 1 gelas (200 ml) · Nasional/Teh · src:Recipe calc · conf:high
idn-teh-botol-sosro,Teh Botol Sosro,30.0,0.0,0.0,7.5,7.2,0.0,2,0.0,12,100,Olahan,Minuman,,350,Sosro Teh Botol Teh Botol,Sosro Bottled Jasmine Tea · Sosro Teh Botol Teh Botol · 1 botol (350 ml) · Nasional/Teh · src:NilaiGizi · conf:high
idn-teh-botol-sosro-less-sugar,Teh Botol Sosro Less Sugar,20.0,0.0,0.0,5.0,4.9,0.0,2,0.0,12,100,Olahan,Minuman,,450,Sosro Less Sugar Teh Botol Less Sugar,Sosro Less Sugar Bottled Tea · Sosro Less Sugar Teh Botol Less Sugar · 1 botol (450 ml) · Nasional/Teh · src:NilaiGizi · conf:high
idn-teh-botol-sosro-tawar,Teh Botol Sosro Tawar,1.0,0.0,0.0,0.2,0.0,0.0,2,0.0,10,100,Olahan,Minuman,,350,Sosro Tawar Teh Botol Tawar,Sosro Unsweetened Bottled Tea · Sosro Tawar Teh Botol Tawar · 1 botol (350 ml) · Nasional/Teh · src:NilaiGizi · conf:high
idn-teh-gelas,Teh Gelas,40.0,0.0,0.0,10.0,9.1,0.0,2,0.0,8,100,Olahan,Minuman,,350,Teh Gelas Original,Teh Gelas Sweet Jasmine Tea · Teh Gelas Original · 1 botol (350 ml) · Nasional/Teh · src:NilaiGizi · conf:medium
idn-teh-javana-gula-batu,Teh Javana Gula Batu,34.0,0.0,0.0,8.6,8.0,0.0,2,0.0,10,100,Olahan,Minuman,,350,Javana Gula Batu Teh Javana,Javana Rock Sugar Tea · Javana Gula Batu Teh Javana · 1 botol (350 ml) · Nasional/Bumbu & Saus · src:NilaiGizi · conf:medium
idn-teh-manis-hangat,Teh Manis Hangat,40.0,0.0,0.0,10.0,10.0,0.0,3,0.1,4,100,Olahan,Minuman,,200,Teh Anget Teh Manis Panas,Hot Sweet Tea · Teh Anget Teh Manis Panas · 1 gelas (200 ml) · Nasional/Teh · src:Recipe calc · conf:high
idn-teh-pucuk-harum,Teh Pucuk Harum,28.0,0.0,0.0,7.2,7.2,0.0,2,0.0,5,100,Olahan,Minuman,,350,Pucuk Harum Teh Pucuk,Teh Pucuk Harum Jasmine Tea · Pucuk Harum Teh Pucuk · 1 botol (350 ml) · Nasional/Teh · src:NilaiGizi · conf:high
idn-teh-pucuk-harum-less-sugar,Teh Pucuk Harum Less Sugar,19.0,0.0,0.0,5.0,5.0,0.0,2,0.0,5,100,Olahan,Minuman,,350,Teh Pucuk Less Sugar,Teh Pucuk Harum Less Sugar · Teh Pucuk Less Sugar · 1 botol (350 ml) · Nasional/Teh · src:NilaiGizi · conf:medium
idn-teh-sisri-rasa-jeruk,Teh Sisri Rasa Jeruk,11.0,0.0,0.0,2.8,2.7,0.0,2,0.0,4,100,Olahan,Minuman,,200,Sisri Jeruk Teh Sisri,Sisri Orange Instant Tea Powder · Sisri Jeruk Teh Sisri · 1 gelas (200 ml) dari 1 sachet 6 g · Nasional/Buah · src:Estimate · conf:medium
idn-teh-tawar,Teh Tawar,5.0,0.1,0.0,1.0,0.0,0.0,2,0.1,3,100,Olahan,Minuman,,200,Teh Pahit Teh Tawar Hangat,Plain Unsweetened Tea · Teh Pahit Teh Tawar Hangat · 1 gelas (200 ml) · Nasional/Teh · src:USDA analog · conf:high
idn-thai-green-tea,Thai Green Tea,82.0,1.5,2.7,13.2,12.5,0.1,50,0.1,40,100,Olahan,Minuman,,300,Es Thai Green Tea Thai Tea Hijau,Thai Green Milk Tea · Es Thai Green Tea Thai Tea Hijau · 1 cup (300 ml) · Nasional/Teh · src:Estimate · conf:medium
idn-thai-tea,Thai Tea,85.0,1.5,2.8,13.8,13.0,0.0,50,0.1,40,100,Olahan,Minuman,,300,Es Thai Tea Teh Thailand,Thai Iced Milk Tea · Es Thai Tea Teh Thailand · 1 cup (300 ml) · Nasional/Teh · src:FatSecret ID · conf:high
idn-torabika-3-in-1,Torabika 3 In 1,45.0,0.4,1.2,8.0,6.0,0.1,5,0.1,20,100,Olahan,Minuman,,200,Torabika 3in1 Torabika Susu Gula,Torabika 3 In 1 Instant Coffee · Torabika 3in1 Torabika Susu Gula · 1 gelas (200 ml) dari 1 sachet 20 g · Nasional/Kopi · src:Estimate · conf:medium
idn-torabika-cappuccino,Torabika Cappuccino,55.0,0.5,1.5,9.5,7.0,0.2,5,0.1,25,100,Olahan,Minuman,,200,Kopi Torabika Cappuccino Torabika Capuccino,Torabika Cappuccino Instant Coffee · Kopi Torabika Cappuccino Torabika Capuccino · 1 gelas (200 ml) dari 1 sachet 25 g · Nasional/Kopi · src:Estimate · conf:medium
idn-torabika-duo-susu,Torabika Duo Susu,55.0,0.5,1.5,9.5,7.0,0.1,8,0.1,22,100,Olahan,Minuman,,200,Kopi Torabika Duo Torabika Duo,Torabika Duo Milk Coffee · Kopi Torabika Duo Torabika Duo · 1 gelas (200 ml) dari 1 sachet 25 g · Nasional/Roti & Pastry · src:Estimate · conf:medium
idn-ultra-milk-coklat,Ultra Milk Coklat,68.0,2.4,2.4,9.6,9.2,0.2,100,0.2,60,100,Olahan,Minuman,,250,Susu Ultra Cokelat Ultramilk Coklat,Ultra Milk Chocolate UHT Milk · Susu Ultra Cokelat Ultramilk Coklat · 1 kotak (250 ml) · Nasional/Roti & Pastry · src:NilaiGizi · conf:high
idn-ultra-milk-full-cream,Ultra Milk Full Cream,60.0,3.2,3.2,4.8,4.8,0.0,100,0.1,50,100,Olahan,Minuman,,250,Susu Ultra Full Cream Ultramilk Full Cream,Ultra Milk Full Cream UHT Milk · Susu Ultra Full Cream Ultramilk Full Cream · 1 kotak (250 ml) · Nasional/Roti & Pastry · src:NilaiGizi · conf:high
idn-ultra-milk-low-fat,Ultra Milk Low Fat,42.0,3.2,1.2,5.2,5.2,0.0,120,0.1,55,100,Olahan,Minuman,,250,Susu Ultra Low Fat Ultramilk Low Fat,Ultra Milk Low Fat UHT Milk · Susu Ultra Low Fat Ultramilk Low Fat · 1 kotak (250 ml) · Nasional/Roti & Pastry · src:NilaiGizi · conf:high
idn-ultra-milk-stroberi,Ultra Milk Stroberi,66.0,2.4,2.4,9.2,9.0,0.0,100,0.1,58,100,Olahan,Minuman,,250,Susu Ultra Strawberry Ultramilk Stroberi,Ultra Milk Strawberry UHT Milk · Susu Ultra Strawberry Ultramilk Stroberi · 1 kotak (250 ml) · Nasional/Roti & Pastry · src:NilaiGizi · conf:medium
idn-yakult,Yakult,75.0,1.5,0.1,16.9,15.4,0.0,35,0.0,12,100,Olahan,Minuman,,65,Yakul Yakult Botol,Yakult Probiotic Fermented Milk Drink · Yakul Yakult Botol · 1 botol (65 ml) · Nasional/Susu & Dairy · src:NilaiGizi · conf:high
idn-yakult-drink-kekinian,Yakult Drink Kekinian,48.0,0.5,0.0,11.5,11.0,0.1,15,0.1,12,100,Olahan,Minuman,,350,Es Yakult Yakult Soda Yakult Tea,Yakult Based Cafe Drink · Es Yakult Yakult Soda Yakult Tea · 1 cup (350 ml) · Nasional/Susu & Dairy · src:Recipe calc · conf:medium
idn-yakult-light,Yakult Light,55.0,1.5,0.1,11.5,9.2,0.0,35,0.0,12,100,Olahan,Minuman,,65,Yakult Less Sugar,Yakult Light Less Sugar Probiotic Drink · Yakult Less Sugar · 1 botol (65 ml) · Nasional/Susu & Dairy · src:FatSecret ID · conf:medium
idn-yoforia-yogurt-drink,Yoforia Yogurt Drink,65.0,2.5,1.0,11.5,10.0,0.0,85,0.1,40,100,Olahan,Minuman,,200,Yoforia Yogurt Yoforia,Yoforia Drinkable Yogurt · Yoforia Yogurt Yoforia · 1 botol (200 ml) · Nasional/Susu & Dairy · src:Estimate · conf:medium
idn-you-c1000-lemon,You C1000 Lemon,43.0,0.0,0.0,10.7,10.0,0.0,3,0.0,10,100,Olahan,Minuman,,140,You C 1000 YouC1000 Lemon,You C1000 Vitamin C Lemon Drink · You C 1000 YouC1000 Lemon · 1 botol (140 ml) · Nasional/Soto & Sup · src:NilaiGizi · conf:medium
idn-sarabba,Sarabba,95.0,0.8,3.5,15.0,13.0,0.2,10,0.3,15,100,Olahan,Minuman,,200,Saraba Sarabba Makassar,Makassarese Ginger Palm Sugar Coconut Drink · Saraba Sarabba Makassar · 1 gelas (200 ml) · Sulawesi Selatan/Jamu & Wedang · src:Recipe calc · conf:medium
idn-es-brenebon,Es Brenebon,118.0,2.8,2.5,21.5,15.0,2.3,55,0.9,45,100,Olahan,Minuman,,240,Es Brenebon Manado Es Kacang Merah Manado,Iced Red Bean Dessert Drink · Es Brenebon Manado Es Kacang Merah Manado · 1 gelas (240 ml) · Sulawesi Utara/Es Manis · src:Recipe calc · conf:medium
idn-es-kelapa-kopyor-manado,Es Kelapa Kopyor Manado,58.0,0.5,1.2,11.5,9.5,0.8,18,0.2,20,100,Olahan,Minuman,,240,Es Kelapa Muda Manado,Iced Young Coconut Drink · Es Kelapa Muda Manado · 1 gelas (240 ml) · Sulawesi Utara/Es Manis · src:Recipe calc · conf:low
idn-saraba,Saraba,73.0,1.2,1.6,13.5,12.5,0.2,45,0.3,25,100,Olahan,Minuman,,240,Saraba Manado Sarabba,Ginger Palm Sugar Milk Drink · Saraba Manado Sarabba · 1 gelas (240 ml) · Sulawesi Utara/Jamu & Wedang · src:Recipe calc · conf:medium
idn-es-durian-padang,Es Durian Padang,141.0,2.0,5.0,22.0,16.0,2.0,35,0.6,25,100,Olahan,Minuman,,250,Es Duren Padang Es Durian Ganti Nan Lamo,Padang Iced Durian Dessert · Es Duren Padang Es Durian Ganti Nan Lamo · 1 mangkok (250 ml) · Sumatera Barat/Buah · src:Recipe calc · conf:medium
idn-es-tebak,Es Tebak,108.5,1.5,2.5,20.0,15.0,0.8,45,0.5,40,100,Olahan,Minuman,,250,Es Campur Tebak Es Tebak Padang,Padang Shaved Ice Dessert Drink · Es Campur Tebak Es Tebak Padang · 1 gelas (250 ml) · Sumatera Barat/Es Manis · src:Recipe calc · conf:medium
idn-kopi-kawa-daun,Kopi Kawa Daun,31.7,0.2,0.1,7.5,7.0,0.0,8,0.2,8,100,Olahan,Minuman,,200,Aia Kawa Kawa Daun Kopi Daun Minang,Coffee Leaf Brew · Aia Kawa Kawa Daun Kopi Daun Minang · 1 mangkok tempurung (200 ml) · Sumatera Barat/Kopi · src:Estimate · conf:low
idn-teh-talua,Teh Talua,93.0,3.5,3.0,13.0,12.0,0.0,25,0.7,30,100,Olahan,Minuman,,200,Teh Talua Minang Teh Telur Padang,Minang Egg Yolk Tea · Teh Talua Minang Teh Telur Padang · 1 gelas (200 ml) · Sumatera Barat/Teh · src:Recipe calc · conf:medium
idn-es-kacang-merah-palembang,Es Kacang Merah Palembang,115.0,2.5,3.5,18.5,15.0,2.0,45,0.8,30,100,Olahan,Minuman,,250,Es Kacang Merah Es Kacang Merah Cek Lin,Palembang Red Bean Shaved Ice · Es Kacang Merah Es Kacang Merah Cek Lin · 1 gelas (250 ml) · Sumatera Selatan/Kacang & Biji · src:Recipe calc · conf:medium
idn-es-campur-medan,Es Campur Medan,118.0,1.3,4.0,19.0,15.5,0.9,35,0.5,28,100,Olahan,Minuman,,300,Es Campur Durian Medan Es Campur Sumatera,Medan Style Mixed Ice With Syrup & Tape · Es Campur Durian Medan Es Campur Sumatera · 1 mangkok (300 ml) · Sumatera Utara/Jus & Es Buah · src:Recipe calc · conf:medium
idn-es-markisa,Es Markisa,62.0,0.3,0.1,15.2,14.0,0.6,10,0.3,8,100,Olahan,Minuman,,250,Es Markisa Medan Sirup Markisa,Iced Passion Fruit Drink · Es Markisa Medan Sirup Markisa · 1 gelas (250 ml) · Sumatera Utara/Buah · src:Recipe calc · conf:medium
idn-jus-terong-belanda,Jus Terong Belanda,68.0,1.0,0.3,15.8,13.0,1.5,12,0.5,8,100,Olahan,Minuman,,250,Jus Terung Belanda Jus Tiwul Belanda,Tamarillo Juice · Jus Terung Belanda Jus Tiwul Belanda · 1 gelas (250 ml) · Sumatera Utara/Sayuran · src:Recipe calc · conf:medium
idn-roti-buaya,Roti Buaya,306.0,8.0,6.0,55.0,12.0,1.8,60,2.2,300,100,Olahan,Roti & Bakery,,70,Roti Buaya Betawi Roti Pengantin Betawi,Betawi Crocodile Shaped Ceremonial Bread · Roti Buaya Betawi Roti Pengantin Betawi · 1 potong · DKI Jakarta/Roti & Pastry · src:Recipe calc · conf:medium
idn-roti-gambang,Roti Gambang,338.0,6.0,10.0,56.0,24.0,2.0,50,2.5,220,100,Olahan,Roti & Bakery,,60,Roti Gambang Betawi Roti Ganjel Rel Roti Kaliurang,Betawi Brown Sugar Sesame Bread · Roti Gambang Betawi Roti Ganjel Rel Roti Kaliurang · 1 potong · DKI Jakarta/Roti & Pastry · src:Recipe calc · conf:high
idn-pisang-bolen-keju-cokelat,Pisang Bolen Keju Cokelat,355.0,5.5,17.0,45.0,20.0,1.7,80,1.0,200,100,Olahan,Roti & Bakery,,70,Bolen Pisang Pisang Bolen Kartika Sari,Baked Puff Pastry Banana With Cheese · Bolen Pisang Pisang Bolen Kartika Sari · 1 buah · Jawa Barat/Buah · src:Recipe calc · conf:high
idn-roti-bakar-bandung-keju,Roti Bakar Bandung Keju,330.0,8.0,15.0,40.0,12.0,1.8,140,1.5,400,100,Olahan,Roti & Bakery,,120,Roti Bakar Keju Bandung Roti Bakar Susu Keju,Bandung Style Grilled Cheese Toast · Roti Bakar Keju Bandung Roti Bakar Susu Keju · 1 porsi (120 g) · Jawa Barat/Roti & Pastry · src:Recipe calc · conf:medium
idn-roti-unyil,Roti Unyil,337.0,7.5,11.0,52.0,16.0,1.8,60,2.0,300,100,Olahan,Roti & Bakery,,60,Roti Mini Bogor Roti Unyil Venus,Bogor Mini Filled Buns · Roti Mini Bogor Roti Unyil Venus · 3 buah · Jawa Barat/Roti & Pastry · src:Recipe calc · conf:medium
idn-roti-bluder,Roti Bluder,349.0,8.0,13.0,50.0,15.0,1.5,60,2.0,290,100,Olahan,Roti & Bakery,,70,Bluder Cokro Roti Bluder Madiun,Madiun Rich Soft Butter Bun · Bluder Cokro Roti Bluder Madiun · 1 buah · Jawa Timur/Roti & Pastry · src:Recipe calc · conf:medium
idn-roti-sisir,Roti Sisir,354.0,7.5,12.0,54.0,18.0,1.6,60,2.0,320,100,Olahan,Roti & Bakery,,60,Roti Sisir Manis Roti Sisir Mentega,Layered Butter Comb Bread · Roti Sisir Manis Roti Sisir Mentega · 2 potong · Jawa Timur/Roti & Pastry · src:Recipe calc · conf:medium
idn-roti-gembong,Roti Gembong,344.0,7.0,12.0,52.0,16.0,1.5,55,2.0,280,100,Olahan,Roti & Bakery,,80,Roti Gembong Kutai Roti Gembong Samarinda,Kutai Sweet Butter Filled Bun · Roti Gembong Kutai Roti Gembong Samarinda · 1 buah · Kalimantan Timur/Roti & Pastry · src:Recipe calc · conf:medium
idn-apple-strudel,Apple Strudel,320.0,4.0,16.0,41.0,18.0,1.8,25,1.2,230,100,Olahan,Roti & Bakery,,90,Apple Turnover Strudel Apel,Apple Strudel · Apple Turnover Strudel Apel · 1 potong (90 g) · Nasional/Roti & Pastry · src:USDA analog · conf:medium
idn-bagel-cream-cheese,Bagel Cream Cheese,298.0,9.5,10.0,42.0,5.0,1.8,70,2.4,470,100,Olahan,Roti & Bakery,,120,Bagel Isi Cream Cheese Bagel Krim Keju,Bagel With Cream Cheese · Bagel Isi Cream Cheese Bagel Krim Keju · 1 buah (120 g) · Nasional/Roti & Pastry · src:USDA analog · conf:medium
idn-bagel-polos,Bagel Polos,257.0,10.0,1.5,50.5,5.3,2.2,70,3.4,490,100,Olahan,Roti & Bakery,,90,Bagel Bagel Original Roti Bagel,Plain Bagel · Bagel Bagel Original Roti Bagel · 1 buah (90 g) · Nasional/Roti & Pastry · src:USDA analog · conf:high
idn-bagel-wijen,Bagel Wijen,270.0,10.5,3.0,50.0,5.0,2.4,60,3.2,480,100,Olahan,Roti & Bakery,,90,Bagel Biji Wijen Bagel Sesame,Sesame Bagel · Bagel Biji Wijen Bagel Sesame · 1 buah (90 g) · Nasional/Roti & Pastry · src:USDA analog · conf:high
idn-baguette,Baguette,274.0,9.5,2.5,53.0,2.0,2.3,45,3.2,580,100,Olahan,Roti & Bakery,,60,Roti Baguette Roti Prancis,French Baguette · Roti Baguette Roti Prancis · 1 potong (60 g) · Nasional/Roti & Pastry · src:USDA analog · conf:high
idn-banana-bread,Banana Bread,330.0,5.0,12.0,52.0,26.0,1.8,30,1.5,300,100,Olahan,Roti & Bakery,,60,Bolu Pisang Loaf Roti Pisang Panggang,Banana Bread · Bolu Pisang Loaf Roti Pisang Panggang · 1 potong (60 g) · Nasional/Roti & Pastry · src:USDA analog · conf:high
idn-bomboloni-isi-cokelat,Bomboloni Isi Cokelat,390.0,6.0,20.0,47.0,20.0,1.5,55,1.8,280,100,Olahan,Roti & Bakery,,70,Bombolone Cokelat Donat Bomboloni,Chocolate Filled Bomboloni · Bombolone Cokelat Donat Bomboloni · 1 buah (70 g) · Nasional/Roti & Pastry · src:Recipe calc · conf:medium
idn-brioche,Brioche,350.0,9.0,14.0,46.0,9.0,1.8,55,2.4,400,100,Olahan,Roti & Bakery,,60,Brioche Bun Roti Brioche,Brioche Bread · Brioche Bun Roti Brioche · 1 buah (60 g) · Nasional/Roti & Pastry · src:USDA analog · conf:medium
idn-cheese-bun,Cheese Bun,320.0,10.0,12.0,43.0,9.0,1.4,150,1.9,430,100,Olahan,Roti & Bakery,,70,Cheese Bread Bun Roti Bun Keju,Cheese Bun · Cheese Bread Bun Roti Bun Keju · 1 buah (70 g) · Nasional/Roti & Pastry · src:Recipe calc · conf:medium
idn-chicken-pie-puff,Chicken Pie Puff,330.0,9.5,22.0,23.0,2.0,1.2,40,1.4,560,100,Olahan,Roti & Bakery,,90,Pie Ayam Puff Puff Pastry Ayam,Chicken Puff Pastry Pie · Pie Ayam Puff Puff Pastry Ayam · 1 buah (90 g) · Nasional/Roti & Pastry · src:Recipe calc · conf:medium
idn-ciabatta,Ciabatta,271.0,9.0,3.5,50.0,1.5,2.5,40,3.0,540,100,Olahan,Roti & Bakery,,80,Ciabata Roti Ciabatta,Ciabatta Bread · Ciabata Roti Ciabatta · 1 potong (80 g) · Nasional/Roti & Pastry · src:USDA analog · conf:high
idn-coffee-bun-cokelat,Coffee Bun Cokelat,350.0,7.5,15.0,46.0,16.0,1.5,50,1.8,320,100,Olahan,Roti & Bakery,,70,Mexican Bun Cokelat Roti Boy Cokelat,Chocolate Coffee Bun · Mexican Bun Cokelat Roti Boy Cokelat · 1 buah (70 g) · Nasional/Roti & Pastry · src:Recipe calc · conf:medium
idn-croffle,Croffle,421.0,6.5,24.0,45.0,14.0,2.0,50,2.0,400,100,Olahan,Roti & Bakery,,80,Croissant Waffle Kroffle,Croffle Croissant Waffle · Croissant Waffle Kroffle · 1 buah (80 g) · Nasional/Roti & Pastry · src:Recipe calc · conf:medium
idn-croissant-cokelat,Croissant Cokelat,418.0,7.5,22.0,48.0,17.0,2.8,45,2.2,380,100,Olahan,Roti & Bakery,,70,Croissant Coklat Croissant Isi Cokelat,Chocolate Croissant · Croissant Coklat Croissant Isi Cokelat · 1 buah (70 g) · Nasional/Roti & Pastry · src:FatSecret ID · conf:medium
idn-croissant-keju,Croissant Keju,401.0,10.0,23.0,39.0,7.0,2.2,150,1.9,520,100,Olahan,Roti & Bakery,,70,Cheese Croissant Croissant Isi Keju,Cheese Croissant · Cheese Croissant Croissant Isi Keju · 1 buah (70 g) · Nasional/Roti & Pastry · src:Recipe calc · conf:medium
idn-croissant-polos,Croissant Polos,390.0,7.5,19.5,47.0,8.0,2.4,30,2.0,430,100,Olahan,Roti & Bakery,,60,Croissant Biasa Croissant Margarin,Plain Croissant · Croissant Biasa Croissant Margarin · 1 buah (60 g) · Nasional/Roti & Pastry · src:USDA analog · conf:high
idn-croissant-sandwich-telur-keju,Croissant Sandwich Telur Keju,298.0,11.0,17.0,25.0,4.0,1.3,110,1.6,520,100,Olahan,Roti & Bakery,,120,Croissant Isi Telur Keju Croissant Sandwich,Egg And Cheese Croissant Sandwich · Croissant Isi Telur Keju Croissant Sandwich · 1 buah (120 g) · Nasional/Roti & Pastry · src:USDA analog · conf:medium
idn-cromboloni-cokelat,Cromboloni Cokelat,385.0,6.0,22.0,41.0,16.0,2.2,40,1.9,300,100,Olahan,Roti & Bakery,,80,Crombolini Cokelat Cromboloni Coklat,Chocolate Cromboloni · Crombolini Cokelat Cromboloni Coklat · 1 buah (80 g) · Nasional/Roti & Pastry · src:FatSecret ID · conf:medium
idn-cromboloni-pistachio,Cromboloni Pistachio,402.0,7.0,24.0,40.0,15.0,2.5,50,2.0,300,100,Olahan,Roti & Bakery,,80,Crombolini Pistachio Cromboloni Pistasio,Pistachio Cromboloni · Crombolini Pistachio Cromboloni Pistasio · 1 buah (80 g) · Nasional/Roti & Pastry · src:FatSecret ID · conf:medium
idn-cromboloni-tiramisu,Cromboloni Tiramisu,376.0,6.0,21.0,41.0,16.0,2.0,45,1.8,290,100,Olahan,Roti & Bakery,,80,Crombolini Tiramisu,Tiramisu Cromboloni · Crombolini Tiramisu · 1 buah (80 g) · Nasional/Bolu & Cake · src:FatSecret ID · conf:medium
idn-cronut,Cronut,462.0,6.5,27.0,49.0,20.0,1.6,45,2.0,320,100,Olahan,Roti & Bakery,,75,Donat Croissant Kronat,Cronut Croissant Doughnut · Donat Croissant Kronat · 1 buah (75 g) · Nasional/Roti & Pastry · src:Recipe calc · conf:medium
idn-danish-buah,Danish Buah,371.0,5.1,17.4,50.4,20.0,1.9,42,1.8,333,100,Olahan,Roti & Bakery,,75,Danish Blueberry Danish Pastry Buah,Fruit Danish · Danish Blueberry Danish Pastry Buah · 1 buah (75 g) · Nasional/Roti & Pastry · src:USDA analog · conf:high
idn-danish-cokelat,Danish Cokelat,400.0,6.5,21.0,47.0,20.0,2.0,50,2.0,320,100,Olahan,Roti & Bakery,,75,Danish Coklat Danish Pastry Cokelat,Chocolate Danish · Danish Coklat Danish Pastry Cokelat · 1 buah (75 g) · Nasional/Roti & Pastry · src:Recipe calc · conf:medium
idn-danish-keju,Danish Keju,374.0,7.4,20.8,39.0,16.0,1.1,62,1.6,340,100,Olahan,Roti & Bakery,,75,Cheese Danish Danish Pastry Keju,Cheese Danish · Cheese Danish Danish Pastry Keju · 1 buah (75 g) · Nasional/Roti & Pastry · src:USDA analog · conf:high
idn-donat-almond,Donat Almond,444.0,7.5,25.0,47.0,22.0,2.2,70,2.0,290,100,Olahan,Roti & Bakery,,65,Donat Almon Donat Topping Almond,Almond Doughnut · Donat Almon Donat Topping Almond · 1 buah (65 g) · Nasional/Roti & Pastry · src:Recipe calc · conf:medium
idn-donat-cokelat,Donat Cokelat,424.0,6.0,21.0,53.0,26.0,1.8,50,2.2,250,100,Olahan,Roti & Bakery,,65,Donat Coklat Donat Glazed Coklat,Chocolate Glazed Doughnut · Donat Coklat Donat Glazed Coklat · 1 buah · Nasional/Roti & Pastry · src:Recipe calc · conf:high
idn-donat-glazed,Donat Glazed,405.0,6.0,20.0,51.0,23.0,1.5,55,1.9,300,100,Olahan,Roti & Bakery,,60,Donat Glaze Donat Gula Glasir,Glazed Doughnut · Donat Glaze Donat Gula Glasir · 1 buah (60 g) · Nasional/Roti & Pastry · src:USDA analog · conf:high
idn-donat-green-tea,Donat Green Tea,423.0,6.0,22.0,50.0,24.0,1.8,55,2.0,290,100,Olahan,Roti & Bakery,,65,Donat Matcha Donat Teh Hijau,Green Tea Doughnut · Donat Matcha Donat Teh Hijau · 1 buah (65 g) · Nasional/Roti & Pastry · src:Recipe calc · conf:medium
idn-donat-isi-custard,Donat Isi Custard,396.0,6.0,20.0,48.0,19.0,1.3,60,1.8,300,100,Olahan,Roti & Bakery,,70,Donat Custard Donat Isi Vla,Custard Filled Doughnut · Donat Custard Donat Isi Vla · 1 buah (70 g) · Nasional/Roti & Pastry · src:USDA analog · conf:medium
idn-donat-isi-selai-stroberi,Donat Isi Selai Stroberi,386.0,5.5,18.0,51.0,22.0,1.3,45,1.8,300,100,Olahan,Roti & Bakery,,70,Donat Isi Selai Jam Doughnut,Strawberry Jam Filled Doughnut · Donat Isi Selai Jam Doughnut · 1 buah (70 g) · Nasional/Roti & Pastry · src:USDA analog · conf:medium
idn-donat-keju,Donat Keju,419.0,7.5,21.0,50.0,18.0,1.5,120,1.9,350,100,Olahan,Roti & Bakery,,65,Donat Cheese Donat Parutan Keju,Cheese Topped Doughnut · Donat Cheese Donat Parutan Keju · 1 buah · Nasional/Roti & Pastry · src:Recipe calc · conf:medium
idn-donat-meses,Donat Meses,426.0,6.0,21.0,54.0,28.0,1.6,50,2.1,240,100,Olahan,Roti & Bakery,,65,Donat Ceres Donat Coklat Meses,Chocolate Sprinkle Doughnut · Donat Ceres Donat Coklat Meses · 1 buah · Nasional/Roti & Pastry · src:Recipe calc · conf:medium
idn-donat-tiramisu,Donat Tiramisu,428.0,6.0,23.0,49.0,24.0,1.5,55,1.9,290,100,Olahan,Roti & Bakery,,65,Donat Rasa Tiramisu,Tiramisu Doughnut · Donat Rasa Tiramisu · 1 buah (65 g) · Nasional/Bolu & Cake · src:Recipe calc · conf:medium
idn-english-muffin,English Muffin,235.0,9.0,1.8,46.0,3.5,2.7,160,3.5,450,100,Olahan,Roti & Bakery,,60,English Muffin Polos Muffin Inggris,English Muffin · English Muffin Polos Muffin Inggris · 1 buah (60 g) · Nasional/Bolu & Cake · src:USDA analog · conf:high
idn-focaccia,Focaccia,300.0,7.5,10.0,44.0,2.0,2.2,35,2.5,560,100,Olahan,Roti & Bakery,,80,Fokacia Roti Focaccia,Focaccia Bread · Fokacia Roti Focaccia · 1 potong (80 g) · Nasional/Roti & Pastry · src:USDA analog · conf:medium
idn-garlic-bread-panggang,Garlic Bread Panggang,348.0,8.0,15.0,45.0,3.0,2.2,70,2.4,620,100,Olahan,Roti & Bakery,,50,Garlic Toast Roti Bawang Putih,Baked Garlic Bread · Garlic Toast Roti Bawang Putih · 1 potong (50 g) · Nasional/Roti & Pastry · src:USDA analog · conf:medium
idn-garlic-bread-resto,Garlic Bread Resto,348.0,8.0,15.0,44.0,3.0,2.2,90,2.4,620,100,Olahan,Roti & Bakery,,60,Garlic Bread Roti Bawang Putih,Restaurant Garlic Bread · Garlic Bread Roti Bawang Putih · 2 potong (60 g) · Nasional/Roti & Pastry · src:USDA analog · conf:medium
idn-kouign-amann,Kouign Amann,452.0,5.5,25.0,52.0,22.0,1.6,35,1.8,420,100,Olahan,Roti & Bakery,,75,Kouign-Amann Kuinaman,Kouign Amann · Kouign-Amann Kuinaman · 1 buah (75 g) · Nasional/Roti & Pastry · src:Recipe calc · conf:medium
idn-kue-bagelen,Kue Bagelen,448.0,7.0,20.0,60.0,22.0,2.0,60,2.0,380,100,Olahan,Roti & Bakery,,40,Bagelan Bagelen Mentega Roti Bagelen,Twice Baked Buttered Sweet Rusk · Bagelan Bagelen Mentega Roti Bagelen · 3 buah · Nasional/Roti & Pastry · src:Recipe calc · conf:medium
idn-mantau-goreng-resto,Mantau Goreng Resto,316.0,7.0,11.0,47.0,8.0,1.6,30,1.6,300,100,Olahan,Roti & Bakery,,90,Mantao Goreng Resto Roti Mantau Goreng,Restaurant Fried Mantou Bun · Mantao Goreng Resto Roti Mantau Goreng · 3 buah (90 g) · Nasional/Gorengan · src:Recipe calc · conf:medium
idn-milk-bun,Milk Bun,300.0,8.0,8.0,48.0,12.0,1.5,70,2.0,350,100,Olahan,Roti & Bakery,,70,Milk Bun Polos Roti Susu Lembut,Milk Bun · Milk Bun Polos Roti Susu Lembut · 1 buah (70 g) · Nasional/Roti & Pastry · src:Recipe calc · conf:medium
idn-milk-bun-butter-isi-krim,Milk Bun Butter Isi Krim,380.0,7.0,20.0,43.0,16.0,1.3,70,1.8,330,100,Olahan,Roti & Bakery,,80,Milk Bun Thailand Roti Susu Isi Krim,Butter Milk Bun With Cream Filling · Milk Bun Thailand Roti Susu Isi Krim · 1 buah (80 g) · Nasional/Roti & Pastry · src:Recipe calc · conf:medium
idn-mochi-donut,Mochi Donut,352.0,4.0,16.0,48.0,20.0,1.0,35,0.8,210,100,Olahan,Roti & Bakery,,55,Donat Mochi Pon De Ring,Mochi Doughnut · Donat Mochi Pon De Ring · 1 buah (55 g) · Nasional/Roti & Pastry · src:Recipe calc · conf:medium
idn-muffin-cokelat,Muffin Cokelat,383.0,6.0,18.0,50.0,28.0,2.0,55,1.8,300,100,Olahan,Roti & Bakery,,70,Muffin Choco Chip Muffin Coklat,Chocolate Chip Muffin · Muffin Choco Chip Muffin Coklat · 1 buah · Nasional/Bolu & Cake · src:USDA analog · conf:medium
idn-muffin-double-chocolate,Muffin Double Chocolate,402.0,6.0,19.0,53.0,30.0,2.5,50,2.2,330,100,Olahan,Roti & Bakery,,75,Muffin Choco Chip Muffin Cokelat Ganda,Double Chocolate Muffin · Muffin Choco Chip Muffin Cokelat Ganda · 1 buah (75 g) · Nasional/Bolu & Cake · src:USDA analog · conf:medium
idn-muffin-pisang,Muffin Pisang,349.0,5.5,15.0,48.0,24.0,1.8,45,1.3,280,100,Olahan,Roti & Bakery,,70,Bolu Muffin Pisang Muffin Banana,Banana Muffin · Bolu Muffin Pisang Muffin Banana · 1 buah · Nasional/Buah · src:USDA analog · conf:medium
idn-pain-au-chocolat,Pain Au Chocolat,415.0,7.0,22.5,46.5,13.0,2.6,40,2.3,370,100,Olahan,Roti & Bakery,,70,Pain Choco Roti Cokelat Prancis,Pain Au Chocolat · Pain Choco Roti Cokelat Prancis · 1 buah (70 g) · Nasional/Roti & Pastry · src:USDA analog · conf:medium
idn-palmier-gula,Palmier Gula,480.0,5.5,26.0,56.0,20.0,1.5,25,1.8,300,100,Olahan,Roti & Bakery,,35,Elephant Ear Pastry Kue Kupu-Kupu,Sugar Palmier · Elephant Ear Pastry Kue Kupu-Kupu · 1 buah (35 g) · Nasional/Roti & Pastry · src:USDA analog · conf:medium
idn-pancake-original,Pancake Original,227.0,6.4,9.7,28.3,6.0,1.0,178,1.6,439,100,Olahan,Roti & Bakery,,80,Pancake Buttermilk Pancake Polos Panekuk,Plain Pancake · Pancake Buttermilk Pancake Polos Panekuk · 2 buah (80 g) · Nasional/Bolu & Cake · src:USDA analog · conf:high
idn-pretzel-lembut,Pretzel Lembut,335.0,8.5,3.5,67.0,3.0,2.4,30,4.0,900,100,Olahan,Roti & Bakery,,110,Pretzel Panggang Soft Pretzel,Soft Pretzel · Pretzel Panggang Soft Pretzel · 1 buah (110 g) · Nasional/Roti & Pastry · src:USDA analog · conf:high
idn-roti-bakar-burjo-coklat-susu,Roti Bakar Burjo Coklat Susu,318.0,6.5,12.0,46.0,20.0,1.8,90,1.6,340,100,Olahan,Roti & Bakery,,90,Rotbak Burjo Roti Bakar Coklat Susu Warmindo,Griddled Bread With Chocolate And Condensed Milk · Rotbak Burjo Roti Bakar Coklat Susu Warmindo · 1 porsi (90 g) · Nasional/Roti & Pastry · src:Recipe calc · conf:medium
idn-roti-bakar-gerobak-coklat-kacang,Roti Bakar Gerobak Coklat Kacang,359.0,7.0,15.0,49.0,22.0,2.0,70,1.7,330,100,Olahan,Roti & Bakery,,110,Rotbak Coklat Kacang Roti Bakar Abang-Abang,Street Cart Toast With Chocolate And Peanut · Rotbak Coklat Kacang Roti Bakar Abang-Abang · 1 porsi (110 g) · Nasional/Roti & Pastry · src:Recipe calc · conf:medium
idn-roti-bakar-selai-nanas-burjo,Roti Bakar Selai Nanas Burjo,301.0,6.0,9.0,49.0,22.0,1.6,60,1.5,350,100,Olahan,Roti & Bakery,,90,Rotbak Selai Nanas Roti Bakar Nanas,Griddled Bread With Pineapple Jam · Rotbak Selai Nanas Roti Bakar Nanas · 1 porsi (90 g) · Nasional/Roti & Pastry · src:Recipe calc · conf:medium
idn-roti-bakar-srikaya,Roti Bakar Srikaya,338.0,7.0,12.0,50.0,20.0,1.9,90,2.0,380,100,Olahan,Roti & Bakery,,110,Roti Bakar Kaya Roti Panggang Srikaya,Grilled Coconut Custard Toast · Roti Bakar Kaya Roti Panggang Srikaya · 1 porsi · Nasional/Buah · src:Recipe calc · conf:medium
idn-roti-bantal,Roti Bantal,300.0,8.0,7.5,50.0,13.0,1.5,60,2.0,340,100,Olahan,Roti & Bakery,,70,Pillow Bread Roti Bantal Empuk,Pillow Bun · Pillow Bread Roti Bantal Empuk · 1 buah (70 g) · Nasional/Roti & Pastry · src:Recipe calc · conf:medium
idn-roti-boy,Roti Boy,376.0,7.0,16.0,51.0,18.0,1.6,60,1.9,320,100,Olahan,Roti & Bakery,,70,Kopi Roti Mexican Bun Papa Roti Roti O,Coffee Topped Mexican Bun · Kopi Roti Mexican Bun Papa Roti Roti O · 1 buah · Nasional/Roti & Pastry · src:Recipe calc · conf:high
idn-roti-floss-mayo,Roti Floss Mayo,330.0,10.0,14.0,41.0,10.0,1.4,50,2.2,560,100,Olahan,Roti & Bakery,,80,Floss Bun Roti Abon Mayo,Chicken Floss Mayo Bun · Floss Bun Roti Abon Mayo · 1 buah (80 g) · Nasional/Roti & Pastry · src:Recipe calc · conf:medium
idn-roti-gandum,Roti Gandum,264.0,13.0,3.5,45.0,5.0,6.0,100,2.5,450,100,Olahan,Roti & Bakery,,50,Roti Gandum Utuh Roti Tawar Gandum Whole Wheat Bread,Whole Wheat Bread · Roti Gandum Utuh Roti Tawar Gandum Whole Wheat Bread · 2 lembar · Nasional/Roti & Pastry · src:USDA analog · conf:high
idn-roti-gandum-selai-kacang,Roti Gandum Selai Kacang,325.0,14.8,12.8,38.5,6.4,6.0,137,2.4,446,100,Olahan,Roti & Bakery,,75,Roti Gandum Peanut Butter Roti Selai Kacang,Whole Wheat Bread With Peanut Butter · Roti Gandum Peanut Butter Roti Selai Kacang · 2 lembar isi (75 g) · Nasional/Roti & Pastry · src:Recipe calc · conf:medium
idn-roti-gandum-utuh,Roti Gandum Utuh,254.0,12.3,3.6,43.1,5.7,6.0,161,2.5,450,100,Olahan,Roti & Bakery,,60,Roti Gandum Utuh Panggang Roti Whole Grain Whole Wheat Bread,Whole Wheat Bread · Roti Gandum Utuh Panggang Roti Whole Grain Whole Wheat Bread · 2 lembar (60 g) · Nasional/Roti & Pastry · src:USDA analog · conf:high
idn-roti-isi-abon,Roti Isi Abon,330.0,10.0,10.0,50.0,12.0,1.5,55,2.4,550,100,Olahan,Roti & Bakery,,60,Roti Abon Roti Manis Abon Sapi,Beef Floss Topped Bun · Roti Abon Roti Manis Abon Sapi · 1 buah · Nasional/Roti & Pastry · src:Recipe calc · conf:medium
idn-roti-isi-cokelat,Roti Isi Cokelat,325.0,7.0,9.0,54.0,22.0,1.8,60,2.1,250,100,Olahan,Roti & Bakery,,60,Roti Coklat Roti Manis Isi Coklat,Chocolate Filled Sweet Bun · Roti Coklat Roti Manis Isi Coklat · 1 buah · Nasional/Roti & Pastry · src:Recipe calc · conf:high
idn-roti-isi-kacang,Roti Isi Kacang,341.0,8.5,11.0,52.0,20.0,2.5,60,2.2,260,100,Olahan,Roti & Bakery,,60,Roti Kacang Roti Manis Isi Kacang Tanah,Peanut Filled Sweet Bun · Roti Kacang Roti Manis Isi Kacang Tanah · 1 buah · Nasional/Roti & Pastry · src:Recipe calc · conf:medium
idn-roti-isi-keju,Roti Isi Keju,330.0,9.0,10.5,50.0,14.0,1.6,150,1.9,430,100,Olahan,Roti & Bakery,,60,Roti Keju Roti Manis Isi Keju,Cheese Filled Sweet Bun · Roti Keju Roti Manis Isi Keju · 1 buah · Nasional/Roti & Pastry · src:Recipe calc · conf:high
idn-roti-isi-pisang-cokelat,Roti Isi Pisang Cokelat,302.0,6.5,7.5,52.0,20.0,2.0,50,1.9,240,100,Olahan,Roti & Bakery,,65,Roti Isi Pisang Roti Pisang Coklat,Banana Chocolate Filled Bun · Roti Isi Pisang Roti Pisang Coklat · 1 buah · Nasional/Buah · src:Recipe calc · conf:medium
idn-roti-isi-srikaya,Roti Isi Srikaya,316.0,7.0,8.0,54.0,22.0,1.6,55,2.0,250,100,Olahan,Roti & Bakery,,60,Roti Kaya Roti Manis Srikaya Roti Srikaya,Coconut Custard Filled Bun · Roti Kaya Roti Manis Srikaya Roti Srikaya · 1 buah · Nasional/Buah · src:Recipe calc · conf:medium
idn-roti-kasur,Roti Kasur,330.0,8.0,10.0,52.0,14.0,1.6,60,2.0,300,100,Olahan,Roti & Bakery,,70,Roti Bantal Roti Kasur Manis,Soft Pillow Sweet Bread · Roti Bantal Roti Kasur Manis · 1 potong · Nasional/Roti & Pastry · src:Recipe calc · conf:medium
idn-roti-keju-panggang,Roti Keju Panggang,330.0,10.5,15.0,38.0,6.0,1.5,180,1.8,560,100,Olahan,Roti & Bakery,,70,Cheese Toast Roti Bakar Keju Oven,Baked Cheese Toast · Cheese Toast Roti Bakar Keju Oven · 1 potong (70 g) · Nasional/Roti & Pastry · src:Recipe calc · conf:medium
idn-roti-kismis,Roti Kismis,275.0,7.5,4.5,52.0,15.0,2.5,70,2.8,350,100,Olahan,Roti & Bakery,,60,Raisin Loaf Roti Isi Kismis,Raisin Bread · Raisin Loaf Roti Isi Kismis · 2 lembar (60 g) · Nasional/Buah · src:USDA analog · conf:high
idn-roti-manis,Roti Manis,311.0,8.0,7.0,54.0,14.0,1.8,60,2.2,280,100,Olahan,Roti & Bakery,,60,Roti Empuk Roti Manis Polos Sweet Bun,Plain Sweet Enriched Bun · Roti Empuk Roti Manis Polos Sweet Bun · 1 buah · Nasional/Roti & Pastry · src:Recipe calc · conf:high
idn-roti-multigrain,Roti Multigrain,250.0,10.0,4.0,43.0,4.0,5.5,80,2.6,430,100,Olahan,Roti & Bakery,,60,Roti Biji-Bijian Roti Multi Grain,Multigrain Bread · Roti Biji-Bijian Roti Multi Grain · 2 lembar (60 g) · Nasional/Roti & Pastry · src:USDA analog · conf:high
idn-roti-o-kopi,Roti O Kopi,330.0,6.0,12.0,48.0,15.0,1.5,50,1.8,280,100,Olahan,Roti & Bakery,,60,Roti Boy Kopi Rotiboy,Roti O Coffee Bun · Roti Boy Kopi Rotiboy · 1 buah (60 g) · Nasional/Roti & Pastry · src:FatSecret ID · conf:medium
idn-roti-panggang-alpukat,Roti Panggang Alpukat,195.0,5.9,10.5,21.5,2.5,6.5,66,1.3,180,100,Olahan,Roti & Bakery,,80,Avocado Toast Roti Alpukat Toast Alpukat,Avocado Toast · Avocado Toast Roti Alpukat Toast Alpukat · 1 lembar (80 g) · Nasional/Buah · src:Recipe calc · conf:medium
idn-roti-pita-gandum,Roti Pita Gandum,275.0,9.8,1.2,55.7,1.0,7.4,12,3.0,536,100,Olahan,Roti & Bakery,,60,Pita Bread Pita Gandum Roti Pita,Whole Wheat Pita Bread · Pita Bread Pita Gandum Roti Pita · 1 lembar (60 g) · Nasional/Roti & Pastry · src:USDA analog · conf:medium
idn-roti-sobek-cokelat,Roti Sobek Cokelat,316.0,7.0,8.0,54.0,18.0,1.8,60,2.0,280,100,Olahan,Roti & Bakery,,70,Roti Sobek Coklat Roti Sobek Isi Cokelat,Chocolate Pull Apart Bread · Roti Sobek Coklat Roti Sobek Isi Cokelat · 2 potong · Nasional/Roti & Pastry · src:Recipe calc · conf:high
idn-roti-sobek-keju,Roti Sobek Keju,328.0,8.5,10.0,51.0,15.0,1.6,130,1.9,400,100,Olahan,Roti & Bakery,,70,Roti Sobek Cheese Roti Sobek Isi Keju,Cheese Pull Apart Bread · Roti Sobek Cheese Roti Sobek Isi Keju · 2 potong · Nasional/Roti & Pastry · src:Recipe calc · conf:medium
idn-roti-sosis-panggang,Roti Sosis Panggang,280.0,9.5,11.0,35.0,6.0,1.5,50,2.0,540,100,Olahan,Roti & Bakery,,80,Roti Isi Sosis Sausage Bun,Baked Sausage Bun · Roti Isi Sosis Sausage Bun · 1 buah (80 g) · Nasional/Roti & Pastry · src:Recipe calc · conf:medium
idn-roti-sourdough,Roti Sourdough,274.0,10.6,1.9,52.4,4.4,2.2,80,3.2,552,100,Olahan,Roti & Bakery,,70,Roti Asam Roti Ragi Alami Sourdough,Sourdough Bread · Roti Asam Roti Ragi Alami Sourdough · 2 lembar (70 g) · Nasional/Roti & Pastry · src:USDA analog · conf:high
idn-roti-tawar,Roti Tawar,266.0,8.5,3.5,50.0,5.0,2.4,130,3.0,490,100,Olahan,Roti & Bakery,,50,Roti Sandwich Roti Tawar Biasa Roti Tawar Putih,White Sandwich Bread · Roti Sandwich Roti Tawar Biasa Roti Tawar Putih · 2 lembar · Nasional/Roti & Pastry · src:FatSecret ID · conf:high
idn-roti-tawar-gandum,Roti Tawar Gandum,247.0,13.0,3.5,41.0,5.0,6.0,110,2.5,450,100,Olahan,Roti & Bakery,,32,Roti Gandum Whole Wheat Bread,Whole Wheat Bread · Roti Gandum Whole Wheat Bread · 1 lembar · Nasional/Roti & Pastry · src:USDA analog · conf:high
idn-roti-tawar-kupas,Roti Tawar Kupas,275.0,8.5,3.5,52.0,5.5,2.0,140,3.0,480,100,Olahan,Roti & Bakery,,50,Crustless Bread Roti Kupas Roti Tawar Tanpa Kulit,Crustless White Bread · Crustless Bread Roti Kupas Roti Tawar Tanpa Kulit · 2 lembar (50 g) · Nasional/Roti & Pastry · src:USDA analog · conf:high
idn-roti-tawar-putih,Roti Tawar Putih,265.0,9.0,3.3,49.0,5.0,2.4,150,3.6,490,100,Olahan,Roti & Bakery,,30,Roti Tawar Biasa White Bread,White Sandwich Bread · Roti Tawar Biasa White Bread · 1 lembar · Nasional/Roti & Pastry · src:USDA analog · conf:high
idn-sandwich-telur,Sandwich Telur,241.0,9.0,13.0,22.0,3.0,1.4,60,1.6,480,100,Olahan,Roti & Bakery,,150,Egg Mayo Sandwich Roti Sandwich Telur,Egg Sandwich · Egg Mayo Sandwich Roti Sandwich Telur · 1 buah (150 g) · Nasional/Telur · src:USDA analog · conf:medium
idn-sari-roti-isi-cokelat,Sari Roti Isi Cokelat,280.0,6.0,7.0,48.0,18.0,2.0,60,1.8,280,100,Olahan,Roti & Bakery,,55,Roti Isi Coklat Sari Roti Sari Roti Coklat,Sari Roti Chocolate Filled Bun · Roti Isi Coklat Sari Roti Sari Roti Coklat · 1 bungkus (55 g) · Nasional/Roti & Pastry · src:FatSecret ID · conf:high
idn-sari-roti-isi-keju,Sari Roti Isi Keju,305.0,8.0,10.0,45.0,14.0,1.5,140,1.6,400,100,Olahan,Roti & Bakery,,65,Roti Isi Keju Sari Roti Sari Roti Keju,Sari Roti Cheese Filled Bun · Roti Isi Keju Sari Roti Sari Roti Keju · 1 bungkus (65 g) · Nasional/Roti & Pastry · src:FatSecret ID · conf:high
idn-sari-roti-sobek-cokelat,Sari Roti Sobek Cokelat,327.0,6.5,9.5,55.0,20.0,1.8,60,1.8,300,100,Olahan,Roti & Bakery,,107,Roti Sobek Sari Roti Sari Roti Sobek,Sari Roti Chocolate Pull-Apart Bread · Roti Sobek Sari Roti Sari Roti Sobek · 1 potong (107 g) · Nasional/Roti & Pastry · src:FatSecret ID · conf:medium
idn-sari-roti-tawar-gandum,Sari Roti Tawar Gandum,265.0,9.0,3.5,48.0,5.0,5.0,80,2.8,430,100,Olahan,Roti & Bakery,,35,Roti Gandum Sari Roti Sari Roti Gandum,Sari Roti Wholemeal Sandwich Bread · Roti Gandum Sari Roti Sari Roti Gandum · 1 lembar (35 g) · Nasional/Roti & Pastry · src:FatSecret ID · conf:high
idn-sari-roti-tawar-putih,Sari Roti Tawar Putih,270.0,8.0,3.0,52.0,6.0,2.5,90,2.5,450,100,Olahan,Roti & Bakery,,35,Roti Tawar Sari Roti Sari Roti Tawar,Sari Roti White Sandwich Bread · Roti Tawar Sari Roti Sari Roti Tawar · 1 lembar (35 g) · Nasional/Roti & Pastry · src:FatSecret ID · conf:high
idn-sausage-roll-pastry,Sausage Roll Pastry,380.0,10.0,26.0,27.0,3.0,1.2,40,1.6,680,100,Olahan,Roti & Bakery,,80,Roti Sosis Puff Sosis Pastry,Sausage Roll · Roti Sosis Puff Sosis Pastry · 1 buah (80 g) · Nasional/Roti & Pastry · src:USDA analog · conf:medium
idn-scone-kismis,Scone Kismis,368.0,7.0,13.0,54.0,16.0,2.0,100,2.2,470,100,Olahan,Roti & Bakery,,65,Fruit Scone Skon Kismis,Raisin Scone · Fruit Scone Skon Kismis · 1 buah (65 g) · Nasional/Buah · src:USDA analog · conf:medium
idn-scone-plain,Scone Plain,372.0,8.0,14.0,51.0,9.0,1.8,110,2.4,510,100,Olahan,Roti & Bakery,,60,Scone Original Skon Polos,Plain Scone · Scone Original Skon Polos · 1 buah (60 g) · Nasional/Roti & Pastry · src:USDA analog · conf:high
idn-sub-sandwich-daging,Sub Sandwich Daging,215.0,12.0,7.0,26.0,4.0,1.8,80,2.2,640,100,Olahan,Roti & Bakery,,230,Roti Sub Isi Daging Sub Sandwich,Submarine Sandwich With Meat · Roti Sub Isi Daging Sub Sandwich · 1 buah 15 cm (230 g) · Nasional/Daging Sapi · src:USDA analog · conf:medium
idn-waffle-belgia,Waffle Belgia,291.0,6.9,14.1,34.4,6.0,1.6,180,2.3,511,100,Olahan,Roti & Bakery,,75,Wafel Waffle Waffle Original,Belgian Waffle · Wafel Waffle Waffle Original · 1 buah (75 g) · Nasional/Roti & Pastry · src:USDA analog · conf:high
idn-roti-gambang-manado,Roti Gambang Manado,353.0,6.0,9.0,62.0,26.0,2.0,40,1.8,220,100,Olahan,Roti & Bakery,,60,Roti Gambang Manado Klasik Roti Gambang Sulut,Manado Spiced Palm Sugar Bread · Roti Gambang Manado Klasik Roti Gambang Sulut · 1 potong · Sulawesi Utara/Roti & Pastry · src:Recipe calc · conf:medium
idn-roti-canai-padang,Roti Canai Padang,340.0,7.0,16.0,42.0,3.0,1.8,40,2.4,420,100,Olahan,Roti & Bakery,,90,Roti Canai Kuah Kari Roti Cane Padang,Padang Flatbread With Curry · Roti Canai Kuah Kari Roti Cane Padang · 1 lembar · Sumatera Barat/Roti & Pastry · src:Recipe calc · conf:medium
idn-bumbu-bali-instan,Bumbu Bali Instan,245.0,3.5,13.0,30.0,14.0,3.5,45,2.0,3200,100,Olahan,Sambal & Bumbu,,15,Bumbu Bali Kemasan Bumbu Instan Bali,Instant Bumbu Bali Paste · Bumbu Bali Kemasan Bumbu Instan Bali · 1 sdm (15 g) · Bali/Bumbu & Saus · src:Estimate · conf:medium
idn-sambal-embe,Sambal Embe,235.0,2.5,19.0,13.0,5.0,2.5,40,1.4,700,100,Olahan,Sambal & Bumbu,,20,Sambal Bawang Bali Sambel Embe,Balinese Fried Shallot & Garlic Sambal · Sambal Bawang Bali Sambel Embe · 1 sdm · Bali/Sambal · src:Recipe calc · conf:medium
idn-sambal-matah,Sambal Matah,180.0,2.0,15.0,9.0,4.0,2.5,35,1.2,620,100,Olahan,Sambal & Bumbu,,20,Sambal Mentah Bali Sambel Matah,Balinese Raw Shallot & Lemongrass Sambal · Sambal Mentah Bali Sambel Matah · 1 sdm · Bali/Sambal · src:Recipe calc · conf:high
idn-kerupuk-emping-melinjo-tawar,Kerupuk Emping Melinjo Tawar,480.0,8.0,28.0,50.0,1.0,3.0,30,2.0,90,100,Olahan,Sambal & Bumbu,,15,Emping Melinjo Emping Tawar,Plain Fried Melinjo Crackers · Emping Melinjo Emping Tawar · 5 keping (15 g) · Banten/Keripik & Kerupuk · src:Estimate · conf:medium
idn-sambal-geprek,Sambal Geprek,175.0,2.5,14.5,9.5,4.0,3.2,28,1.3,800,100,Olahan,Sambal & Bumbu,,20,Sambal Ayam Geprek,Chili Sambal For Ayam Geprek · Sambal Ayam Geprek · 1 sdm · DI Yogyakarta/Ayam · src:Recipe calc · conf:high
idn-bumbu-gado-gado,Bumbu Gado-Gado,285.0,9.5,19.5,19.0,10.0,3.2,42,1.4,650,100,Olahan,Sambal & Bumbu,,45,Bumbu Pecel Gado-Gado Saus Gado-Gado,Peanut Dressing For Gado-Gado · Bumbu Pecel Gado-Gado Saus Gado-Gado · 3 sdm · DKI Jakarta/Sayur · src:Recipe calc · conf:high
idn-duo-sale,Duo Sale,195.0,4.5,13.5,14.0,5.0,5.5,55,2.5,820,100,Olahan,Sambal & Bumbu,,18,Duosale Sambal Duo Sale,Gorontalo Dried Chili Sambal · Duosale Sambal Duo Sale · 1 sendok makan · Gorontalo/Sambal · src:Recipe calc · conf:low
idn-sambal-sagela,Sambal Sagela,231.0,12.0,15.0,12.0,4.0,3.5,90,3.0,900,100,Olahan,Sambal & Bumbu,,18,Sagela Sambal Sagela Gorontalo,Gorontalo Smoked Fish Chili Sambal · Sagela Sambal Sagela Gorontalo · 1 sendok makan · Gorontalo/Sambal · src:Recipe calc · conf:medium
idn-tempoyak,Tempoyak,175.0,2.0,4.5,32.0,18.0,3.5,25,0.8,400,100,Olahan,Sambal & Bumbu,,30,Tempoyak Jambi Tempuyak,Fermented Durian Paste · Tempoyak Jambi Tempuyak · 2 sdm · Jambi/Bumbu & Saus · src:Recipe calc · conf:medium
idn-sambal-kecap-warteg,Sambal Kecap Warteg,89.0,1.5,3.0,14.0,10.0,1.2,20,1.0,1400,100,Olahan,Sambal & Bumbu,,20,Kecap Cabe Rawit Sambal Kecap Warung,Sweet Soy Chili Dip · Kecap Cabe Rawit Sambal Kecap Warung · 1 sendok makan (20 g) · Jawa/Sambal · src:Recipe calc · conf:medium
idn-sambal-warteg,Sambal Warteg,107.0,2.0,7.0,9.0,4.0,2.5,25,1.0,800,100,Olahan,Sambal & Bumbu,,20,Sambal Tomat Warteg Sambal Warung,Warteg Style Chili Relish · Sambal Tomat Warteg Sambal Warung · 1 sendok makan (20 g) · Jawa/Sambal · src:Recipe calc · conf:medium
idn-sambal-dadak,Sambal Dadak,82.0,2.5,4.5,8.5,4.5,2.2,35,1.2,620,100,Olahan,Sambal & Bumbu,,20,Sambal Dadakan Sunda Sambel Dadak,Sundanese Fresh Pounded Sambal · Sambal Dadakan Sunda Sambel Dadak · 1 sdm · Jawa Barat/Sambal · src:Recipe calc · conf:medium
idn-sambal-hejo,Sambal Hejo,110.0,2.8,8.0,7.0,3.0,2.5,40,1.3,580,100,Olahan,Sambal & Bumbu,,20,Sambal Ijo Sunda Sambel Hejo,Sundanese Green Chilli Sambal · Sambal Ijo Sunda Sambel Hejo · 1 sdm · Jawa Barat/Sambal · src:Recipe calc · conf:medium
idn-sambal-oncom,Sambal Oncom,148.0,8.0,8.5,10.0,2.5,3.0,60,2.2,480,100,Olahan,Sambal & Bumbu,,40,Sambal Oncom Sunda Sambel Oncom,Fermented Oncom Chilli Sambal · Sambal Oncom Sunda Sambel Oncom · 2 sdm · Jawa Barat/Tahu & Tempe · src:Recipe calc · conf:medium
idn-sambal-bajak,Sambal Bajak,180.0,3.0,12.0,15.0,9.0,2.8,40,1.5,900,100,Olahan,Sambal & Bumbu,,15,Sambal Bajack Sambal Bajag,Cooked Fried Chili Paste Sambal · Sambal Bajack Sambal Bajag · 1 sdm · Jawa Tengah/Sambal · src:Recipe calc · conf:high
idn-serundeng-kelapa-kemasan,Serundeng Kelapa Kemasan,425.0,6.0,33.0,32.0,12.0,12.0,40,3.0,600,100,Olahan,Sambal & Bumbu,,15,Serundeng Instan Serundeng Kemasan,Packaged Spiced Toasted Coconut · Serundeng Instan Serundeng Kemasan · 2 sdm (15 g) · Jawa Tengah/Bumbu & Saus · src:Estimate · conf:medium
idn-bumbu-pecel-instan,Bumbu Pecel Instan,420.0,15.0,26.0,33.0,14.0,6.0,75,2.8,1200,100,Olahan,Sambal & Bumbu,,30,Bumbu Pecel Instan Blok Bumbu Pecel Kemasan,Instant Pecel Peanut Paste · Bumbu Pecel Instan Blok Bumbu Pecel Kemasan · 2 sdm (30 g) · Jawa Timur/Sayur · src:Estimate · conf:medium
idn-bumbu-rawon-instan,Bumbu Rawon Instan,250.0,5.0,14.0,26.0,6.0,5.0,65,3.2,3500,100,Olahan,Sambal & Bumbu,,15,Bumbu Instan Rawon Bumbu Rawon Kemasan,Instant Rawon Spice Paste · Bumbu Instan Rawon Bumbu Rawon Kemasan · 1 sdm (15 g) · Jawa Timur/Soto & Sup · src:Estimate · conf:medium
idn-koya-soto,Koya Soto,476.0,16.0,28.0,40.0,2.0,3.0,60,2.4,880,100,Olahan,Sambal & Bumbu,,8,Bubuk Koya Koya Bawang,Cracker & Garlic Sprinkle · Bubuk Koya Koya Bawang · 1 sdm · Jawa Timur/Soto & Sup · src:Recipe calc · conf:medium
idn-petis-udang,Petis Udang,165.0,12.0,1.5,26.0,18.0,0.5,90,2.0,3200,100,Olahan,Sambal & Bumbu,,10,Petis Hitam Petis Sidoarjo,Shrimp Paste Reduction · Petis Hitam Petis Sidoarjo · 1 sdt · Jawa Timur/Seafood · src:Recipe calc · conf:medium
idn-sambal-bawang,Sambal Bawang,190.0,2.5,16.0,9.0,4.0,3.0,25,1.2,700,100,Olahan,Sambal & Bumbu,,15,Sambal Bawang Merah Sambal Bawang Putih,Shallot And Garlic Chili Sambal · Sambal Bawang Merah Sambal Bawang Putih · 1 sdm · Jawa Timur/Sambal · src:Recipe calc · conf:high
idn-sambal-korek,Sambal Korek,210.0,2.2,19.0,8.0,3.5,2.8,22,1.1,750,100,Olahan,Sambal & Bumbu,,12,Sambal Korek Lamongan,Crushed Raw Chili Sambal With Hot Oil · Sambal Korek Lamongan · 1 sdm · Jawa Timur/Sambal · src:Recipe calc · conf:high
idn-sambal-pecel,Sambal Pecel,478.0,17.0,30.0,35.0,18.0,6.0,80,3.0,720,100,Olahan,Sambal & Bumbu,,20,Bumbu Pecel Sambel Pecel Madiun,Javanese Peanut Chili Sauce · Bumbu Pecel Sambel Pecel Madiun · 1 sdm · Jawa Timur/Sayur · src:NilaiGizi · conf:high
idn-bumbu-habang,Bumbu Habang,208.0,2.0,16.0,14.0,9.0,3.0,30,2.0,900,100,Olahan,Sambal & Bumbu,,30,Bumbu Merah Banjar Sambal Habang,Banjarese Dried Red Chilli Paste · Bumbu Merah Banjar Sambal Habang · 2 sdm · Kalimantan Selatan/Bumbu & Saus · src:Recipe calc · conf:medium
idn-sambal-acan-banjar,Sambal Acan Banjar,130.0,4.0,6.0,15.0,7.0,3.0,60,2.0,1600,100,Olahan,Sambal & Bumbu,,20,Acan Banjar Sambal Acan,Banjarese Shrimp Paste Chilli Sambal · Acan Banjar Sambal Acan · 2 sdm · Kalimantan Selatan/Sambal · src:Recipe calc · conf:medium
idn-sambal-raja,Sambal Raja,176.0,5.0,12.0,12.0,5.0,2.5,40,1.6,700,100,Olahan,Sambal & Bumbu,,40,Sambal Raja Kutai Sambal Raja Tenggarong,Kutai Royal Mixed Sambal · Sambal Raja Kutai Sambal Raja Tenggarong · 2 sdm · Kalimantan Timur/Sambal · src:Recipe calc · conf:medium
idn-calok,Calok,95.0,12.0,2.0,7.0,2.5,0.4,150,1.8,3000,100,Olahan,Sambal & Bumbu,,15,Calok Bangka Cencalok,Bangka Fermented Shrimp Condiment · Calok Bangka Cencalok · 1 sdm · Kepulauan Bangka Belitung/Bumbu & Saus · src:Recipe calc · conf:low
idn-sambal-seruit,Sambal Seruit,120.0,3.5,6.0,12.5,5.0,2.5,50,1.8,950,100,Olahan,Sambal & Bumbu,,25,Sambal Lampung Sambal Seruit Terasi,Lampung Terasi & Mango Sambal · Sambal Lampung Sambal Seruit Terasi · 1 sdm · Lampung/Sambal · src:Recipe calc · conf:medium
idn-sambal-tempoyak-lampung,Sambal Tempoyak Lampung,190.0,5.0,9.0,22.0,12.0,3.0,60,1.5,800,100,Olahan,Sambal & Bumbu,,30,Sambal Tempoyak Tempoyak Lampung,Lampung Stir-Fried Fermented Durian Sambal · Sambal Tempoyak Tempoyak Lampung · 2 sdm · Lampung/Sambal · src:Recipe calc · conf:medium
idn-cengkeh,Cengkeh,274.0,6.0,13.0,65.5,2.4,33.9,632,11.8,277,100,Olahan,Sambal & Bumbu,,2,Cengkih Clove,Cloves · Cengkih Clove · 1 sdt (2 g) · Maluku/Nasi · src:USDA analog · conf:high
idn-colo-colo,Colo-Colo,84.0,1.6,4.0,10.5,6.5,1.8,25,1.0,780,100,Olahan,Sambal & Bumbu,,30,Dabu-Dabu Maluku Sambal Colo-Colo,"Moluccan Fresh Chilli, Tomato & Lime Sambal · Dabu-Dabu Maluku Sambal Colo-Colo · 2 sdm · Maluku/Sambal · src:Recipe calc · conf:medium"
idn-pala-bubuk,Pala Bubuk,525.0,5.8,36.3,49.3,28.5,20.8,184,3.0,16,100,Olahan,Sambal & Bumbu,,2,Bubuk Pala Nutmeg Powder,Ground Nutmeg · Bubuk Pala Nutmeg Powder · 1 sdt (2 g) · Maluku/Bumbu & Saus · src:USDA analog · conf:high
idn-acar-kuning,Acar Kuning,55.0,0.8,2.5,7.5,5.0,1.2,20,0.4,450,100,Olahan,Sambal & Bumbu,,30,Acar Bumbu Kuning Acar Kuning Timun,Yellow Turmeric Pickles · Acar Bumbu Kuning Acar Kuning Timun · 2 sdm (30 g) · Nasional/Sayur · src:Recipe calc · conf:medium
idn-acar-timun,Acar Timun,45.0,0.6,0.1,10.5,8.0,0.8,15,0.3,450,100,Olahan,Sambal & Bumbu,,30,Acar Mentimun Acar Segar,Pickled Cucumber And Carrot · Acar Mentimun Acar Segar · 2 sdm · Nasional/Sayuran · src:Recipe calc · conf:high
idn-air-perasan-jeruk-nipis,Air Perasan Jeruk Nipis,25.0,0.4,0.1,8.4,1.7,0.4,14,0.1,2,100,Olahan,Sambal & Bumbu,,15,Air Jeruk Nipis Perasan Jeruk Nipis,Fresh Lime Juice · Air Jeruk Nipis Perasan Jeruk Nipis · 1 sdm (15 g) · Nasional/Buah · src:USDA analog · conf:high
idn-asam-jawa,Asam Jawa,239.0,2.8,0.6,60.0,55.0,5.1,74,2.8,28,100,Olahan,Sambal & Bumbu,,15,Asam Kawak Asem Jawa Tamarind,Tamarind Pulp · Asam Kawak Asem Jawa Tamarind · 1 sdm (15 g) · Nasional/Bumbu & Saus · src:USDA analog · conf:high
idn-bawang-goreng,Bawang Goreng,480.0,4.0,35.0,36.0,12.0,4.0,60,2.0,60,100,Olahan,Sambal & Bumbu,,8,Bawang Merah Goreng,Crispy Fried Shallots · Bawang Merah Goreng · 1 sdm · Nasional/Gorengan · src:Recipe calc · conf:medium
idn-bawang-putih-bubuk,Bawang Putih Bubuk,331.0,16.6,0.7,66.0,2.4,9.0,79,5.7,60,100,Olahan,Sambal & Bumbu,,3,Bubuk Bawang Putih Garlic Powder,Garlic Powder · Bubuk Bawang Putih Garlic Powder · 1 sdt (3 g) · Nasional/Bumbu & Saus · src:USDA analog · conf:high
idn-bumbu-ayam-goreng-instan,Bumbu Ayam Goreng Instan,340.0,6.0,1.5,74.0,5.0,2.5,60,1.5,5500,100,Olahan,Sambal & Bumbu,,12,Bumbu Ayam Goreng Kemasan Bumbu Racik Ayam Goreng,Instant Fried Chicken Seasoning · Bumbu Ayam Goreng Kemasan Bumbu Racik Ayam Goreng · 1 sdm (12 g) · Nasional/Ayam · src:Estimate · conf:medium
idn-bumbu-kacang-sate,Bumbu Kacang Sate,300.0,11.0,20.0,20.0,12.0,3.0,45,1.4,620,100,Olahan,Sambal & Bumbu,,50,Bumbu Sate Sambal Kacang Sate Saus Kacang Sate,Satay Peanut Sauce · Bumbu Sate Sambal Kacang Sate Saus Kacang Sate · 2 sdm (1 porsi sate) · Nasional/Kacang & Biji · src:Recipe calc · conf:high
idn-bumbu-nasi-goreng-instan,Bumbu Nasi Goreng Instan,300.0,4.0,2.0,65.0,20.0,3.0,60,2.0,13800,100,Olahan,Sambal & Bumbu,,10,Bumbu Nasgor Instan Bumbu Racik Nasi Goreng,Instant Fried Rice Seasoning · Bumbu Nasgor Instan Bumbu Racik Nasi Goreng · 1 sdm (10 g) · Nasional/Nasi · src:FatSecret ID · conf:medium
idn-bumbu-opor-instan,Bumbu Opor Instan,260.0,4.0,18.0,20.0,5.0,4.0,50,2.5,2800,100,Olahan,Sambal & Bumbu,,15,Bumbu Instan Opor Bumbu Opor Kemasan,Instant Opor Spice Paste · Bumbu Instan Opor Bumbu Opor Kemasan · 1 sdm (15 g) · Nasional/Gulai & Kari · src:Estimate · conf:medium
idn-bumbu-rendang-instan,Bumbu Rendang Instan,240.0,5.0,15.0,22.0,6.0,4.0,60,3.0,3200,100,Olahan,Sambal & Bumbu,,15,Bumbu Instan Rendang Bumbu Rendang Kemasan,Instant Rendang Spice Paste · Bumbu Instan Rendang Bumbu Rendang Kemasan · 1 sdm (15 g) · Nasional/Daging Sapi · src:FatSecret ID · conf:medium
idn-bumbu-sate-instan,Bumbu Sate Instan,380.0,12.0,24.0,30.0,12.0,5.0,70,2.5,1500,100,Olahan,Sambal & Bumbu,,30,Bumbu Instan Sate Bumbu Sate Kemasan,Instant Satay Peanut Seasoning · Bumbu Instan Sate Bumbu Sate Kemasan · 2 sdm (30 g) · Nasional/Bumbu & Saus · src:Estimate · conf:medium
idn-bumbu-semur-instan,Bumbu Semur Instan,250.0,4.0,5.0,47.0,25.0,3.0,50,1.8,4000,100,Olahan,Sambal & Bumbu,,15,Bumbu Racik Semur Bumbu Semur Kemasan,Instant Semur Seasoning · Bumbu Racik Semur Bumbu Semur Kemasan · 1 sdm (15 g) · Nasional/Bumbu & Saus · src:Estimate · conf:medium
idn-bumbu-soto-instan,Bumbu Soto Instan,230.0,4.5,12.0,26.0,6.0,4.0,55,2.6,4500,100,Olahan,Sambal & Bumbu,,15,Bumbu Instan Soto Bumbu Soto Kemasan,Instant Soto Spice Paste · Bumbu Instan Soto Bumbu Soto Kemasan · 1 sdm (15 g) · Nasional/Soto & Sup · src:Estimate · conf:medium
idn-cabe-bubuk,Cabe Bubuk,300.0,12.0,15.0,49.7,10.0,34.8,148,7.8,35,100,Olahan,Sambal & Bumbu,,3,Bubuk Cabai Cabai Bubuk Chili Powder,Ground Chili Powder · Bubuk Cabai Cabai Bubuk Chili Powder · 1 sdt (3 g) · Nasional/Bumbu & Saus · src:USDA analog · conf:medium
idn-chili-oil,Chili Oil,730.0,1.5,80.0,5.0,1.0,3.0,25,1.5,350,100,Olahan,Sambal & Bumbu,,5,Minyak Cabai Minyak Cabe,Chili Oil · Minyak Cabai Minyak Cabe · 1 sdt (5 g) · Nasional/Sambal · src:Estimate · conf:medium
idn-daun-jeruk-purut,Daun Jeruk Purut,60.0,3.0,1.0,10.0,0.5,5.0,150,4.0,5,100,Olahan,Sambal & Bumbu,,2,Daun Jeruk Kaffir Lime Leaf,Kaffir Lime Leaves · Daun Jeruk Kaffir Lime Leaf · 3 lembar (2 g) · Nasional/Buah · src:Estimate · conf:low
idn-daun-salam,Daun Salam,70.0,3.5,1.5,9.0,0.5,5.0,200,5.0,8,100,Olahan,Sambal & Bumbu,,2,Indonesian Bay Leaf Salam,Indonesian Bay Leaf · Indonesian Bay Leaf Salam · 2 lembar (2 g) · Nasional/Nasi · src:Estimate · conf:low
idn-dressing-olive-oil-lemon,Dressing Olive Oil Lemon,400.0,0.1,44.0,1.5,0.8,0.1,3,0.1,300,100,Olahan,Sambal & Bumbu,,15,Saus Salad Minyak Zaitun Vinaigrette Lemon,Olive Oil And Lemon Dressing · Saus Salad Minyak Zaitun Vinaigrette Lemon · 1 sdm (15 g) · Nasional/Bumbu & Saus · src:Recipe calc · conf:medium
idn-jahe-bubuk,Jahe Bubuk,335.0,9.0,4.2,69.0,3.4,14.1,114,19.8,27,100,Olahan,Sambal & Bumbu,,2,Bubuk Jahe Ginger Powder,Ground Ginger · Bubuk Jahe Ginger Powder · 1 sdt (2 g) · Nasional/Bumbu & Saus · src:USDA analog · conf:high
idn-jinten,Jinten,375.0,17.8,22.3,44.2,2.3,10.5,931,66.4,168,100,Olahan,Sambal & Bumbu,,2,Cumin Jintan Jinten Putih,Cumin Seed · Cumin Jintan Jinten Putih · 1 sdt (2 g) · Nasional/Nasi · src:USDA analog · conf:high
idn-kaldu-bubuk-ayam,Kaldu Bubuk Ayam,200.0,8.0,5.0,30.0,5.0,0.5,50,1.0,25000,100,Olahan,Sambal & Bumbu,,4,Kaldu Ayam Bubuk Masako Ayam Royco Ayam,Chicken Bouillon Powder · Kaldu Ayam Bubuk Masako Ayam Royco Ayam · 1 sdt (4 g) · Nasional/Ayam · src:NilaiGizi · conf:medium
idn-kaldu-bubuk-sapi,Kaldu Bubuk Sapi,210.0,8.5,6.0,29.0,5.0,0.5,45,1.2,25000,100,Olahan,Sambal & Bumbu,,4,Kaldu Sapi Bubuk Masako Sapi Royco Sapi,Beef Bouillon Powder · Kaldu Sapi Bubuk Masako Sapi Royco Sapi · 1 sdt (4 g) · Nasional/Daging Sapi · src:NilaiGizi · conf:medium
idn-kaldu-jamur-bubuk,Kaldu Jamur Bubuk,230.0,7.0,1.0,50.0,12.0,2.0,40,1.5,18000,100,Olahan,Sambal & Bumbu,,4,Kaldu Jamur Totole Kaldu Jamur,Mushroom Bouillon Powder · Kaldu Jamur Totole Kaldu Jamur · 1 sdt (4 g) · Nasional/Sayuran · src:Estimate · conf:medium
idn-kapulaga,Kapulaga,311.0,10.8,6.7,68.5,0.0,28.0,383,14.0,18,100,Olahan,Sambal & Bumbu,,2,Cardamom Kapulaga Hijau,Cardamom · Cardamom Kapulaga Hijau · 3 butir (2 g) · Nasional/Nasi · src:USDA analog · conf:high
idn-kayu-manis-bubuk,Kayu Manis Bubuk,247.0,4.0,1.2,80.6,2.2,53.1,1002,8.3,10,100,Olahan,Sambal & Bumbu,,3,Bubuk Kayu Manis Cinnamon Powder,Ground Cinnamon · Bubuk Kayu Manis Cinnamon Powder · 1 sdt (3 g) · Nasional/Bumbu & Saus · src:USDA analog · conf:high
idn-kecap-asin,Kecap Asin,55.0,8.0,0.1,5.0,1.0,0.8,20,1.5,5500,100,Olahan,Sambal & Bumbu,,15,Kecap Asin Botol Soy Sauce,Salty Soy Sauce · Kecap Asin Botol Soy Sauce · 1 sdm · Nasional/Bumbu & Saus · src:USDA analog · conf:high
idn-kecap-ikan,Kecap Ikan,35.0,5.1,0.0,3.6,3.6,0.0,43,0.8,7850,100,Olahan,Sambal & Bumbu,,15,Fish Sauce Nam Pla,Fish Sauce · Fish Sauce Nam Pla · 1 sdm (15 g) · Nasional/Ikan · src:USDA analog · conf:high
idn-kecap-manis,Kecap Manis,270.0,3.0,0.1,64.0,55.0,0.5,30,1.5,2500,100,Olahan,Sambal & Bumbu,,15,Kecap Manis Botol,Indonesian Sweet Soy Sauce · Kecap Manis Botol · 1 sdm · Nasional/Bumbu & Saus · src:FatSecret ID · conf:high
idn-kelapa-parut-sangrai,Kelapa Parut Sangrai,420.0,6.9,33.5,25.0,7.0,9.0,20,2.5,20,100,Olahan,Sambal & Bumbu,,20,Kelapa Gongseng Kelapa Sangrai,Toasted Grated Coconut · Kelapa Gongseng Kelapa Sangrai · 2 sdm · Nasional/Bumbu & Saus · src:TKPI · conf:medium
idn-kencur,Kencur,80.0,2.0,0.6,16.5,1.0,2.0,30,1.5,8,100,Olahan,Sambal & Bumbu,,10,Cekur Kaempferia Kencur Segar,Aromatic Ginger · Cekur Kaempferia Kencur Segar · 1 ruas (10 g) · Nasional/Nasi · src:Estimate · conf:medium
idn-ketumbar-biji,Ketumbar Biji,298.0,12.4,17.8,55.0,0.0,41.9,709,16.3,35,100,Olahan,Sambal & Bumbu,,3,Biji Ketumbar Coriander Seed,Coriander Seed · Biji Ketumbar Coriander Seed · 1 sdt (3 g) · Nasional/Nasi · src:USDA analog · conf:high
idn-ketumbar-bubuk,Ketumbar Bubuk,298.0,12.4,17.8,55.0,0.0,41.9,709,16.3,35,100,Olahan,Sambal & Bumbu,,2,Bubuk Ketumbar Coriander Powder,Ground Coriander · Bubuk Ketumbar Coriander Powder · 1 sdt (2 g) · Nasional/Bumbu & Saus · src:USDA analog · conf:high
idn-kunyit-bubuk,Kunyit Bubuk,312.0,9.7,3.3,67.1,3.2,22.7,168,41.4,27,100,Olahan,Sambal & Bumbu,,3,Bubuk Kunyit Turmeric Powder,Ground Turmeric · Bubuk Kunyit Turmeric Powder · 1 sdt (3 g) · Nasional/Bumbu & Saus · src:USDA analog · conf:high
idn-lengkuas,Lengkuas,82.0,1.5,0.6,17.5,1.0,2.5,25,1.0,10,100,Olahan,Sambal & Bumbu,,15,Galangal Laja Laos,Galangal · Galangal Laja Laos · 1 ruas (15 g) · Nasional/Nasi · src:Estimate · conf:medium
idn-mayones,Mayones,680.0,1.0,75.0,2.5,1.5,0.0,8,0.2,600,100,Olahan,Sambal & Bumbu,,14,Mayo Mayonaise,Mayonnaise · Mayo Mayonaise · 1 sdm · Nasional/Bumbu & Saus · src:USDA analog · conf:high
idn-merica-bubuk,Merica Bubuk,251.0,10.4,3.3,64.0,0.6,25.3,443,9.7,20,100,Olahan,Sambal & Bumbu,,2,Black Pepper Lada Bubuk Merica,Ground Black Pepper · Black Pepper Lada Bubuk Merica · 1 sdt (2 g) · Nasional/Gulai & Kari · src:USDA analog · conf:high
idn-minyak-bawang-putih,Minyak Bawang Putih,800.0,0.8,88.0,3.0,0.5,0.5,10,0.4,30,100,Olahan,Sambal & Bumbu,,5,Garlic Oil Minyak Bawang,Garlic Oil · Garlic Oil Minyak Bawang · 1 sdt (5 g) · Nasional/Bumbu & Saus · src:Estimate · conf:medium
idn-penyedap-rasa-msg,Penyedap Rasa MSG,60.0,15.0,0.0,0.0,0.0,0.0,5,0.1,12300,100,Olahan,Sambal & Bumbu,,4,Ajinomoto MSG Micin Vetsin,Monosodium Glutamate Seasoning · Ajinomoto MSG Micin Vetsin · 1 sdt (4 g) · Nasional/Bumbu & Saus · src:Estimate · conf:low
idn-sambal-kacang,Sambal Kacang,300.0,10.0,21.0,19.0,9.0,3.5,45,1.5,700,100,Olahan,Sambal & Bumbu,,30,Bumbu Sate Kacang Saus Kacang,Peanut Sauce For Satay · Bumbu Sate Kacang Saus Kacang · 2 sdm · Nasional/Kacang & Biji · src:Recipe calc · conf:high
idn-sambal-kecap,Sambal Kecap,120.0,2.0,0.6,27.0,22.0,1.2,25,1.0,1500,100,Olahan,Sambal & Bumbu,,15,Sambal Kecap Manis,Sweet Soy Chili Dipping Sambal · Sambal Kecap Manis · 1 sdm · Nasional/Sambal · src:Recipe calc · conf:high
idn-sambal-kecap-sate,Sambal Kecap Sate,110.0,2.5,0.5,24.0,19.0,0.8,25,1.2,1800,100,Olahan,Sambal & Bumbu,,30,Kecap Sambal Sate Sambal Kecap,Sweet Soy Chilli Dip For Satay · Kecap Sambal Sate Sambal Kecap · 2 sdm · Nasional/Sambal · src:Recipe calc · conf:medium
idn-sambal-rawit-mentah,Sambal Rawit Mentah,85.0,2.8,2.5,14.0,6.0,5.5,25,1.4,800,100,Olahan,Sambal & Bumbu,,12,Sambal Mentah Rawit Sambal Uleg Mentah,Raw Bird's Eye Chili Sambal · Sambal Mentah Rawit Sambal Uleg Mentah · 1 sdm · Nasional/Sambal · src:Recipe calc · conf:medium
idn-sambal-terasi,Sambal Terasi,105.0,3.5,6.0,9.5,5.0,2.0,40,1.4,900,100,Olahan,Sambal & Bumbu,,20,Sambal Terasi Matang Sambel Terasi,Shrimp Paste Chilli Sambal · Sambal Terasi Matang Sambel Terasi · 1 sdm · Nasional/Sambal · src:Recipe calc · conf:high
idn-sambal-tomat,Sambal Tomat,130.0,2.0,10.0,9.0,5.0,2.2,20,0.9,650,100,Olahan,Sambal & Bumbu,,15,Sambal Lado Tomat,Tomato Chili Sambal · Sambal Lado Tomat · 1 sdm · Nasional/Sayuran · src:Recipe calc · conf:high
idn-saus-gravy-resto,Saus Gravy Resto,55.0,1.4,2.6,6.5,1.0,0.3,10,0.3,720,100,Olahan,Sambal & Bumbu,,50,Gravy Saus Cokelat Resto,Restaurant Brown Gravy Sauce · Gravy Saus Cokelat Resto · 1 cup kecil (50 g) · Nasional/Bumbu & Saus · src:USDA analog · conf:medium
idn-saus-keju-richeese,Saus Keju Richeese,192.0,4.0,15.0,9.0,4.0,0.2,110,0.2,780,100,Olahan,Sambal & Bumbu,,30,Cheese Sauce Richeese Saus Keju Fire Chicken,Richeese Cheese Sauce · Cheese Sauce Richeese Saus Keju Fire Chicken · 1 cup kecil (30 g) · Nasional/Snack Kemasan · src:Estimate · conf:medium
idn-saus-sambal-botol,Saus Sambal Botol,105.0,1.0,0.3,25.0,18.0,1.0,15,0.7,1200,100,Olahan,Sambal & Bumbu,,15,Chili Sauce Saus Sambal,Bottled Chili Sauce · Chili Sauce Saus Sambal · 1 sdm · Nasional/Sambal · src:FatSecret ID · conf:high
idn-saus-tiram,Saus Tiram,90.0,2.0,0.3,20.0,12.0,0.3,30,0.5,3000,100,Olahan,Sambal & Bumbu,,16,Oyster Sauce Saori Saus Tiram,Oyster Sauce · Oyster Sauce Saori Saus Tiram · 1 sdm · Nasional/Bumbu & Saus · src:FatSecret ID · conf:medium
idn-saus-tomat-botol,Saus Tomat Botol,90.0,1.2,0.2,21.5,16.0,0.8,15,0.5,900,100,Olahan,Sambal & Bumbu,,15,Ketchup Saus Tomat,Bottled Tomato Ketchup · Ketchup Saus Tomat · 1 sdm · Nasional/Sayuran · src:USDA analog · conf:high
idn-serai,Serai,99.0,1.8,0.5,25.3,0.0,0.0,65,8.2,6,100,Olahan,Sambal & Bumbu,,20,Lemongrass Sereh,Lemongrass · Lemongrass Sereh · 1 batang (20 g) · Nasional/Nasi · src:USDA analog · conf:high
idn-serundeng-kelapa,Serundeng Kelapa,400.0,5.0,28.0,33.0,14.0,8.0,30,2.0,500,100,Olahan,Sambal & Bumbu,,20,Sambal Serundeng Serundeng,Spiced Toasted Coconut Relish · Sambal Serundeng Serundeng · 2 sdm · Nasional/Bumbu & Saus · src:Recipe calc · conf:medium
idn-terasi-bakar,Terasi Bakar,155.0,30.0,3.5,2.0,0.5,0.5,100,3.0,4200,100,Olahan,Sambal & Bumbu,,5,Belacan Bakar Terasi Panggang,Grilled Shrimp Paste · Belacan Bakar Terasi Panggang · 1 sdt · Nasional/Bumbu & Saus · src:TKPI · conf:medium
idn-terasi-udang,Terasi Udang,155.0,30.0,3.5,3.5,1.0,0.0,100,3.1,7500,100,Olahan,Sambal & Bumbu,,5,Belacan Shrimp Paste Terasi,Shrimp Paste · Belacan Shrimp Paste Terasi · 1 sdt (5 g) · Nasional/Seafood · src:TKPI · conf:medium
idn-sambal-luat,Sambal Luat,110.0,2.5,6.0,12.0,4.0,3.0,40,1.8,800,100,Olahan,Sambal & Bumbu,,20,Sambal Lu'at Sambal Lu'at Kupang,"Timorese Chilli, Lime & Basil Sambal · Sambal Lu'at Sambal Lu'at Kupang · 1 sdm · Nusa Tenggara Timur/Sambal · src:Recipe calc · conf:medium"
idn-bakasang,Bakasang,95.0,13.5,2.5,4.0,1.0,0.3,60,2.5,2400,100,Olahan,Sambal & Bumbu,,15,Bakasang Manado Kecap Ikan Fermentasi,Fermented Fish Condiment · Bakasang Manado Kecap Ikan Fermentasi · 1 sendok makan · Sulawesi Utara/Bumbu & Saus · src:Estimate · conf:low
idn-bumbu-rica-rica,Bumbu Rica-Rica,132.0,2.5,8.5,11.5,5.0,3.2,45,1.5,750,100,Olahan,Sambal & Bumbu,,30,Bumbu Rica Sambal Rica-Rica,Rica-Rica Chili Paste · Bumbu Rica Sambal Rica-Rica · 2 sendok makan · Sulawesi Utara/Gulai & Kari · src:Recipe calc · conf:medium
idn-bumbu-woku,Bumbu Woku,146.0,3.0,10.0,11.0,4.5,3.5,55,1.8,700,100,Olahan,Sambal & Bumbu,,30,Bumbu Woku Manado,Woku Spice Paste · Bumbu Woku Manado · 2 sendok makan · Sulawesi Utara/Gulai & Kari · src:Recipe calc · conf:medium
idn-dabu-dabu-bakar,Dabu-Dabu Bakar,110.0,2.0,7.5,8.5,4.8,2.8,28,1.0,480,100,Olahan,Sambal & Bumbu,,20,Sambal Dabu-Dabu Bakar,Grilled Chili Relish · Sambal Dabu-Dabu Bakar · 1 sendok makan · Sulawesi Utara/Sambal · src:Recipe calc · conf:medium
idn-dabu-dabu-iris,Dabu-Dabu Iris,96.0,1.5,6.5,8.0,4.5,2.5,25,0.8,450,100,Olahan,Sambal & Bumbu,,20,Dabu Dabu Mentah Dabu-Dabu Manado,Fresh Sliced Chili Relish · Dabu Dabu Mentah Dabu-Dabu Manado · 1 sendok makan · Sulawesi Utara/Sambal · src:Recipe calc · conf:high
idn-dabu-dabu-lilang,Dabu-Dabu Lilang,140.0,1.4,12.0,7.0,4.0,2.2,24,0.8,460,100,Olahan,Sambal & Bumbu,,20,Dabu Dabu Lilang Dabu-Dabu Siram Minyak,Chili Relish With Hot Oil · Dabu Dabu Lilang Dabu-Dabu Siram Minyak · 1 sendok makan · Sulawesi Utara/Sambal · src:Recipe calc · conf:medium
idn-dabu-dabu-roa,Dabu-Dabu Roa,165.0,8.0,10.5,9.5,4.0,2.6,70,2.0,700,100,Olahan,Sambal & Bumbu,,20,Dabu Dabu Roa Manado,Chili Relish With Smoked Fish · Dabu Dabu Roa Manado · 1 sendok makan · Sulawesi Utara/Sambal · src:Recipe calc · conf:medium
idn-sambal-goroho,Sambal Goroho,135.0,2.0,8.0,15.0,5.5,2.8,25,1.0,520,100,Olahan,Sambal & Bumbu,,20,Sambal Pisang Goroho,Goroho Banana Chili Sambal · Sambal Pisang Goroho · 1 sendok makan · Sulawesi Utara/Sambal · src:Recipe calc · conf:low
idn-sambal-roa,Sambal Roa,226.0,13.5,14.0,11.5,4.0,3.2,100,3.0,880,100,Olahan,Sambal & Bumbu,,18,Sambal Ikan Roa Sambal Roa Manado,Smoked Halfbeak Chili Sambal · Sambal Ikan Roa Sambal Roa Manado · 1 sendok makan · Sulawesi Utara/Sambal · src:Recipe calc · conf:high
idn-bumbu-gulai-instan,Bumbu Gulai Instan,265.0,4.5,18.0,21.0,5.0,4.5,58,2.8,3000,100,Olahan,Sambal & Bumbu,,15,Bumbu Gulai Kemasan Bumbu Instan Gulai,Instant Gulai Spice Paste · Bumbu Gulai Kemasan Bumbu Instan Gulai · 1 sdm (15 g) · Sumatera Barat/Gulai & Kari · src:Estimate · conf:medium
idn-kuah-gulai-padang,Kuah Gulai Padang,109.5,2.0,9.5,4.0,1.6,0.6,22,0.8,420,100,Olahan,Sambal & Bumbu,,60,Kuah Nasi Padang Kuah Santan Padang Siraman Kuah Gulai,Padang Curry Gravy · Kuah Nasi Padang Kuah Santan Padang Siraman Kuah Gulai · 1 sendok sayur · Sumatera Barat/Soto & Sup · src:Recipe calc · conf:high
idn-kuah-sate-padang,Kuah Sate Padang,95.5,2.0,3.5,14.0,1.2,1.0,20,1.2,620,100,Olahan,Sambal & Bumbu,,60,Kuah Sate Pariaman Saus Sate Padang,Padang Satay Spiced Rice-Flour Gravy · Kuah Sate Pariaman Saus Sate Padang · 1 sendok sayur · Sumatera Barat/Soto & Sup · src:Recipe calc · conf:medium
idn-sambal-ijo-padang,Sambal Ijo Padang,132.0,2.5,10.0,8.0,3.6,3.0,30,1.0,480,100,Olahan,Sambal & Bumbu,,20,Lado Mudo Sambal Hijau Padang Sambal Lado Ijo,Padang Steamed Green Chili Sambal · Lado Mudo Sambal Hijau Padang Sambal Lado Ijo · 1 sendok makan · Sumatera Barat/Sambal · src:Recipe calc · conf:high
idn-sambal-lado-tanak,Sambal Lado Tanak,218.0,6.0,18.0,8.0,3.0,2.8,90,2.0,620,100,Olahan,Sambal & Bumbu,,25,Lado Tanak Sambal Lado Tanak Padang,Cooked Coconut Milk Chili Sambal · Lado Tanak Sambal Lado Tanak Padang · 1 sendok makan · Sumatera Barat/Sambal · src:Recipe calc · conf:medium
idn-sambal-merah-padang,Sambal Merah Padang,154.0,2.5,12.0,9.0,4.5,3.2,28,1.2,520,100,Olahan,Sambal & Bumbu,,20,Lado Merah Sambal Lado Padang,Padang Red Chili Sambal · Lado Merah Sambal Lado Padang · 1 sendok makan · Sumatera Barat/Sambal · src:Recipe calc · conf:high
idn-cuko-pempek,Cuko Pempek,130.0,0.8,0.3,32.0,28.0,0.5,25,0.8,700,100,Olahan,Sambal & Bumbu,,50,Cuka Pempek Kuah Cuko,Palembang Sweet-Sour Chilli Dipping Sauce · Cuka Pempek Kuah Cuko · 1 mangkuk kecil · Sumatera Selatan/Ikan · src:Recipe calc · conf:high
idn-sambal-andaliman,Sambal Andaliman,150.0,3.0,10.5,10.0,3.0,3.5,60,2.5,900,100,Olahan,Sambal & Bumbu,,20,Sambal Batak Sambal Tombur Andaliman,Batak Andaliman Pepper Chilli Paste · Sambal Batak Sambal Tombur Andaliman · 1 sdm · Sumatera Utara/Sambal · src:Recipe calc · conf:medium
idn-sambal-tinombur,Sambal Tinombur,165.0,4.0,12.0,9.0,2.5,3.0,70,2.4,850,100,Olahan,Sambal & Bumbu,,25,Sambal Tombur Tinombur,Batak Roasted Chilli & Candlenut Sambal · Sambal Tombur Tinombur · 1 sdm · Sumatera Utara/Sambal · src:Recipe calc · conf:medium
idn-kuah-pliek-u,Kuah Pliek U,110.0,3.5,7.5,7.5,2.0,2.8,55,1.4,400,100,Olahan,Sayur & Sup,,250,Gulai Pliek U Kuah Pliek,Acehnese Vegetable Curry With Fermented Coconut · Gulai Pliek U Kuah Pliek · 1 porsi · Aceh/Soto & Sup · src:Recipe calc · conf:medium
idn-jukut-ares,Jukut Ares,65.0,3.0,3.5,5.5,1.2,2.0,40,1.0,380,100,Olahan,Sayur & Sup,,250,Ares Jukut Ares Bali,Balinese Banana Stem Soup · Ares Jukut Ares Bali · 1 mangkok · Bali/Soto & Sup · src:Recipe calc · conf:medium
idn-jukut-undis,Jukut Undis,85.0,5.5,2.5,10.0,1.4,4.0,50,1.9,280,100,Olahan,Sayur & Sup,,180,Jukut Undis Bali Sayur Undis,Balinese Black Pigeon Pea Soup · Jukut Undis Bali Sayur Undis · 1 mangkok (180 g) · Bali/Sayur · src:Recipe calc · conf:medium
idn-jukut-urab,Jukut Urab,115.0,3.5,7.5,8.5,2.5,3.5,70,1.6,320,100,Olahan,Sayur & Sup,,100,Urab Bali Urap Sayur Bali,Balinese Vegetables With Spiced Grated Coconut · Urab Bali Urap Sayur Bali · 1 porsi · Bali/Sayur · src:Recipe calc · conf:high
idn-komoh,Komoh,70.0,8.0,3.5,1.5,0.5,0.5,15,1.4,450,100,Olahan,Sayur & Sup,,200,Komoh Bali Kuah Komoh,Balinese Spiced Clear Meat Broth · Komoh Bali Kuah Komoh · 1 mangkok · Bali/Soto & Sup · src:Recipe calc · conf:low
idn-lawar-nangka,Lawar Nangka,130.0,3.5,9.0,9.0,2.5,3.5,45,1.4,350,100,Olahan,Sayur & Sup,,100,Lawar Nangka Muda Lawar Vegetarian,Balinese Young Jackfruit & Coconut Salad · Lawar Nangka Muda Lawar Vegetarian · 1 porsi · Bali/Buah · src:Recipe calc · conf:medium
idn-plecing-kangkung-bali,Plecing Kangkung Bali,75.0,3.0,4.0,7.0,2.5,2.5,90,2.2,380,100,Olahan,Sayur & Sup,,120,Kangkung Plecing Bali Plecing Kangkung,Balinese Water Spinach With Chilli Tomato Sambal · Kangkung Plecing Bali Plecing Kangkung · 1 porsi · Bali/Buah · src:Recipe calc · conf:high
idn-rujak-bulung-bali,Rujak Bulung Bali,55.0,1.5,2.0,7.5,2.5,2.5,90,2.2,380,100,Olahan,Sayur & Sup,,180,Bulung Boni Rujak Bulung,Balinese Seaweed Rujak · Bulung Boni Rujak Bulung · 1 porsi (180 g) · Bali/Sayur · src:Recipe calc · conf:medium
idn-srombotan,Srombotan,120.0,4.5,7.0,10.0,3.0,3.5,75,1.8,340,100,Olahan,Sayur & Sup,,150,Serombotan Srombotan Klungkung,Klungkung Mixed Vegetable Salad With Spicy Sauce · Serombotan Srombotan Klungkung · 1 porsi · Bali/Sayur · src:Recipe calc · conf:medium
idn-angeun-lada,Angeun Lada,128.0,11.0,8.0,3.5,1.2,0.8,30,2.0,450,100,Olahan,Sayur & Sup,,200,Angeun Lada Pandeglang Sayur Lada Banten,Banten Peppery Offal Soup · Angeun Lada Pandeglang Sayur Lada Banten · 1 mangkok · Banten/Soto & Sup · src:Recipe calc · conf:low
idn-jangan-lombok-ijo,Jangan Lombok Ijo,85.0,3.5,5.5,5.5,1.6,1.8,60,1.2,330,100,Olahan,Sayur & Sup,,180,Jangan Lombok Sayur Lombok Hijau Sayur Lombok Ijo,Gunungkidul Green Chilli Coconut Stew · Jangan Lombok Sayur Lombok Hijau Sayur Lombok Ijo · 1 mangkok (180 g) · DI Yogyakarta/Sayur · src:Recipe calc · conf:medium
idn-lotek,Lotek,132.0,5.5,6.5,13.0,4.5,3.2,95,2.5,330,100,Olahan,Sayur & Sup,,220,Lotek Jogja Lotek Sayur,Javanese Salad With Peanut Sauce · Lotek Jogja Lotek Sayur · 1 porsi · DI Yogyakarta/Sayur · src:Recipe calc · conf:medium
idn-sayur-brongkos,Sayur Brongkos,110.0,5.5,7.0,6.0,1.8,2.2,42,1.6,340,100,Olahan,Sayur & Sup,,200,Brongkos Sayur Brongkos Jogja,Yogyakarta Black Nut Beef And Bean Stew · Brongkos Sayur Brongkos Jogja · 1 mangkok (200 g) · DI Yogyakarta/Gulai & Kari · src:Recipe calc · conf:medium
idn-asinan-betawi,Asinan Betawi,92.0,2.5,3.0,14.5,8.0,1.8,40,0.8,420,100,Olahan,Sayur & Sup,,250,Asinan Jakarta Asinan Sayur Betawi,Betawi Pickled Vegetable Salad With Peanut Sauce · Asinan Jakarta Asinan Sayur Betawi · 1 porsi · DKI Jakarta/Sayur · src:Recipe calc · conf:high
idn-sayur-babanci,Sayur Babanci,142.0,6.0,11.0,5.0,2.2,1.2,45,1.3,430,100,Olahan,Sayur & Sup,,200,Babanci Ketupat Babanci,Betawi Rare Spiced Coconut Beef Stew · Babanci Ketupat Babanci · 1 mangkok · DKI Jakarta/Sayur · src:Recipe calc · conf:low
idn-sayur-besan,Sayur Besan,118.0,3.5,8.5,7.0,3.0,1.5,45,1.0,380,100,Olahan,Sayur & Sup,,200,Sayur Besan Betawi Sayur Terubuk,Betawi Terubuk Coconut Stew · Sayur Besan Betawi Sayur Terubuk · 1 mangkok · DKI Jakarta/Sayur · src:Recipe calc · conf:low
idn-sayur-godog-betawi,Sayur Godog Betawi,88.0,1.8,6.5,6.0,2.5,1.4,35,0.7,360,100,Olahan,Sayur & Sup,,200,Sayur Godog Sayur Lodeh Betawi,Betawi Coconut Chayote & Papaya Stew · Sayur Godog Sayur Lodeh Betawi · 1 mangkok · DKI Jakarta/Sayur · src:Recipe calc · conf:medium
idn-sop-kaki-kambing-betawi,Sop Kaki Kambing Betawi,115.0,8.0,8.0,3.0,1.5,0.3,40,1.6,460,100,Olahan,Sayur & Sup,,350,Sop Kaki Kambing Sup Kaki Kambing Betawi,Betawi Goat Trotter Soup · Sop Kaki Kambing Sup Kaki Kambing Betawi · 1 mangkok · DKI Jakarta/Kambing · src:Recipe calc · conf:medium
idn-binte-biluhuta,Binte Biluhuta,98.0,5.0,2.5,14.0,2.5,2.2,20,0.8,340,100,Olahan,Sayur & Sup,,300,Binthe Biluhuta Milu Siram,Gorontalo Corn And Fish Soup · Binthe Biluhuta Milu Siram · 1 mangkok · Gorontalo/Soto & Sup · src:Recipe calc · conf:high
idn-uta-dada,Uta Dada,115.0,9.0,7.5,3.0,1.4,0.6,20,0.8,400,100,Olahan,Sayur & Sup,,300,Ayam Uta Dada Uta Dada Gorontalo,Grilled Chicken In Coconut Broth · Ayam Uta Dada Uta Dada Gorontalo · 1 mangkok · Gorontalo/Ayam · src:Recipe calc · conf:medium
idn-acar-timun-wortel-warteg,Acar Timun Wortel Warteg,38.0,0.6,0.2,8.5,6.0,1.0,18,0.3,240,100,Olahan,Sayur & Sup,,30,Acar Timun Wortel Acar Warteg,Pickled Cucumber And Carrot Side · Acar Timun Wortel Acar Warteg · 1 sendok makan (30 g) · Jawa/Sayuran · src:Recipe calc · conf:medium
idn-lalapan-timun-kol-kemangi,Lalapan Timun Kol Kemangi,21.0,1.2,0.2,3.6,2.0,1.5,35,0.5,8,100,Olahan,Sayur & Sup,,60,Lalap Timun Kol Lalapan Warteg,Raw Vegetable Side Of Cucumber Cabbage And Basil · Lalap Timun Kol Lalapan Warteg · 1 porsi (60 g) · Jawa/Sayuran · src:Recipe calc · conf:high
idn-oseng-buncis-warteg,Oseng Buncis Warteg,91.0,2.5,5.5,8.0,3.0,2.6,45,0.9,340,100,Olahan,Sayur & Sup,,60,Oseng Buncis Tempe Tumis Buncis Warteg,Stir Fried Green Beans Warteg Style · Oseng Buncis Tempe Tumis Buncis Warteg · 1 sendok sayur (60 g) · Jawa/Sayuran · src:Recipe calc · conf:high
idn-oseng-jamur-tiram-kecap,Oseng Jamur Tiram Kecap,95.0,3.5,5.5,8.0,3.5,2.0,15,0.8,450,100,Olahan,Sayur & Sup,,55,Oseng Jamur Warteg Tumis Jamur Tiram,Stir Fried Oyster Mushroom In Sweet Soy · Oseng Jamur Warteg Tumis Jamur Tiram · 1 sendok sayur (55 g) · Jawa/Sayuran · src:Recipe calc · conf:medium
idn-oseng-pare-teri,Oseng Pare Teri,107.0,6.0,7.0,5.0,1.5,2.0,90,1.4,480,100,Olahan,Sayur & Sup,,55,Oseng Paria Teri Tumis Pare Teri,Stir Fried Bitter Melon With Anchovy · Oseng Paria Teri Tumis Pare Teri · 1 sendok sayur (55 g) · Jawa/Sayuran · src:Recipe calc · conf:medium
idn-oseng-terong-kecap,Oseng Terong Kecap,112.0,1.8,7.0,11.0,6.0,2.6,20,0.6,430,100,Olahan,Sayur & Sup,,60,Oseng Terong Warteg Tumis Terong Kecap,Stir Fried Eggplant In Sweet Soy · Oseng Terong Warteg Tumis Terong Kecap · 1 sendok sayur (60 g) · Jawa/Sayuran · src:Recipe calc · conf:medium
idn-sayur-bening-oyong-wortel,Sayur Bening Oyong Wortel,27.0,1.2,0.3,5.0,2.5,1.2,25,0.5,220,100,Olahan,Sayur & Sup,,150,Sayur Bening Oyong Sup Bening Gambas Wortel,Clear Luffa And Carrot Soup · Sayur Bening Oyong Sup Bening Gambas Wortel · 1 mangkok kecil (150 g) · Jawa/Sayuran · src:Recipe calc · conf:high
idn-sayur-kacang-merah-santan,Sayur Kacang Merah Santan,122.0,5.0,6.0,12.0,2.5,3.5,40,1.5,380,100,Olahan,Sayur & Sup,,80,Brongkos Kacang Merah Sayur Kacang Merah Warteg,Red Bean In Coconut Broth · Brongkos Kacang Merah Sayur Kacang Merah Warteg · 1 sendok sayur (80 g) · Jawa/Sayur · src:Recipe calc · conf:medium
idn-sayur-santan-tahu-tempe,Sayur Santan Tahu Tempe,114.0,5.5,7.5,6.0,2.0,1.8,60,1.1,400,100,Olahan,Sayur & Sup,,80,Lodeh Tahu Tempe Warteg Sayur Tahu Tempe,Tofu And Tempeh In Coconut Broth · Lodeh Tahu Tempe Warteg Sayur Tahu Tempe · 1 sendok sayur (80 g) · Jawa/Tahu & Tempe · src:Recipe calc · conf:medium
idn-sop-makaroni-warteg,Sop Makaroni Warteg,64.0,2.6,2.2,8.5,1.8,0.8,20,0.5,380,100,Olahan,Sayur & Sup,,180,Sayur Sop Makaroni Sup Makaroni Warteg,Clear Macaroni Vegetable Soup · Sayur Sop Makaroni Sup Makaroni Warteg · 1 mangkok kecil (180 g) · Jawa/Mie & Bihun · src:Recipe calc · conf:medium
idn-tumis-jagung-muda-wortel,Tumis Jagung Muda Wortel,84.0,2.5,4.5,9.0,4.0,2.2,25,0.6,340,100,Olahan,Sayur & Sup,,60,Oseng Jagung Muda Tumis Putren Wortel,Stir Fried Baby Corn And Carrot · Oseng Jagung Muda Tumis Putren Wortel · 1 sendok sayur (60 g) · Jawa/Sayuran · src:Recipe calc · conf:medium
idn-tumis-kacang-panjang-warteg,Tumis Kacang Panjang Warteg,89.0,3.0,5.0,8.0,3.0,2.8,45,1.0,350,100,Olahan,Sayur & Sup,,60,Oseng Kacang Panjang Warteg Tumis Kacang Panjang Tempe,Stir Fried Long Beans Warteg Style · Oseng Kacang Panjang Warteg Tumis Kacang Panjang Tempe · 1 sendok sayur (60 g) · Jawa/Sayuran · src:Recipe calc · conf:high
idn-tumis-labu-siam,Tumis Labu Siam,74.0,1.5,4.5,7.0,3.0,2.0,25,0.5,320,100,Olahan,Sayur & Sup,,60,Oseng Labu Siam Tumis Jipang Tumis Manisa,Stir Fried Chayote · Oseng Labu Siam Tumis Jipang Tumis Manisa · 1 sendok sayur (60 g) · Jawa/Sayuran · src:Recipe calc · conf:high
idn-tumis-sawi-putih-bakso,Tumis Sawi Putih Bakso,79.0,4.0,4.5,5.5,2.0,1.4,35,0.7,420,100,Olahan,Sayur & Sup,,60,Oseng Sawi Putih Bakso Tumis Sawi Putih Warteg,Stir Fried Napa Cabbage With Meatballs · Oseng Sawi Putih Bakso Tumis Sawi Putih Warteg · 1 sendok sayur (60 g) · Jawa/Sayuran · src:Recipe calc · conf:medium
idn-tumis-tauge-tahu,Tumis Tauge Tahu,85.0,5.0,5.0,5.0,1.5,1.6,70,1.2,330,100,Olahan,Sayur & Sup,,60,Oseng Tauge Tahu Tumis Toge Tahu Warteg,Stir Fried Bean Sprouts With Tofu · Oseng Tauge Tahu Tumis Toge Tahu Warteg · 1 sendok sayur (60 g) · Jawa/Sayuran · src:Recipe calc · conf:high
idn-tumis-wortel-buncis-warteg,Tumis Wortel Buncis Warteg,78.0,2.2,4.5,7.5,3.5,2.4,40,0.7,330,100,Olahan,Sayur & Sup,,60,Oseng Wortel Buncis Tumis Buncis Wortel Warteg,Stir Fried Carrot And Green Beans · Oseng Wortel Buncis Tumis Buncis Wortel Warteg · 1 sendok sayur (60 g) · Jawa/Sayuran · src:Recipe calc · conf:high
idn-asinan-bogor,Asinan Bogor,68.0,0.8,0.6,15.5,12.0,1.6,22,0.5,260,100,Olahan,Sayur & Sup,,250,Asinan Buah Asinan Buah Bogor,Bogor Pickled Fruit Salad · Asinan Buah Asinan Buah Bogor · 1 porsi · Jawa Barat/Sayur · src:Recipe calc · conf:high
idn-cobek-terong,Cobek Terong,96.0,1.8,7.0,6.5,3.0,2.2,25,0.7,340,100,Olahan,Sayur & Sup,,100,Cobek Terong Sunda Terong Cobek,Grilled Eggplant In Chilli Paste · Cobek Terong Sunda Terong Cobek · 1 porsi · Jawa Barat/Sayuran · src:Recipe calc · conf:medium
idn-lalapan-sunda,Lalapan Sunda,28.0,1.8,0.3,4.8,2.2,2.0,45,0.9,12,100,Olahan,Sayur & Sup,,80,Lalab Sunda Lalapan Segar,Sundanese Raw Vegetable Platter · Lalab Sunda Lalapan Segar · 1 porsi · Jawa Barat/Sayur · src:TKPI · conf:high
idn-sayur-asem-sunda,Sayur Asem Sunda,42.0,1.5,0.6,7.5,3.5,1.8,35,0.8,300,100,Olahan,Sayur & Sup,,200,Sayur Asem Sayur Asem Bening Sunda,Sundanese Sour Tamarind Vegetable Soup · Sayur Asem Sayur Asem Bening Sunda · 1 mangkok · Jawa Barat/Sayur · src:Recipe calc · conf:high
idn-sop-gurih,Sop Gurih,78.0,4.5,5.0,4.0,1.6,0.6,28,0.8,400,100,Olahan,Sayur & Sup,,300,Sayur Sop Santan Sop Gurih Sunda,Sundanese Savoury Coconut Soup · Sayur Sop Santan Sop Gurih Sunda · 1 mangkok · Jawa Barat/Soto & Sup · src:Recipe calc · conf:medium
idn-tumis-genjer,Tumis Genjer,78.0,2.5,5.0,6.0,1.8,2.2,60,2.0,320,100,Olahan,Sayur & Sup,,100,Genjer Tumis Oseng Genjer,Stir-Fried Yellow Velvetleaf · Genjer Tumis Oseng Genjer · 1 porsi · Jawa Barat/Sayur · src:Recipe calc · conf:medium
idn-tumis-leunca,Tumis Leunca,112.0,5.5,7.0,7.0,1.5,2.5,80,2.2,340,100,Olahan,Sayur & Sup,,100,Oseng Leunca Oncom Ulukutek Leunca,Stir-Fried Black Nightshade Berries · Oseng Leunca Oncom Ulukutek Leunca · 1 porsi · Jawa Barat/Sayur · src:Recipe calc · conf:medium
idn-bobor-bayam,Bobor Bayam,55.0,2.0,3.5,4.0,1.5,1.4,80,1.6,250,100,Olahan,Sayur & Sup,,180,Bobor Bayam Jagung Jangan Bobor Sayur Bobor,Spinach In Thin Coconut Milk · Bobor Bayam Jagung Jangan Bobor Sayur Bobor · 1 mangkok (180 g) · Jawa Tengah/Sayuran · src:Recipe calc · conf:medium
idn-gado-gado-jawa,Gado-Gado Jawa,137.0,6.1,3.2,21.0,4.0,1.1,301,7.5,320,100,Olahan,Sayur & Sup,,250,Gado-Gado Gadogado,Javanese Vegetable Salad With Peanut Sauce · Gado-Gado Gadogado · 1 porsi · Jawa Tengah/Sayur · src:NilaiGizi · conf:high
idn-gudangan,Gudangan,101.0,3.8,5.5,9.0,3.2,3.2,105,2.1,290,100,Olahan,Sayur & Sup,,120,Gudhangan Kluban Urap Gudangan,Steamed Vegetables With Coconut Sambal · Gudhangan Kluban Urap Gudangan · 1 porsi · Jawa Tengah/Seafood · src:Recipe calc · conf:medium
idn-jangan-gori,Jangan Gori,82.0,2.5,4.0,9.0,3.0,2.4,55,1.1,330,100,Olahan,Sayur & Sup,,200,Jangan Tewel Sayur Gori Sayur Nangka Muda,Young Jackfruit Coconut Stew · Jangan Tewel Sayur Gori Sayur Nangka Muda · 1 mangkok · Jawa Tengah/Soto & Sup · src:Recipe calc · conf:medium
idn-lodeh-terong,Lodeh Terong,65.0,1.8,4.5,4.5,2.0,1.8,32,0.7,270,100,Olahan,Sayur & Sup,,180,Lodeh Terung Sayur Lodeh Terong,Eggplant Coconut Lodeh · Lodeh Terung Sayur Lodeh Terong · 1 mangkok (180 g) · Jawa Tengah/Sayuran · src:Recipe calc · conf:medium
idn-pindang-serani,Pindang Serani,77.0,10.0,3.0,2.5,1.4,0.5,30,0.8,420,100,Olahan,Sayur & Sup,,300,Pindang Srani Sup Ikan Jepara,Jepara Clear Sour Fish Soup · Pindang Srani Sup Ikan Jepara · 1 mangkok · Jawa Tengah/Ikan · src:Recipe calc · conf:medium
idn-sayur-asem-jawa,Sayur Asem Jawa,43.0,1.8,0.6,7.5,3.5,1.8,40,0.9,290,100,Olahan,Sayur & Sup,,200,Jangan Asem Sayur Asam,Javanese Sour Tamarind Vegetable Soup · Jangan Asem Sayur Asam · 1 mangkok · Jawa Tengah/Soto & Sup · src:Recipe calc · conf:high
idn-sayur-bening-bayam,Sayur Bening Bayam,28.0,1.8,0.3,4.5,2.2,1.4,80,1.9,180,100,Olahan,Sayur & Sup,,200,Bening Bayam Jangan Bayem Sayur Bening,Clear Spinach Soup · Bening Bayam Jangan Bayem Sayur Bening · 1 mangkok · Jawa Tengah/Sayuran · src:TKPI · conf:high
idn-sayur-menir,Sayur Menir,48.0,2.5,0.6,8.5,2.2,1.8,55,1.4,240,100,Olahan,Sayur & Sup,,180,Jangan Menir Sayur Menir Jawa,Clear Spinach Corn And Bean Soup · Jangan Menir Sayur Menir Jawa · 1 mangkok (180 g) · Jawa Tengah/Sayur · src:Recipe calc · conf:medium
idn-sayur-nangka-warteg,Sayur Nangka Warteg,113.0,2.5,7.0,10.0,3.5,2.6,35,0.8,380,100,Olahan,Sayur & Sup,,80,Lodeh Nangka Muda Sayur Gori Warteg Sayur Tewel,Young Jackfruit In Coconut Broth · Lodeh Nangka Muda Sayur Gori Warteg Sayur Tewel · 1 sendok sayur (80 g) · Jawa Tengah/Sayuran · src:Recipe calc · conf:medium
idn-sop-ayam-kampung,Sop Ayam Kampung,56.0,5.5,2.5,3.0,1.2,0.6,20,0.6,450,100,Olahan,Sayur & Sup,,400,Sop Ayam Sup Ayam Kampung Klaten,Free-Range Chicken Soup · Sop Ayam Sup Ayam Kampung Klaten · 1 mangkok · Jawa Tengah/Ayam · src:Recipe calc · conf:high
idn-sop-senerek-magelang,Sop Senerek Magelang,72.0,5.0,2.2,8.0,1.4,1.8,26,1.3,360,100,Olahan,Sayur & Sup,,300,Sop Senerek Sup Senerek,Magelang Red Bean And Beef Soup · Sop Senerek Sup Senerek · 1 mangkok (300 g) · Jawa Tengah/Soto & Sup · src:Recipe calc · conf:medium
idn-trancam,Trancam,97.0,3.5,5.5,8.5,3.4,3.2,100,2.0,280,100,Olahan,Sayur & Sup,,120,Terancam Trancam Jawa,Raw Vegetables With Grated Coconut · Terancam Trancam Jawa · 1 porsi · Jawa Tengah/Sayur · src:Recipe calc · conf:medium
idn-urap-sayur,Urap Sayur,106.0,3.5,6.0,9.5,3.0,3.4,110,2.2,300,100,Olahan,Sayur & Sup,,120,Urap Urap-Urap Urapan,Vegetables With Seasoned Grated Coconut · Urap Urap-Urap Urapan · 1 porsi · Jawa Tengah/Sayur · src:Recipe calc · conf:high
idn-kaldu-kokot,Kaldu Kokot,95.0,8.0,5.0,4.0,0.8,1.2,28,1.4,400,100,Olahan,Sayur & Sup,,300,Kaldu Kacang Kokot Kaldu Kokot Madura,Madurese Beef Trotter And Bean Soup · Kaldu Kacang Kokot Kaldu Kokot Madura · 1 mangkok (300 g) · Jawa Timur/Soto & Sup · src:Recipe calc · conf:medium
idn-pecel-semanggi-surabaya,Pecel Semanggi Surabaya,110.0,3.5,3.0,17.0,7.0,3.0,60,1.5,290,100,Olahan,Sayur & Sup,,180,Pecel Semanggi Semanggi Surabaya,Surabaya Clover Leaf Salad · Pecel Semanggi Semanggi Surabaya · 1 pincuk (180 g) · Jawa Timur/Sayur · src:Recipe calc · conf:medium
idn-gangan-asam-banjar,Gangan Asam Banjar,68.0,8.0,2.0,4.5,2.0,0.6,30,0.6,400,100,Olahan,Sayur & Sup,,250,Gangan Asam Sayur Asam Banjar,Banjarese Sour Fish & Vegetable Soup · Gangan Asam Sayur Asam Banjar · 1 mangkok · Kalimantan Selatan/Soto & Sup · src:Recipe calc · conf:high
idn-gangan-humbut,Gangan Humbut,96.0,2.0,6.5,7.5,2.5,1.8,25,0.6,320,100,Olahan,Sayur & Sup,,200,Gangan Umbut Sayur Humbut Kelapa,Banjarese Palm Heart Coconut Soup · Gangan Umbut Sayur Humbut Kelapa · 1 mangkok · Kalimantan Selatan/Soto & Sup · src:Recipe calc · conf:medium
idn-juhu-singkah,Juhu Singkah,85.0,2.0,5.5,7.0,1.5,2.5,30,0.8,300,100,Olahan,Sayur & Sup,,200,Juhu Singkah Uwei Umbut Rotan,Dayak Rattan Shoot Soup In Coconut Milk · Juhu Singkah Uwei Umbut Rotan · 1 mangkok · Kalimantan Tengah/Sayur · src:Recipe calc · conf:medium
idn-juhu-umbut-sawit,Juhu Umbut Sawit,80.0,1.8,5.0,7.0,1.5,2.2,25,0.7,300,100,Olahan,Sayur & Sup,,200,Juhu Umbut Kelapa Sawit Umbut Sawit,Dayak Palm Heart Soup · Juhu Umbut Kelapa Sawit Umbut Sawit · 1 mangkok · Kalimantan Tengah/Sayuran · src:Recipe calc · conf:medium
idn-kalumpe,Kalumpe,114.0,4.5,7.5,7.0,1.5,3.0,90,2.0,330,100,Olahan,Sayur & Sup,,150,Karuang Sayur Kalumpe,Dayak Pounded Cassava Leaves In Coconut Milk · Karuang Sayur Kalumpe · 1 porsi · Kalimantan Tengah/Sayur · src:Recipe calc · conf:medium
idn-lempah-darat,Lempah Darat,55.0,2.0,1.5,8.0,2.0,2.5,45,1.0,380,100,Olahan,Sayur & Sup,,250,Lempah Darat Bangka Lempah Sayur,Bangka Vegetable Land Soup · Lempah Darat Bangka Lempah Sayur · 1 mangkok · Kepulauan Bangka Belitung/Sayur · src:Recipe calc · conf:medium
idn-sop-ikan-batam,Sop Ikan Batam,65.0,8.5,2.0,3.0,1.5,0.5,30,0.5,450,100,Olahan,Sayur & Sup,,350,Sop Ikan Tenggiri Batam Sup Ikan Batam,Batam Clear Fish Soup · Sop Ikan Tenggiri Batam Sup Ikan Batam · 1 mangkok · Kepulauan Riau/Ikan · src:Recipe calc · conf:medium
idn-gulai-taboh,Gulai Taboh,130.0,7.5,8.5,6.0,1.5,1.8,45,1.2,420,100,Olahan,Sayur & Sup,,250,Gulai Taboh Lampung Taboh Iwa,Lampung Coconut Fish & Vegetable Curry · Gulai Taboh Lampung Taboh Iwa · 1 porsi · Lampung/Gulai & Kari · src:Recipe calc · conf:low
idn-brokoli-rebus,Brokoli Rebus,35.0,2.4,0.4,7.2,1.4,3.3,40,0.7,41,100,Olahan,Sayur & Sup,,80,Brokoli Kukus,Boiled Broccoli · Brokoli Kukus · 1 porsi · Nasional/Sayuran · src:USDA analog · conf:high
idn-cah-brokoli,Cah Brokoli,72.0,3.0,4.8,5.5,1.5,2.2,50,0.8,300,100,Olahan,Sayur & Sup,,100,Brokoli Tumis Tumis Brokoli,Stir-Fried Broccoli · Brokoli Tumis Tumis Brokoli · 1 porsi · Nasional/Sayuran · src:Recipe calc · conf:high
idn-cah-kailan,Cah Kailan,68.0,2.4,4.8,4.2,1.2,1.8,90,1.0,310,100,Olahan,Sayur & Sup,,100,Kailan Tumis Tumis Kailan,Stir-Fried Chinese Kale · Kailan Tumis Tumis Kailan · 1 porsi · Nasional/Sayur · src:Recipe calc · conf:high
idn-cah-kangkung-terasi,Cah Kangkung Terasi,79.0,3.0,5.5,4.5,1.5,2.0,90,2.0,480,100,Olahan,Sayur & Sup,,120,Kangkung Terasi Tumis Kangkung Terasi,Stir-Fried Water Spinach With Shrimp Paste · Kangkung Terasi Tumis Kangkung Terasi · 1 porsi · Nasional/Sayuran · src:Recipe calc · conf:high
idn-cah-tauge-ikan-asin,Cah Tauge Ikan Asin,96.0,6.0,6.0,4.5,1.5,1.5,60,1.2,720,100,Olahan,Sayur & Sup,,120,Tumis Tauge Ikan Asin,Stir-Fried Bean Sprouts With Salted Fish · Tumis Tauge Ikan Asin · 1 porsi · Nasional/Sayuran · src:Recipe calc · conf:medium
idn-capcay-goreng-seafood-resto,Capcay Goreng Seafood Resto,97.0,6.0,5.0,7.0,3.0,2.0,52,1.0,520,100,Olahan,Sayur & Sup,,250,Cap Cay Goreng Resto Capcay Seafood,Restaurant Stir Fried Mixed Vegetables With Seafood · Cap Cay Goreng Resto Capcay Seafood · 1 porsi (250 g) · Nasional/Seafood · src:Recipe calc · conf:medium
idn-capcay-kantin,Capcay Kantin,78.0,3.5,4.0,7.0,2.5,1.8,45,0.9,420,100,Olahan,Sayur & Sup,,120,Capcay Kantor Capcay Katering,Canteen Style Mixed Vegetable Stir Fry · Capcay Kantor Capcay Katering · 1 sendok sayur (120 g) · Nasional/Sayur · src:Recipe calc · conf:high
idn-coleslaw,Coleslaw,152.0,1.2,11.0,12.0,9.0,1.6,30,0.4,180,100,Olahan,Sayur & Sup,,110,Kol Slaw Salad Kol Mayones,Coleslaw Salad · Kol Slaw Salad Kol Mayones · 1 cup kecil (110 g) · Nasional/Sayur · src:FatSecret ID · conf:high
idn-cream-soup-jagung-ayam-resto,Cream Soup Jagung Ayam Resto,62.0,2.5,2.5,7.5,2.0,0.6,40,0.3,420,100,Olahan,Sayur & Sup,,180,Cream Soup Resto Sup Krim Jagung Ayam,Restaurant Chicken Corn Cream Soup · Cream Soup Resto Sup Krim Jagung Ayam · 1 mangkok (180 g) · Nasional/Ayam · src:FatSecret ID · conf:high
idn-lalapan-segar-campur,Lalapan Segar Campur,20.0,1.2,0.2,4.0,1.8,1.5,40,0.6,10,100,Olahan,Sayur & Sup,,80,Lalap Mentah Lalapan Mentah,Fresh Raw Vegetable Platter · Lalap Mentah Lalapan Mentah · 1 porsi · Nasional/Nasi · src:Recipe calc · conf:high
idn-miso-soup-resto,Miso Soup Resto,26.0,2.0,1.0,2.2,0.6,0.5,20,0.4,480,100,Olahan,Sayur & Sup,,200,Sup Miso Sup Tauco Jepang,Miso Soup · Sup Miso Sup Tauco Jepang · 1 mangkok (200 g) · Nasional/Sayur · src:FatSecret ID · conf:high
idn-oseng-kacang-panjang,Oseng Kacang Panjang,80.0,2.5,5.0,6.5,2.2,2.5,45,1.0,320,100,Olahan,Sayur & Sup,,100,Cah Kacang Panjang Tumis Kacang Panjang,Stir-Fried Long Beans · Cah Kacang Panjang Tumis Kacang Panjang · 1 porsi · Nasional/Sayuran · src:Recipe calc · conf:high
idn-salad-caesar,Salad Caesar,160.0,7.0,12.0,6.0,1.5,1.2,90,0.9,400,100,Olahan,Sayur & Sup,,200,Caesar Salad Ayam Salad Kaisar,Caesar Salad · Caesar Salad Ayam Salad Kaisar · 1 porsi (200 g) · Nasional/Sayur · src:USDA analog · conf:medium
idn-salad-jepang-saus-wijen,Salad Jepang Saus Wijen,128.0,1.5,10.0,8.0,4.0,1.6,34,0.5,340,100,Olahan,Sayur & Sup,,100,Salad Saus Wijen Resto Salad Wijen,Japanese Salad With Sesame Dressing · Salad Saus Wijen Resto Salad Wijen · 1 mangkok kecil (100 g) · Nasional/Sayur · src:FatSecret ID · conf:medium
idn-salad-sayur-tanpa-dressing,Salad Sayur Tanpa Dressing,25.0,1.5,0.3,4.5,2.5,1.8,40,0.7,20,100,Olahan,Sayur & Sup,,150,Green Salad Tanpa Saus Salad Sayur Polos,Mixed Green Salad No Dressing · Green Salad Tanpa Saus Salad Sayur Polos · 1 mangkok (150 g) · Nasional/Sayur · src:Recipe calc · conf:high
idn-sapo-tahu-seafood,Sapo Tahu Seafood,106.0,7.5,6.0,5.5,1.8,0.9,90,1.3,520,100,Olahan,Sayur & Sup,,200,Sapo Tahu Tahu Sapo Seafood,Claypot Tofu With Seafood · Sapo Tahu Tahu Sapo Seafood · 1 porsi · Nasional/Seafood · src:Recipe calc · conf:medium
idn-sayur-oyong-bening,Sayur Oyong Bening,30.0,1.2,0.5,5.5,1.4,0.9,20,0.4,230,100,Olahan,Sayur & Sup,,180,Bening Oyong Sayur Gambas Sayur Oyong Soun,Clear Luffa And Vermicelli Soup · Bening Oyong Sayur Gambas Sayur Oyong Soun · 1 mangkok (180 g) · Nasional/Sayuran · src:Recipe calc · conf:medium
idn-sop-ayam-kantin,Sop Ayam Kantin,55.0,4.0,2.5,4.0,1.5,0.8,20,0.5,380,100,Olahan,Sayur & Sup,,200,Sop Ayam Kantor Sup Ayam Kantin,Canteen Style Clear Chicken Soup · Sop Ayam Kantor Sup Ayam Kantin · 1 mangkok (200 g) · Nasional/Ayam · src:Recipe calc · conf:high
idn-sop-kikil-sapi,Sop Kikil Sapi,90.0,7.0,5.5,3.0,0.9,0.4,24,0.9,380,100,Olahan,Sayur & Sup,,300,Sop Kikil Sup Kikil,Beef Tendon Soup · Sop Kikil Sup Kikil · 1 mangkok (300 g) · Nasional/Daging Sapi · src:Recipe calc · conf:medium
idn-soto-ayam-kampung,Soto Ayam Kampung,61.0,6.5,2.8,2.5,0.8,0.4,20,0.7,520,100,Olahan,Sayur & Sup,,350,Soto Ayam Kampung Bening,Free-Range Chicken Clear Soto · Soto Ayam Kampung Bening · 1 mangkok · Nasional/Ayam · src:Recipe calc · conf:high
idn-soto-daging-bening,Soto Daging Bening,65.0,7.0,3.2,2.0,0.6,0.4,18,1.2,540,100,Olahan,Sayur & Sup,,350,Soto Daging Kuah Bening Soto Sapi Bening,Clear Beef Soto · Soto Daging Kuah Bening Soto Sapi Bening · 1 mangkok · Nasional/Daging Sapi · src:Recipe calc · conf:high
idn-sup-kepala-ikan-kakap,Sup Kepala Ikan Kakap,75.0,8.0,3.5,3.0,1.5,0.4,35,0.6,420,100,Olahan,Sayur & Sup,,350,Sop Kepala Ikan Sup Kepala Kakap,Snapper Head Soup · Sop Kepala Ikan Sup Kepala Kakap · 1 mangkok · Nasional/Ikan · src:Recipe calc · conf:medium
idn-terong-goreng,Terong Goreng,165.0,1.0,14.0,7.5,3.0,2.5,15,0.4,120,100,Olahan,Sayur & Sup,,90,Terong Krispi Terung Goreng,Fried Eggplant · Terong Krispi Terung Goreng · 3 potong · Nasional/Sayuran · src:Recipe calc · conf:medium
idn-tumis-bayam,Tumis Bayam,70.0,3.0,5.0,3.5,0.6,2.0,120,2.5,300,100,Olahan,Sayur & Sup,,100,Bayam Tumis Cah Bayam,Stir-Fried Spinach · Bayam Tumis Cah Bayam · 1 porsi · Nasional/Sayuran · src:Recipe calc · conf:high
idn-tumis-daun-pepaya,Tumis Daun Pepaya,95.0,4.0,6.0,6.0,1.6,3.0,190,2.6,300,100,Olahan,Sayur & Sup,,120,Oseng Daun Pepaya Tumis Godong Kates,Stir-Fried Papaya Leaves · Oseng Daun Pepaya Tumis Godong Kates · 1 porsi (120 g) · Nasional/Buah · src:Recipe calc · conf:medium
idn-tumis-sawi-hijau,Tumis Sawi Hijau,58.0,2.0,4.3,3.0,1.0,1.5,100,1.2,300,100,Olahan,Sayur & Sup,,100,Cah Sawi Hijau Tumis Caisim,Stir-Fried Mustard Greens · Cah Sawi Hijau Tumis Caisim · 1 porsi · Nasional/Sayuran · src:Recipe calc · conf:high
idn-tumis-toge,Tumis Toge,60.0,3.0,4.0,4.0,1.5,1.4,25,0.7,280,100,Olahan,Sayur & Sup,,100,Cah Tauge Tumis Tauge,Stir-Fried Bean Sprouts · Cah Tauge Tumis Tauge · 1 porsi · Nasional/Sayuran · src:Recipe calc · conf:high
idn-ares-lombok,Ares Lombok,90.0,3.0,6.0,6.0,1.5,2.2,45,1.0,380,100,Olahan,Sayur & Sup,,250,Ares Sasak Sayur Ares,Sasak Banana Stem In Coconut Milk · Ares Sasak Sayur Ares · 1 mangkok · Nusa Tenggara Barat/Soto & Sup · src:Recipe calc · conf:medium
idn-beberuk-terong,Beberuk Terong,85.0,2.0,5.5,7.5,3.5,3.0,30,0.9,420,100,Olahan,Sayur & Sup,,100,Beberok Lombok Beberuk Terung,Sasak Raw Eggplant & Chilli Salad · Beberok Lombok Beberuk Terung · 1 porsi · Nusa Tenggara Barat/Sayuran · src:Recipe calc · conf:medium
idn-kelaq-batih,Kelaq Batih,95.0,5.5,3.0,12.0,1.5,3.5,40,1.4,340,100,Olahan,Sayur & Sup,,250,Kelaq Batih Lombok Sayur Batih,Sasak Mung Bean & Long Bean Soup · Kelaq Batih Lombok Sayur Batih · 1 mangkok · Nusa Tenggara Barat/Soto & Sup · src:Recipe calc · conf:low
idn-plecing-kangkung-lombok,Plecing Kangkung Lombok,80.0,3.2,4.2,7.5,2.5,2.8,95,2.4,400,100,Olahan,Sayur & Sup,,120,Kangkung Plecing Plecing Kangkung Sasak,Lombok Water Spinach With Chilli Sambal · Kangkung Plecing Plecing Kangkung Sasak · 1 porsi · Nusa Tenggara Barat/Buah · src:Recipe calc · conf:high
idn-katemak,Katemak,90.0,4.0,2.0,14.0,1.5,3.2,45,1.4,300,100,Olahan,Sayur & Sup,,250,Catemak Jagung Jagung Katemak,Timorese Savoury Corn & Vegetable Stew · Catemak Jagung Jagung Katemak · 1 mangkok · Nusa Tenggara Timur/Soto & Sup · src:Recipe calc · conf:medium
idn-muku-loto,Muku Loto,95.0,6.0,5.5,5.5,1.0,2.0,45,1.4,400,100,Olahan,Sayur & Sup,,250,Muku Loto Flores Sayur Muku Loto,Flores Banana Stem & Beef Stew · Muku Loto Flores Sayur Muku Loto · 1 mangkok · Nusa Tenggara Timur/Soto & Sup · src:Recipe calc · conf:medium
idn-rumpu-rampe,Rumpu Rampe,110.0,3.5,7.5,7.0,2.0,3.5,90,2.2,380,100,Olahan,Sayur & Sup,,100,Rumpu Rampe NTT Tumis Bunga Pepaya,Flores Papaya Flower & Leaf Stir-Fry · Rumpu Rampe NTT Tumis Bunga Pepaya · 1 porsi · Nusa Tenggara Timur/Sayur · src:Recipe calc · conf:medium
idn-sayur-kelor-bening,Sayur Kelor Bening,35.0,2.5,0.4,5.0,1.6,2.0,150,2.2,220,100,Olahan,Sayur & Sup,,180,Bening Kelor Jangan Kelor Sayur Daun Kelor,Clear Moringa Leaf Soup · Bening Kelor Jangan Kelor Sayur Daun Kelor · 1 mangkok (180 g) · Nusa Tenggara Timur/Sayuran · src:Recipe calc · conf:medium
idn-kaledo,Kaledo,115.0,11.5,6.5,2.5,1.0,0.4,20,1.4,420,100,Olahan,Sayur & Sup,,350,Kaledo Palu Sup Kaki Lembu Donggala,Palu Beef Shank Bone Soup · Kaledo Palu Sup Kaki Lembu Donggala · 1 mangkok · Sulawesi Tengah/Daging Sapi · src:Recipe calc · conf:medium
idn-palumara,Palumara,85.0,11.0,3.0,3.2,1.5,0.5,25,0.9,400,100,Olahan,Sayur & Sup,,300,Ikan Palumara Palu Mara,Sour Yellow Fish Soup · Ikan Palumara Palu Mara · 1 mangkok · Sulawesi Tengah/Ikan · src:Recipe calc · conf:medium
idn-uta-kelo,Uta Kelo,112.0,3.5,8.5,5.5,2.0,2.5,120,2.2,320,100,Olahan,Sayur & Sup,,200,Sayur Kelor Santan Palu,Moringa Leaves In Coconut Milk · Sayur Kelor Santan Palu · 1 mangkok · Sulawesi Tengah/Sayur · src:Recipe calc · conf:medium
idn-brenebon,Brenebon,95.0,5.5,2.5,12.5,1.5,4.0,35,1.5,350,100,Olahan,Sayur & Sup,,300,Sup Brenebon Sup Kacang Merah,Red Kidney Bean Soup · Sup Brenebon Sup Kacang Merah · 1 mangkok · Sulawesi Utara/Soto & Sup · src:Recipe calc · conf:high
idn-garo-bunga-pepaya,Garo Bunga Pepaya,130.0,7.5,8.5,6.0,1.8,2.5,70,1.9,450,100,Olahan,Sayur & Sup,,110,Bunga Pepaya Garo Cakalang,Papaya Flower Stir-Fried With Smoked Fish · Bunga Pepaya Garo Cakalang · 1 porsi · Sulawesi Utara/Buah · src:Recipe calc · conf:high
idn-gohu-manado,Gohu Manado,62.0,0.6,0.2,14.5,11.0,1.4,20,0.4,180,100,Olahan,Sayur & Sup,,80,Acar Gohu Gohu Pepaya,Pickled Young Papaya Relish · Acar Gohu Gohu Pepaya · 1 porsi · Sulawesi Utara/Sayur · src:Recipe calc · conf:medium
idn-kohu-kohu,Kohu-Kohu,165.0,11.0,10.0,7.5,2.5,3.5,45,1.6,320,100,Olahan,Sayur & Sup,,120,Kohu Kohu Kohu-Kohu Ambon Urap Ikan Manado,Fish And Coconut Vegetable Salad · Kohu Kohu Kohu-Kohu Ambon Urap Ikan Manado · 1 porsi · Sulawesi Utara/Sayur · src:Recipe calc · conf:medium
idn-kuah-asam-ikan-manado,Kuah Asam Ikan Manado,72.0,10.5,1.8,3.0,1.6,0.5,25,0.8,380,100,Olahan,Sayur & Sup,,300,Ikan Kuah Asam Kuah Asam Manado,Manado Sour Fish Soup · Ikan Kuah Asam Kuah Asam Manado · 1 mangkok · Sulawesi Utara/Ikan · src:Recipe calc · conf:high
idn-rica-rodo,Rica Rodo,105.0,2.5,6.5,9.5,3.5,3.0,35,1.0,380,100,Olahan,Sayur & Sup,,120,Sayur Rica Rodo,Mixed Vegetables In Chili · Sayur Rica Rodo · 1 porsi · Sulawesi Utara/Gulai & Kari · src:Recipe calc · conf:medium
idn-sayur-pakis-tumis,Sayur Pakis Tumis,85.0,2.5,6.0,5.5,1.5,3.0,45,1.8,300,100,Olahan,Sayur & Sup,,100,Sayur Paku Tumis Pakis Tumis Paku,Sauteed Fiddlehead Fern · Sayur Paku Tumis Pakis Tumis Paku · 1 porsi · Sulawesi Utara/Sayur · src:Recipe calc · conf:high
idn-sup-brenebon-babi,Sup Brenebon Babi,130.0,7.5,6.5,10.5,1.4,3.4,32,1.6,400,100,Olahan,Sayur & Sup,,300,Brenebon Babi Sup Kacang Merah Babi,Red Kidney Bean Soup With Pork · Brenebon Babi Sup Kacang Merah Babi · 1 mangkok · Sulawesi Utara/Babi · src:Recipe calc · conf:high
idn-tumis-bunga-pepaya,Tumis Bunga Pepaya,95.0,3.5,6.5,6.0,1.8,2.6,60,1.5,340,100,Olahan,Sayur & Sup,,100,Sayur Bunga Pepaya,Sauteed Papaya Flower · Sayur Bunga Pepaya · 1 porsi · Sulawesi Utara/Buah · src:Recipe calc · conf:high
idn-tumis-jantung-pisang,Tumis Jantung Pisang,90.0,2.0,6.0,7.5,2.0,3.2,30,1.2,320,100,Olahan,Sayur & Sup,,100,Jantung Pisang Tumis Sayur Jantung Pisang,Sauteed Banana Blossom · Jantung Pisang Tumis Sayur Jantung Pisang · 1 porsi · Sulawesi Utara/Buah · src:Recipe calc · conf:high
idn-tumis-kangkung-bunga-pepaya,Tumis Kangkung Bunga Pepaya,88.0,2.8,6.2,5.5,1.6,2.4,80,2.0,330,100,Olahan,Sayur & Sup,,100,Kangkung Bunga Manado,Sauteed Water Spinach With Papaya Flower · Kangkung Bunga Manado · 1 porsi · Sulawesi Utara/Buah · src:Recipe calc · conf:medium
idn-daun-singkong-rebus-padang,Daun Singkong Rebus Padang,61.5,5.0,1.5,7.0,1.0,3.6,130,2.4,15,100,Olahan,Sayur & Sup,,80,Daun Ubi Rebus Pucuak Ubi Rabuih,Boiled Cassava Leaves · Daun Ubi Rebus Pucuak Ubi Rabuih · 1 porsi · Sumatera Barat/Sayuran · src:TKPI · conf:high
idn-gulai-kol,Gulai Kol,76.7,1.8,5.5,5.0,2.4,1.6,42,0.6,350,100,Olahan,Sayur & Sup,,100,Gulai Kubis Sayur Gulai Kol Padang,Cabbage Curry Padang Style · Gulai Kubis Sayur Gulai Kol Padang · 1 porsi · Sumatera Barat/Sayuran · src:Recipe calc · conf:high
idn-gulai-paku,Gulai Paku,117.0,3.0,9.0,6.0,1.8,2.6,55,2.0,380,100,Olahan,Sayur & Sup,,100,Gulai Pakis Gulai Paku Padang Gulai Pucuak Paku,Fern Shoot Curry · Gulai Pakis Gulai Paku Padang Gulai Pucuak Paku · 1 porsi · Sumatera Barat/Gulai & Kari · src:Recipe calc · conf:high
idn-gulai-rebung,Gulai Rebung,108.4,2.6,8.0,6.5,1.6,2.4,24,0.7,370,100,Olahan,Sayur & Sup,,100,Gulai Rabuang Gulai Rebung Padang,Bamboo Shoot Curry · Gulai Rabuang Gulai Rebung Padang · 1 porsi · Sumatera Barat/Sayuran · src:Recipe calc · conf:medium
idn-sop-daging-padang,Sop Daging Padang,68.3,6.0,3.5,3.2,1.0,0.5,20,0.9,390,100,Olahan,Sayur & Sup,,350,Sop Daging Minang Sup Daging Padang,Padang Clear Beef Soup · Sop Daging Minang Sup Daging Padang · 1 mangkok · Sumatera Barat/Daging Sapi · src:Recipe calc · conf:high
idn-anyang-pakis,Anyang Pakis,135.0,4.5,9.0,9.0,2.6,3.5,90,2.4,330,100,Olahan,Sayur & Sup,,120,Anyang Pakis Melayu Anyang Paku,Deli Malay Fern Salad With Toasted Coconut · Anyang Pakis Melayu Anyang Paku · 1 porsi (120 g) · Sumatera Utara/Sayur · src:Recipe calc · conf:medium
