code,name,energy_kcal,protein_g,fat_g,carb_g,fiber_g,calcium_mg,iron_mg,sodium_mg,bdd_pct,state,group,cuisine,portion_g_cooked,aliases,note
idn-ikan-nike-segar,Ikan Nike Segar,90.0,15.0,3.0,0.0,0.0,400,2.2,90,100,Mentah,Bahan Pokok,,80,Duwo Ikan Nike,Fresh Nike Whitebait · Duwo Ikan Nike · 1 porsi · Gorontalo/Ikan · src:USDA analog · conf:medium
idn-bihun-rebus,Bihun Rebus,109.0,0.9,0.2,24.9,1.0,4,0.1,19,100,Olahan,Bahan Pokok,,150,Bihun Putih Rebus Mihun Rebus,Cooked Rice Vermicelli · Bihun Putih Rebus Mihun Rebus · 1 porsi · Nasional/Mie & Bihun · src:USDA analog · conf:high
idn-bubur-nasi-putih,Bubur Nasi Putih,65.0,1.2,0.1,14.5,0.1,8,0.2,2,100,Mentah,Bahan Pokok,,250,Bubur Polos Bubur Putih Congee,Plain Rice Porridge · Bubur Polos Bubur Putih Congee · 1 mangkok · Nasional/Nasi · src:Recipe calc · conf:high
idn-gula-pasir,Gula Pasir,387.0,0.0,0.0,99.8,0.0,1,0.1,1,100,Mentah,Bahan Pokok,,5,Gula Kristal Gula Putih,Granulated White Sugar · Gula Kristal Gula Putih · 1 sdt · Nasional/Serealia & Umbi · src:USDA analog · conf:high
idn-jagung-manis-rebus,Jagung Manis Rebus,96.0,3.4,1.5,21.0,2.4,3,0.5,1,100,Olahan,Bahan Pokok,,130,Jagung Manis Kukus Sweet Corn Rebus,Boiled Sweet Corn · Jagung Manis Kukus Sweet Corn Rebus · 1 tongkol sedang · Nasional/Serealia & Umbi · src:USDA analog · conf:high
idn-kentang-rebus,Kentang Rebus,87.0,1.9,0.1,20.1,1.8,8,0.3,4,100,Olahan,Bahan Pokok,,120,Kentang Kukus,Boiled Potato · Kentang Kukus · 1 buah sedang · Nasional/Serealia & Umbi · src:USDA analog · conf:high
idn-ketupat,Ketupat,140.0,2.4,0.3,31.0,0.4,10,0.4,60,100,Mentah,Bahan Pokok,,130,Ketupat Polos Kupat,Woven Palm-Leaf Rice Cake · Ketupat Polos Kupat · 1 buah · Nasional/Nasi · src:NilaiGizi · conf:high
idn-kwetiau-rebus,Kwetiau Rebus,110.0,1.8,0.2,25.0,0.9,5,0.2,20,100,Olahan,Bahan Pokok,,180,Kwetiau Putih Kwetiaw Rebus,Cooked Flat Rice Noodles · Kwetiau Putih Kwetiaw Rebus · 1 porsi · Nasional/Mie & Bihun · src:USDA analog · conf:high
idn-lontong,Lontong,130.0,2.2,0.2,28.8,0.3,8,0.3,80,100,Mentah,Bahan Pokok,,120,Buras Lontong Polos,Compressed Boiled Rice Cake · Buras Lontong Polos · 1 buah · Nasional/Nasi · src:NilaiGizi · conf:high
idn-makaroni-rebus,Makaroni Rebus,158.0,5.8,0.9,30.9,1.8,7,1.3,1,100,Olahan,Bahan Pokok,,140,Macaroni Makaroni Matang,Cooked Macaroni · Macaroni Makaroni Matang · 1 porsi · Nasional/Serealia & Umbi · src:USDA analog · conf:high
idn-mie-instan-goreng,Mie Instan Goreng,180.0,4.5,7.0,25.0,1.0,10,1.5,520,100,Olahan,Bahan Pokok,,210,Indomie Goreng Mi Instan Goreng,Cooked Fried-Style Instant Noodles · Indomie Goreng Mi Instan Goreng · 1 porsi · Nasional/Mie & Bihun · src:Recipe calc · conf:medium
idn-mie-instan-kuah,Mie Instan Kuah,85.0,2.2,3.2,11.8,0.6,8,0.8,335,100,Mentah,Bahan Pokok,,400,Indomie Kuah Mi Instan Rebus,Cooked Instant Noodle Soup · Indomie Kuah Mi Instan Rebus · 1 mangkok · Nasional/Mie & Bihun · src:Recipe calc · conf:medium
idn-mie-shirataki,Mie Shirataki,8.0,0.2,0.0,3.0,2.9,20,0.1,10,100,Mentah,Bahan Pokok,,180,Mi Shirataki Mie Konjac,Konjac Shirataki Noodles · Mi Shirataki Mie Konjac · 1 porsi · Nasional/Mie & Bihun · src:USDA analog · conf:medium
idn-mie-telur-rebus,Mie Telur Rebus,138.0,4.5,2.1,25.2,1.2,12,1.3,5,100,Olahan,Bahan Pokok,,150,Mi Telur Rebus Mie Kuning Rebus,Boiled Egg Noodles · Mi Telur Rebus Mie Kuning Rebus · 1 porsi · Nasional/Mie & Bihun · src:USDA analog · conf:high
idn-minyak-goreng-sawit,Minyak Goreng Sawit,884.0,0.0,100.0,0.0,0.0,0,0.0,0,100,Olahan,Bahan Pokok,,14,Minyak Goreng Minyak Sawit,Palm Cooking Oil · Minyak Goreng Minyak Sawit · 1 sdm · Nasional/Gorengan · src:USDA analog · conf:high
idn-nasi-coklat,Nasi Coklat,130.0,2.9,1.0,27.3,1.8,12,0.5,2,100,Mentah,Bahan Pokok,,100,Nasi Beras Coklat Nasi Pecah Kulit,Steamed Brown Rice · Nasi Beras Coklat Nasi Pecah Kulit · 1 centong sedang · Nasional/Nasi · src:USDA analog · conf:high
idn-nasi-merah,Nasi Merah,123.0,2.7,1.0,25.6,2.0,15,0.8,2,100,Mentah,Bahan Pokok,,100,Nasi Beras Merah Sego Abang,Steamed Red Rice · Nasi Beras Merah Sego Abang · 1 centong sedang · Nasional/Nasi · src:TKPI · conf:high
idn-nasi-shirataki,Nasi Shirataki,10.0,0.2,0.0,3.0,2.5,20,0.1,10,100,Mentah,Bahan Pokok,,150,Beras Konjac Beras Shirataki,Konjac Shirataki Rice · Beras Konjac Beras Shirataki · 1 porsi · Nasional/Nasi · src:USDA analog · conf:medium
idn-oatmeal-matang,Oatmeal Matang,71.0,2.5,1.5,12.0,1.7,9,0.9,4,100,Mentah,Bahan Pokok,,240,Bubur Oat Havermut Matang,Cooked Oatmeal · Bubur Oat Havermut Matang · 1 mangkok · Nasional/Serealia & Umbi · src:USDA analog · conf:high
idn-pisang-rebus,Pisang Rebus,120.0,1.0,0.3,29.0,2.3,5,0.6,3,100,Olahan,Bahan Pokok,,90,Pisang Kepok Rebus Pisang Kukus,Boiled Plantain Banana · Pisang Kepok Rebus Pisang Kukus · 1 buah sedang · Nasional/Serealia & Umbi · src:USDA analog · conf:medium
idn-santan-encer,Santan Encer,122.0,2.0,10.0,7.6,0.3,8,0.7,10,100,Mentah,Bahan Pokok,,120,Santan Cair Santan Peras Kedua,Thin Coconut Milk · Santan Cair Santan Peras Kedua · 1/2 gelas · Nasional/Bumbu & Saus · src:TKPI · conf:high
idn-santan-kental,Santan Kental,324.0,4.2,34.3,5.6,0.7,18,1.6,15,100,Mentah,Bahan Pokok,,60,Santan Murni Santan Peras Pertama,Thick Coconut Milk · Santan Murni Santan Peras Pertama · 1/4 gelas · Nasional/Bumbu & Saus · src:TKPI · conf:high
idn-singkong-rebus,Singkong Rebus,150.0,1.0,0.3,36.0,1.8,25,0.7,8,100,Olahan,Bahan Pokok,,100,Ketela Pohon Rebus Ubi Kayu Rebus,Boiled Cassava · Ketela Pohon Rebus Ubi Kayu Rebus · 1 potong sedang · Nasional/Serealia & Umbi · src:TKPI · conf:high
idn-sohun-rebus,Sohun Rebus,83.0,0.1,0.0,20.3,0.3,3,0.4,3,100,Olahan,Bahan Pokok,,120,Bihun Tang Hoon Soun Suun Rebus,Cooked Mung Bean Glass Noodles · Bihun Tang Hoon Soun Suun Rebus · 1 porsi · Nasional/Mie & Bihun · src:USDA analog · conf:high
idn-talas-rebus,Talas Rebus,142.0,0.5,0.1,34.6,5.1,18,0.7,15,100,Olahan,Bahan Pokok,,100,Keladi Rebus Talas Kukus,Boiled Taro · Keladi Rebus Talas Kukus · 1 potong sedang · Nasional/Serealia & Umbi · src:USDA analog · conf:high
idn-ubi-jalar-bakar,Ubi Jalar Bakar,100.0,1.8,0.1,23.5,3.3,30,0.7,30,100,Olahan,Bahan Pokok,,110,Ubi Bakar Ubi Panggang,Baked Sweet Potato · Ubi Bakar Ubi Panggang · 1 buah sedang · Nasional/Serealia & Umbi · src:USDA analog · conf:high
idn-ubi-jalar-rebus,Ubi Jalar Rebus,86.0,1.6,0.1,20.1,3.0,27,0.7,27,100,Olahan,Bahan Pokok,,120,Ubi Manis Rebus Ubi Rebus,Boiled Sweet Potato · Ubi Manis Rebus Ubi Rebus · 1 buah sedang · Nasional/Serealia & Umbi · src:USDA analog · conf:high
idn-ubi-nuabosi,Ubi Nuabosi,155.0,1.0,0.3,37.0,1.8,30,0.7,12,100,Mentah,Bahan Pokok,,150,Singkong Nuabosi Ubi Nuabosi Ende,Ende Steamed Nuabosi Cassava · Singkong Nuabosi Ubi Nuabosi Ende · 1 potong · Nusa Tenggara Timur/Serealia & Umbi · src:Recipe calc · conf:medium
idn-ikan-roa-asap,Ikan Roa Asap,240.0,45.0,6.5,0.0,0.0,250,3.5,950,100,Olahan,Bahan Pokok,,25,Ikan Galafea Ikan Julung-Julung Asap Sagela,Smoked Halfbeak Fish · Ikan Galafea Ikan Julung-Julung Asap Sagela · 1 ekor · Sulawesi Utara/Ikan · src:Recipe calc · conf:medium
idn-ikan-tuna-segar,Ikan Tuna Segar,109.0,23.5,1.5,0.0,0.0,8,1.1,45,100,Mentah,Bahan Pokok,,100,Ikan Madidihang Tuna Sirip Kuning,Fresh Yellowfin Tuna · Ikan Madidihang Tuna Sirip Kuning · 1 potong sedang · Sulawesi Utara/Ikan · src:TKPI · conf:high
idn-kacang-kenari,Kacang Kenari,610.0,13.0,58.0,10.0,5.0,80,3.0,10,100,Mentah,Bahan Pokok,,30,Buah Kenari Kenari,Canarium Nut · Buah Kenari Kenari · 1 genggam · Sulawesi Utara/Kacang & Camilan · src:USDA analog · conf:medium
idn-martabak-aceh,Martabak Aceh,260.0,10.5,15.0,20.0,1.2,40,2.0,480,100,Olahan,Jajanan & Gorengan,,150,Martabak Daging Aceh Martabak Telur Aceh,Acehnese Egg & Beef Martabak · Martabak Daging Aceh Martabak Telur Aceh · 1 porsi · Aceh/Martabak · src:Recipe calc · conf:medium
idn-rujak-kuah-pindang,Rujak Kuah Pindang,70.0,1.5,0.4,15.5,2.0,25,0.6,380,100,Olahan,Jajanan & Gorengan,,200,Rujak Bulung Kuah Pindang Rujak Kuah Pindang Bali,Balinese Fruit Rujak With Fish Broth Sauce · Rujak Bulung Kuah Pindang Rujak Kuah Pindang Bali · 1 porsi · Bali/Soto & Sup · src:Recipe calc · conf:medium
idn-biji-ketapang,Biji Ketapang,470.0,6.0,22.0,62.0,2.0,40,1.5,150,100,Olahan,Jajanan & Gorengan,,35,Ketapang Betawi Kue Biji Ketapang,Fried Coconut Almond Shaped Cookie · Ketapang Betawi Kue Biji Ketapang · 1 genggam · DKI Jakarta/Kue Kering · src:Recipe calc · conf:high
idn-kembang-goyang,Kembang Goyang,476.0,5.0,24.0,60.0,1.5,40,1.5,150,100,Olahan,Jajanan & Gorengan,,30,Kembang Goyang Betawi Kue Kembang Goyang,Crisp Flower-Shaped Fried Rice Cracker · Kembang Goyang Betawi Kue Kembang Goyang · 5 buah · DKI Jakarta/Kue Basah · src:Recipe calc · conf:high
idn-kue-akar-kelapa,Kue Akar Kelapa,474.0,4.0,22.0,65.0,1.5,30,1.2,130,100,Olahan,Jajanan & Gorengan,,35,Akar Kelapa Akar Kelapa Betawi Kue Procot,Fried Ridged Coconut Root Cookie · Akar Kelapa Akar Kelapa Betawi Kue Procot · 1 genggam · DKI Jakarta/Kue Kering · src:Recipe calc · conf:high
idn-kue-jalabia,Kue Jalabia,393.0,2.5,15.0,62.0,1.5,30,1.2,70,100,Olahan,Jajanan & Gorengan,,50,Jalabia Kue Ali Kue Cincin Betawi,Fried Palm Sugar Ring Cake · Jalabia Kue Ali Kue Cincin Betawi · 2 buah · DKI Jakarta/Kue Basah · src:Recipe calc · conf:medium
idn-perkedel-nike,Perkedel Nike,235.0,13.0,15.0,11.5,0.8,180,2.0,480,100,Olahan,Jajanan & Gorengan,,50,Bakwan Nike Perkedel Ikan Nike,Nike Whitebait Fritters · Bakwan Nike Perkedel Ikan Nike · 1 buah · Gorontalo/Gorengan · src:Recipe calc · conf:medium
idn-bakso-aci,Bakso Aci,152.0,3.5,4.0,25.0,0.6,22,0.7,580,100,Olahan,Jajanan & Gorengan,,300,Bakso Aci Garut Baso Aci,Tapioca Ball Soup With Chilli Broth · Bakso Aci Garut Baso Aci · 1 mangkok · Jawa Barat/Bakso · src:Recipe calc · conf:medium
idn-bala-bala,Bala-Bala,268.0,4.5,15.0,29.0,1.8,40,1.0,380,100,Olahan,Jajanan & Gorengan,,50,Bakwan Sayur Sunda Bala Bala,Sundanese Vegetable Fritter · Bakwan Sayur Sunda Bala Bala · 1 buah · Jawa Barat/Gorengan · src:Recipe calc · conf:high
idn-baso-tahu-kuah,Baso Tahu Kuah,128.0,8.0,5.5,11.5,1.0,70,1.1,520,100,Olahan,Jajanan & Gorengan,,250,Bakso Tahu Kuah Baso Tahu Bandung,Steamed Stuffed Tofu In Clear Broth · Bakso Tahu Kuah Baso Tahu Bandung · 1 mangkok · Jawa Barat/Tahu & Tempe · src:Recipe calc · conf:medium
idn-basreng,Basreng,452.0,9.0,26.0,45.0,1.0,30,1.0,780,100,Olahan,Jajanan & Gorengan,,30,Bakso Goreng Kering Basreng Pedas,Fried Seasoned Fish Cake Chips · Bakso Goreng Kering Basreng Pedas · 1 bungkus kecil · Jawa Barat/Kacang & Camilan · src:Recipe calc · conf:medium
idn-cilok-goreng,Cilok Goreng,290.0,4.0,14.0,36.0,0.8,25,0.7,500,100,Olahan,Jajanan & Gorengan,,80,Cilok Crispy Cilok Digoreng,Fried Tapioca Balls · Cilok Crispy Cilok Digoreng · 1 porsi · Jawa Barat/Gorengan · src:Recipe calc · conf:medium
idn-cilor,Cilor,298.0,7.5,15.0,33.0,0.7,35,1.2,480,100,Olahan,Jajanan & Gorengan,,80,Cilok Telor Cilor Bandung,Tapioca Balls Coated In Egg · Cilok Telor Cilor Bandung · 1 tusuk · Jawa Barat/Jajanan · src:Recipe calc · conf:medium
idn-cilung,Cilung,265.0,5.0,12.0,33.0,0.6,25,0.9,480,100,Olahan,Jajanan & Gorengan,,70,Aci Digulung Cilok Gulung,Rolled Tapioca Batter Snack · Aci Digulung Cilok Gulung · 1 tusuk · Jawa Barat/Jajanan · src:Recipe calc · conf:medium
idn-cimol,Cimol,335.0,3.0,17.0,42.0,0.7,20,0.6,420,100,Olahan,Jajanan & Gorengan,,60,Aci Digemol Cimol Bandung,Fried Tapioca Balls · Aci Digemol Cimol Bandung · 1 porsi · Jawa Barat/Gorengan · src:Recipe calc · conf:high
idn-cimol-bojot,Cimol Bojot,320.0,4.5,16.0,39.0,0.8,25,0.8,620,100,Olahan,Jajanan & Gorengan,,100,Cimol Basah Bumbu Cimol Bojot Bandung,Saucy Seasoned Fried Tapioca Balls · Cimol Basah Bumbu Cimol Bojot Bandung · 1 porsi · Jawa Barat/Jajanan · src:Recipe calc · conf:medium
idn-cireng-bumbu-rujak,Cireng Bumbu Rujak,322.0,2.5,15.0,43.5,1.0,22,0.7,480,100,Olahan,Jajanan & Gorengan,,60,Cireng Bumbu Cireng Rujak,Fried Tapioca Fritter With Spicy Rujak Sauce · Cireng Bumbu Cireng Rujak · 3 buah + bumbu · Jawa Barat/Gorengan · src:Recipe calc · conf:medium
idn-cireng-isi,Cireng Isi,330.0,4.5,17.0,39.0,0.8,25,0.8,470,100,Olahan,Jajanan & Gorengan,,60,Cireng Crispy Isi Cireng Isi Ayam,Stuffed Fried Tapioca Fritter · Cireng Crispy Isi Cireng Isi Ayam · 2 buah · Jawa Barat/Gorengan · src:Recipe calc · conf:medium
idn-cireng-salju,Cireng Salju,355.0,3.0,19.0,42.0,0.7,20,0.6,400,100,Olahan,Jajanan & Gorengan,,50,Cireng Crispy Salju Cireng Kriuk,Snow Crisp Fried Tapioca Fritter · Cireng Crispy Salju Cireng Kriuk · 1 porsi · Jawa Barat/Gorengan · src:Recipe calc · conf:medium
idn-combro,Combro,285.0,4.5,14.0,35.0,2.5,45,1.2,360,100,Olahan,Jajanan & Gorengan,,55,Comro Oncom Dijero,Fried Cassava Ball With Oncom Filling · Comro Oncom Dijero · 1 buah · Jawa Barat/Gorengan · src:Recipe calc · conf:high
idn-gehu-pedas,Gehu Pedas,268.0,8.5,16.0,22.0,2.0,90,1.6,420,100,Olahan,Jajanan & Gorengan,,60,Gehu Jeletot Tahu Isi Pedas,Spicy Stuffed Fried Tofu · Gehu Jeletot Tahu Isi Pedas · 1 buah · Jawa Barat/Gorengan · src:Recipe calc · conf:medium
idn-keripik-talas-bogor,Keripik Talas Bogor,490.0,3.0,25.0,63.0,4.0,40,1.2,380,100,Olahan,Jajanan & Gorengan,,30,Keripik Talas Gurih Kripik Talas,Bogor Taro Chips · Keripik Talas Gurih Kripik Talas · 1 genggam · Jawa Barat/Keripik & Kerupuk · src:Recipe calc · conf:medium
idn-kerupuk-melarat,Kerupuk Melarat,370.0,3.0,3.0,82.0,1.0,15,0.6,700,100,Olahan,Jajanan & Gorengan,,25,Kerupuk Mares Kerupuk Pasir Cirebon Krupuk Melarat,Sand Fried Coloured Cracker · Kerupuk Mares Kerupuk Pasir Cirebon Krupuk Melarat · 1 genggam · Jawa Barat/Keripik & Kerupuk · src:Recipe calc · conf:medium
idn-kerupuk-mie,Kerupuk Mie,490.0,4.0,24.0,64.0,0.8,20,0.8,850,100,Olahan,Jajanan & Gorengan,,20,Kerupuk Mie Kuning Krupuk Mie,Fried Yellow Noodle Cracker · Kerupuk Mie Kuning Krupuk Mie · 1 genggam · Jawa Barat/Mie & Bihun · src:Recipe calc · conf:medium
idn-kue-gapit,Kue Gapit,437.0,4.5,15.0,71.0,1.2,30,1.1,110,100,Olahan,Jajanan & Gorengan,,30,Kue Gapit Cirebon Simping Gapit,Pressed Crisp Coconut Waffle Cookie · Kue Gapit Cirebon Simping Gapit · 4 buah · Jawa Barat/Kue Kering · src:Recipe calc · conf:medium
idn-kue-semprong,Kue Semprong,456.0,5.0,18.0,68.0,1.2,30,1.2,100,100,Olahan,Jajanan & Gorengan,,30,Kue Sapit Semprong Opak Gulung Semprong,Rolled Crisp Coconut Wafer · Kue Sapit Semprong Opak Gulung Semprong · 4 buah · Jawa Barat/Kue Kering · src:Recipe calc · conf:high
idn-makaroni-pedas,Makaroni Pedas,480.0,8.0,24.0,57.0,2.0,25,1.5,850,100,Olahan,Jajanan & Gorengan,,30,Makaroni Goreng Makaroni Kering Pedas,Spicy Fried Macaroni Snack · Makaroni Goreng Makaroni Kering Pedas · 1 bungkus kecil · Jawa Barat/Kacang & Camilan · src:Recipe calc · conf:medium
idn-misro,Misro,305.0,2.0,13.5,43.0,2.2,35,1.0,60,100,Olahan,Jajanan & Gorengan,,55,Amis Dijero Misro Sunda,Fried Cassava Ball With Palm Sugar · Amis Dijero Misro Sunda · 1 buah · Jawa Barat/Gorengan · src:Recipe calc · conf:medium
idn-odading,Odading,360.0,7.0,17.0,45.0,1.4,40,1.6,300,100,Olahan,Jajanan & Gorengan,,60,Odading Bandung Roti Goreng Odading,Sweet Fried Dough Pillow · Odading Bandung Roti Goreng Odading · 1 buah · Jawa Barat/Gorengan · src:Recipe calc · conf:medium
idn-opak-singkong,Opak Singkong,400.0,2.0,8.0,79.0,2.0,25,0.8,500,100,Olahan,Jajanan & Gorengan,,20,Opak Opak Ketela Opak Singkong Bakar,Cassava Flat Cracker · Opak Opak Ketela Opak Singkong Bakar · 3 buah · Jawa Barat/Keripik & Kerupuk · src:Recipe calc · conf:medium
idn-pisang-goreng-madu,Pisang Goreng Madu,300.0,2.5,12.0,46.0,2.2,20,0.8,90,100,Olahan,Jajanan & Gorengan,,70,Pisang Goreng Madu Bandung Pisang Madu,Honey Glazed Fried Banana · Pisang Goreng Madu Bandung Pisang Madu · 1 porsi · Jawa Barat/Gorengan · src:Recipe calc · conf:medium
idn-pisang-molen,Pisang Molen,321.0,4.0,13.0,47.0,1.8,20,0.8,130,100,Olahan,Jajanan & Gorengan,,70,Molen Pisang Pisang Molen Bandung,Fried Banana In Pastry Coil · Molen Pisang Pisang Molen Bandung · 2 buah · Jawa Barat/Roti & Pastry · src:Recipe calc · conf:high
idn-rengginang,Rengginang,420.0,6.0,12.0,71.0,1.5,20,1.0,550,100,Olahan,Jajanan & Gorengan,,25,Intip Ketan Ranginang Rengginang Terasi,Fried Glutinous Rice Cracker · Intip Ketan Ranginang Rengginang Terasi · 3 buah · Jawa Barat/Keripik & Kerupuk · src:Recipe calc · conf:high
idn-seblak-basah,Seblak Basah,165.0,4.0,8.0,19.5,0.8,25,0.8,620,100,Olahan,Jajanan & Gorengan,,250,Seblak Bandung Seblak Kerupuk,Wet Spicy Cracker Stir-Fry · Seblak Bandung Seblak Kerupuk · 1 porsi · Jawa Barat/Jajanan · src:Recipe calc · conf:high
idn-seblak-ceker,Seblak Ceker,178.0,7.5,10.0,14.5,0.7,40,0.9,650,100,Olahan,Jajanan & Gorengan,,300,Seblak Ceker Ayam Seblak Ceker Bandung,Spicy Cracker Stir-Fry With Chicken Feet · Seblak Ceker Ayam Seblak Ceker Bandung · 1 porsi · Jawa Barat/Jajanan · src:Recipe calc · conf:medium
idn-seblak-kering,Seblak Kering,470.0,5.5,24.0,57.0,1.2,25,1.0,900,100,Olahan,Jajanan & Gorengan,,30,Kerupuk Seblak Kering Seblak Kering Pedas,Dry Spicy Fried Cracker Snack · Kerupuk Seblak Kering Seblak Kering Pedas · 1 bungkus kecil · Jawa Barat/Kacang & Camilan · src:Recipe calc · conf:medium
idn-seblak-makaroni,Seblak Makaroni,188.0,4.5,8.5,24.0,1.0,20,0.9,640,100,Olahan,Jajanan & Gorengan,,250,Seblak Makaroni Bandung Seblak Mercon Makaroni,Spicy Macaroni Seblak · Seblak Makaroni Bandung Seblak Mercon Makaroni · 1 porsi · Jawa Barat/Jajanan · src:Recipe calc · conf:medium
idn-singkong-keju,Singkong Keju,300.0,4.0,15.0,38.0,1.8,90,0.7,380,100,Olahan,Jajanan & Gorengan,,80,Singkong Keju Goreng Singkong Thailand,Fried Cassava With Cheese · Singkong Keju Goreng Singkong Thailand · 1 porsi · Jawa Barat/Gorengan · src:Recipe calc · conf:medium
idn-tahu-bulat,Tahu Bulat,245.0,11.0,17.0,11.0,0.8,180,2.2,520,100,Olahan,Jajanan & Gorengan,,40,Tahu Bulat Bumbu Tahu Bulat Digoreng Dadakan,Puffed Round Fried Tofu · Tahu Bulat Bumbu Tahu Bulat Digoreng Dadakan · 5 buah · Jawa Barat/Tahu & Tempe · src:Recipe calc · conf:high
idn-tahu-gejrot,Tahu Gejrot,92.0,4.5,3.5,10.5,0.6,90,1.0,480,100,Olahan,Jajanan & Gorengan,,120,Tahu Gejrot Cirebon Tahu Kecap Gejrot,Cirebon Tofu In Sweet Vinegar Chilli Sauce · Tahu Gejrot Cirebon Tahu Kecap Gejrot · 1 porsi · Jawa Barat/Tahu & Tempe · src:Recipe calc · conf:high
idn-tahu-sumedang,Tahu Sumedang,218.0,13.5,15.0,7.0,1.2,180,2.4,240,100,Olahan,Jajanan & Gorengan,,60,Tahu Bungkeng Tahu Sumedang Goreng,Sumedang Puffed Fried Tofu · Tahu Bungkeng Tahu Sumedang Goreng · 5 buah · Jawa Barat/Tahu & Tempe · src:Recipe calc · conf:high
idn-ubi-cilembu-bakar,Ubi Cilembu Bakar,155.0,1.8,0.4,36.0,3.0,30,0.7,30,100,Olahan,Jajanan & Gorengan,,120,Ubi Cilembu Panggang Ubi Madu Cilembu,Baked Cilembu Sweet Potato · Ubi Cilembu Panggang Ubi Madu Cilembu · 1 buah · Jawa Barat/Serealia & Umbi · src:Recipe calc · conf:high
idn-bolang-baling,Bolang-Baling,350.0,7.0,16.0,45.0,1.4,38,1.5,290,100,Olahan,Jajanan & Gorengan,,60,Bolang Baling Semarang Galundeng Kue Bantal,Sweet Fried Dough Cushion · Bolang Baling Semarang Galundeng Kue Bantal · 1 buah · Jawa Tengah/Gorengan · src:Recipe calc · conf:medium
idn-keripik-paru,Keripik Paru,520.0,26.0,34.0,28.0,0.8,40,6.0,750,100,Olahan,Jajanan & Gorengan,,25,Keripik Paru Sapi Kripik Paru,Crispy Fried Beef Lung · Keripik Paru Sapi Kripik Paru · 1 genggam · Jawa Tengah/Keripik & Kerupuk · src:Recipe calc · conf:medium
idn-kerupuk-rambak-kerbau,Kerupuk Rambak Kerbau,470.0,32.0,33.0,8.0,0.2,60,2.0,1000,100,Olahan,Jajanan & Gorengan,,20,Kerupuk Kulit Kerbau Krecek Rambak Rambak Kerbau,Puffed Buffalo Skin Cracker · Kerupuk Kulit Kerbau Krecek Rambak Rambak Kerbau · 1 genggam · Jawa Tengah/Keripik & Kerupuk · src:Recipe calc · conf:medium
idn-kue-keciput,Kue Keciput,422.0,5.0,18.0,60.0,1.8,90,2.0,80,100,Olahan,Jajanan & Gorengan,,40,Keciput Wijen Kue Ciput,Crunchy Sesame-Coated Fried Glutinous Balls · Keciput Wijen Kue Ciput · 10 buah · Jawa Tengah/Kue Basah · src:Recipe calc · conf:medium
idn-kue-leker,Kue Leker,375.0,6.0,17.0,49.0,1.0,70,1.2,220,100,Olahan,Jajanan & Gorengan,,40,Kue Leker Solo Leker Leker Coklat Pisang,Thin Crispy Street Crepe · Kue Leker Solo Leker Leker Coklat Pisang · 1 buah · Jawa Tengah/Jajanan · src:Recipe calc · conf:medium
idn-kue-sagon,Kue Sagon,420.0,3.5,22.0,52.0,5.0,25,1.0,60,100,Olahan,Jajanan & Gorengan,,30,Kue Sagon Bakar Sagon Kelapa,Toasted Coconut & Sago Cake · Kue Sagon Bakar Sagon Kelapa · 2 buah · Jawa Tengah/Kue Basah · src:Recipe calc · conf:medium
idn-lumpia-basah-semarang,Lumpia Basah Semarang,195.0,8.0,8.0,22.0,1.5,35,1.0,500,100,Olahan,Jajanan & Gorengan,,80,Loenpia Basah Lumpia Semarang Tidak Digoreng,Fresh Semarang Spring Roll · Loenpia Basah Lumpia Semarang Tidak Digoreng · 1 buah · Jawa Tengah/Roti & Pastry · src:Recipe calc · conf:medium
idn-lumpia-rebung,Lumpia Rebung,285.0,7.0,16.0,28.0,2.2,35,1.1,480,100,Olahan,Jajanan & Gorengan,,70,Lumpia Isi Rebung Lumpia Rebung Goreng,Bamboo Shoot Spring Roll · Lumpia Isi Rebung Lumpia Rebung Goreng · 1 buah · Jawa Tengah/Roti & Pastry · src:Recipe calc · conf:medium
idn-lumpia-semarang-goreng,Lumpia Semarang Goreng,300.0,9.0,17.0,27.0,1.5,40,1.2,520,100,Olahan,Jajanan & Gorengan,,70,Loenpia Semarang Lumpia Goreng Rebung Udang,Fried Semarang Spring Roll · Loenpia Semarang Lumpia Goreng Rebung Udang · 1 buah · Jawa Tengah/Roti & Pastry · src:Recipe calc · conf:high
idn-marning-jagung,Marning Jagung,465.0,8.0,20.0,62.0,5.0,15,1.5,480,100,Olahan,Jajanan & Gorengan,,30,Jagung Marning Goreng Marning,Fried Corn Kernel Snack · Jagung Marning Goreng Marning · 1 genggam · Jawa Tengah/Kacang & Camilan · src:Recipe calc · conf:medium
idn-rempeyek-kacang,Rempeyek Kacang,510.0,13.0,30.0,46.0,3.5,90,2.5,480,100,Olahan,Jajanan & Gorengan,,25,Peyek Kacang Rempeyek Kacang Tanah,Peanut Rice Flour Cracker · Peyek Kacang Rempeyek Kacang Tanah · 3 buah · Jawa Tengah/Keripik & Kerupuk · src:Recipe calc · conf:high
idn-rempeyek-teri,Rempeyek Teri,500.0,18.0,29.0,41.0,2.5,350,3.0,750,100,Olahan,Jajanan & Gorengan,,25,Peyek Teri Rempeyek Ikan Teri,Anchovy Rice Flour Cracker · Peyek Teri Rempeyek Ikan Teri · 3 buah · Jawa Tengah/Ikan · src:Recipe calc · conf:medium
idn-sosis-solo,Sosis Solo,285.0,12.0,16.0,23.0,0.6,45,1.4,480,100,Olahan,Jajanan & Gorengan,,45,Sosis Solo Ayam Sosis Solo Goreng,Solo Beef Filled Crepe Roll · Sosis Solo Ayam Sosis Solo Goreng · 2 buah · Jawa Tengah/Jajanan · src:Recipe calc · conf:medium
idn-tahu-aci-tegal,Tahu Aci Tegal,240.0,9.0,12.0,24.0,1.0,120,1.4,450,100,Olahan,Jajanan & Gorengan,,55,Tahu Aci Tahu Kupat Aci Tegal,Tegal Tofu With Tapioca Topping · Tahu Aci Tahu Kupat Aci Tegal · 2 buah · Jawa Tengah/Tahu & Tempe · src:Recipe calc · conf:medium
idn-tahu-petis,Tahu Petis,212.0,9.5,14.0,12.0,1.4,140,1.8,600,100,Olahan,Jajanan & Gorengan,,60,Tahu Petis Semarang Tahu Pong Petis,Fried Tofu With Shrimp Paste · Tahu Petis Semarang Tahu Pong Petis · 2 potong · Jawa Tengah/Tahu & Tempe · src:Recipe calc · conf:medium
idn-tahu-pong,Tahu Pong,205.0,12.0,14.0,7.0,1.0,175,2.3,200,100,Olahan,Jajanan & Gorengan,,50,Tahu Kopong Tahu Pong Semarang,Hollow Puffed Fried Tofu · Tahu Kopong Tahu Pong Semarang · 3 buah · Jawa Tengah/Tahu & Tempe · src:Recipe calc · conf:medium
idn-tempe-kemul,Tempe Kemul,300.0,10.0,17.0,27.0,2.0,90,2.0,450,100,Olahan,Jajanan & Gorengan,,45,Tempe Kemul Wonosobo Tempe Mendoan Wonosobo,Turmeric Battered Fried Tempeh · Tempe Kemul Wonosobo Tempe Mendoan Wonosobo · 2 lembar · Jawa Tengah/Tahu & Tempe · src:Recipe calc · conf:medium
idn-timus,Timus,299.0,1.8,12.0,46.0,2.5,30,0.8,80,100,Olahan,Jajanan & Gorengan,,60,Kue Timus Timus Ubi,Fried Sweet Potato Fritter Roll · Kue Timus Timus Ubi · 2 buah · Jawa Tengah/Kue Basah · src:Recipe calc · conf:high
idn-bakso-bakar,Bakso Bakar,215.0,14.0,11.0,15.0,0.5,25,1.5,780,100,Olahan,Jajanan & Gorengan,,100,Bakso Bakar Pedas Manis Baso Bakar,Grilled Meatball Skewers · Bakso Bakar Pedas Manis Baso Bakar · 1 tusuk · Jawa Timur/Bakso · src:Recipe calc · conf:medium
idn-kue-widaran,Kue Widaran,466.0,4.5,20.0,67.0,1.2,25,1.0,120,100,Olahan,Jajanan & Gorengan,,35,Kue Widaran Ketan Widaran Gula,Sugar Glazed Fried Glutinous Snack · Kue Widaran Ketan Widaran Gula · 1 genggam · Jawa Timur/Kue Kering · src:Recipe calc · conf:medium
idn-lentho,Lentho,332.0,10.0,20.0,28.0,4.5,60,2.6,420,100,Olahan,Jajanan & Gorengan,,40,Lentho Kacang Tolo Lento,Fried Cowpea Fritter · Lentho Kacang Tolo Lento · 2 buah · Jawa Timur/Gorengan · src:Recipe calc · conf:medium
idn-mendol,Mendol,283.0,13.0,19.0,15.0,3.5,100,2.4,480,100,Olahan,Jajanan & Gorengan,,50,Mendol Tempe Menjes Mendol,Fried Fermented Tempeh Patty · Mendol Tempe Menjes Mendol · 1 buah · Jawa Timur/Tahu & Tempe · src:Recipe calc · conf:medium
idn-ote-ote,Ote-Ote,282.0,6.0,18.0,24.0,2.0,50,1.4,460,100,Olahan,Jajanan & Gorengan,,55,Bakwan Sayur Jawa Ote-Ote Udang Weci,Vegetable & Shrimp Fritter · Bakwan Sayur Jawa Ote-Ote Udang Weci · 1 buah · Jawa Timur/Gorengan · src:Recipe calc · conf:medium
idn-pentol-goreng,Pentol Goreng,275.0,10.0,15.0,25.0,0.6,30,1.2,680,100,Olahan,Jajanan & Gorengan,,60,Pentol Pentol Goreng Tusuk Pentol Krispi,Fried Tapioca Meatball Snack · Pentol Pentol Goreng Tusuk Pentol Krispi · 1 porsi · Jawa Timur/Bakso · src:Recipe calc · conf:medium
idn-sempol-ayam,Sempol Ayam,265.0,11.0,14.0,24.0,0.5,35,1.1,620,100,Olahan,Jajanan & Gorengan,,45,Sempol Sempol Ayam Malang,Chicken Tapioca Skewer · Sempol Sempol Ayam Malang · 1 tusuk · Jawa Timur/Ayam · src:Recipe calc · conf:medium
idn-tahu-walik,Tahu Walik,280.0,12.0,17.0,20.0,1.2,150,2.0,480,100,Olahan,Jajanan & Gorengan,,50,Tahu Walik Banyuwangi Tahu Walik Krispi,Inside-Out Fried Stuffed Tofu · Tahu Walik Banyuwangi Tahu Walik Krispi · 2 buah · Jawa Timur/Tahu & Tempe · src:Recipe calc · conf:medium
idn-kerupuk-basah,Kerupuk Basah,182.0,9.0,2.0,32.0,0.5,25,0.7,450,100,Olahan,Jajanan & Gorengan,,100,Kerupuk Basah Putussibau Temet,Kapuas Hulu Steamed Fish & Sago Roll · Kerupuk Basah Putussibau Temet · 1 porsi · Kalimantan Barat/Ikan · src:Recipe calc · conf:medium
idn-pengkang,Pengkang,212.0,4.5,6.5,34.0,1.0,40,0.8,300,100,Olahan,Jajanan & Gorengan,,80,Pengkang Kalbar Pengkang Peniti,Grilled Glutinous Rice Cone With Dried Shrimp · Pengkang Kalbar Pengkang Peniti · 2 buah · Kalimantan Barat/Jajanan · src:Recipe calc · conf:medium
idn-sotong-pangkong,Sotong Pangkong,288.0,60.0,4.0,3.0,0.2,90,3.0,2200,100,Olahan,Jajanan & Gorengan,,40,Cumi Pangkong Sotong Pangkong Pontianak,Pounded Grilled Dried Squid · Cumi Pangkong Sotong Pangkong Pontianak · 1 porsi · Kalimantan Barat/Seafood · src:Recipe calc · conf:medium
idn-gaguduh-pisang,Gaguduh Pisang,266.0,2.5,12.0,37.0,2.0,20,0.7,90,100,Olahan,Jajanan & Gorengan,,55,Gagauk Pisang Gaguduh,Banjarese Battered Fried Banana · Gagauk Pisang Gaguduh · 1 buah · Kalimantan Selatan/Gorengan · src:Recipe calc · conf:high
idn-kue-cincin,Kue Cincin,397.0,3.5,15.0,62.0,1.5,30,1.2,70,100,Olahan,Jajanan & Gorengan,,30,Kue Cincin Banjar Wadai Cincin,Fried Palm Sugar Ring Cake · Kue Cincin Banjar Wadai Cincin · 1 buah · Kalimantan Selatan/Gorengan · src:Recipe calc · conf:medium
idn-untuk-untuk,Untuk-Untuk,379.0,5.5,17.0,51.0,2.5,30,1.4,150,100,Olahan,Jajanan & Gorengan,,45,Untuk Untuk Wadai Untuk-Untuk,Fried Twisted Dough With Sweet Coconut Filling · Untuk Untuk Wadai Untuk-Untuk · 1 buah · Kalimantan Selatan/Gorengan · src:Recipe calc · conf:medium
idn-amplang,Amplang,478.0,12.0,26.0,49.0,0.8,60,1.5,900,100,Olahan,Jajanan & Gorengan,,30,Amplang Kuku Macan Kerupuk Amplang,Fried Mackerel Fish Crackers · Amplang Kuku Macan Kerupuk Amplang · 1 bungkus kecil · Kalimantan Timur/Keripik & Kerupuk · src:Recipe calc · conf:high
idn-choi-pan,Choi Pan,175.0,4.0,4.5,29.0,1.8,30,0.9,380,100,Olahan,Jajanan & Gorengan,,30,Chai Kue Chai Kwe Choipan,Steamed Jicama & Chive Dumpling · Chai Kue Chai Kwe Choipan · 1 buah · Kepulauan Bangka Belitung/Jajanan · src:Recipe calc · conf:medium
idn-getas,Getas,385.0,8.0,14.0,57.0,0.5,35,1.0,450,100,Olahan,Jajanan & Gorengan,,25,Getas Bangka Kretek Getas,Bangka Fried Sago Fishball With Sugar Coating · Getas Bangka Kretek Getas · 1 buah · Kepulauan Bangka Belitung/Gorengan · src:Recipe calc · conf:low
idn-kemplang-bangka,Kemplang Bangka,460.0,13.0,20.0,57.0,0.5,50,1.3,800,100,Olahan,Jajanan & Gorengan,,20,Kemplang Goreng Bangka Kerupuk Bangka,Fried Bangka Mackerel Cracker · Kemplang Goreng Bangka Kerupuk Bangka · 3 keping · Kepulauan Bangka Belitung/Keripik & Kerupuk · src:Recipe calc · conf:medium
idn-otak-otak-bangka,Otak-Otak Bangka,165.0,10.5,8.0,13.0,0.4,35,0.9,540,100,Olahan,Jajanan & Gorengan,,30,Otak Otak Bangka Otak-Otak Ikan Tenggiri,Bangka Grilled Fish Paste Parcel · Otak Otak Bangka Otak-Otak Ikan Tenggiri · 1 buah · Kepulauan Bangka Belitung/Ikan · src:Recipe calc · conf:medium
idn-keripik-pisang-cokelat-lampung,Keripik Pisang Cokelat Lampung,510.0,3.0,27.0,63.0,3.0,35,1.0,110,100,Olahan,Jajanan & Gorengan,,30,Keripik Pisang Manis Kripik Pisang Coklat,Lampung Chocolate Banana Chips · Keripik Pisang Manis Kripik Pisang Coklat · 1 genggam · Lampung/Keripik & Kerupuk · src:Recipe calc · conf:medium
idn-keripik-pisang-lampung,Keripik Pisang Lampung,500.0,2.0,26.0,63.0,3.5,20,0.9,120,100,Olahan,Jajanan & Gorengan,,30,Keripik Pisang Asin Kripik Pisang Lampung,Lampung Salted Banana Chips · Keripik Pisang Asin Kripik Pisang Lampung · 1 genggam · Lampung/Keripik & Kerupuk · src:Recipe calc · conf:high
idn-bakso-goreng,Bakso Goreng,290.0,13.0,18.0,19.0,0.5,30,1.4,700,100,Olahan,Jajanan & Gorengan,,60,Bakso Goreng Sapi Baso Goreng,Deep Fried Meatballs · Bakso Goreng Sapi Baso Goreng · 5 buah · Nasional/Bakso · src:Recipe calc · conf:medium
idn-bakwan-jagung,Bakwan Jagung,300.0,5.5,16.5,33.0,2.5,30,1.0,380,100,Olahan,Jajanan & Gorengan,,45,Bakwan Jagung Manis Dadar Jagung Perkedel Jagung,Sweet Corn Fritter · Bakwan Jagung Manis Dadar Jagung Perkedel Jagung · 1 buah · Nasional/Gorengan · src:Recipe calc · conf:high
idn-bakwan-tahu,Bakwan Tahu,270.0,7.5,15.5,25.0,1.6,90,1.4,380,100,Olahan,Jajanan & Gorengan,,55,Bakwan Isi Tahu Bakwan Tahu Goreng,Tofu Vegetable Fritter · Bakwan Isi Tahu Bakwan Tahu Goreng · 1 buah · Nasional/Tahu & Tempe · src:Recipe calc · conf:medium
idn-bakwan-udang,Bakwan Udang,295.0,9.0,17.0,26.0,1.5,55,1.2,480,100,Olahan,Jajanan & Gorengan,,50,Bakwan Udang Goreng Rempeyek Udang Tepung,Shrimp Fritter · Bakwan Udang Goreng Rempeyek Udang Tepung · 1 buah · Nasional/Seafood · src:Recipe calc · conf:medium
idn-berondong-jagung,Berondong Jagung,420.0,9.0,15.0,62.0,10.0,10,2.0,350,100,Olahan,Jajanan & Gorengan,,25,Jagung Berondong Popcorn Jagung,Popped Corn Snack · Jagung Berondong Popcorn Jagung · 1 mangkok kecil · Nasional/Kacang & Camilan · src:USDA analog · conf:high
idn-cakwe,Cakwe,380.0,8.0,20.0,42.0,1.5,40,2.0,620,100,Olahan,Jajanan & Gorengan,,50,Cakue Cakwe Goreng Youtiao,Chinese Fried Dough Stick · Cakue Cakwe Goreng Youtiao · 1 buah · Nasional/Gorengan · src:Recipe calc · conf:high
idn-ceker-mercon,Ceker Mercon,210.0,19.0,12.0,6.0,0.5,90,1.2,780,100,Olahan,Jajanan & Gorengan,,100,Ceker Pedas Mercon Ceker Setan,Spicy Chicken Feet · Ceker Pedas Mercon Ceker Setan · 1 porsi · Nasional/Jajanan · src:Recipe calc · conf:medium
idn-corndog-mozarella,Corndog Mozarella,330.0,11.0,17.0,33.0,1.0,180,1.4,720,100,Olahan,Jajanan & Gorengan,,110,Corn Dog Mozarella Korean Corndog,Mozzarella Corn Dog · Corn Dog Mozarella Korean Corndog · 1 tusuk · Nasional/Jajanan · src:Recipe calc · conf:medium
idn-egg-roll-kue,Egg Roll Kue,468.0,6.0,20.0,66.0,0.8,35,1.3,120,100,Olahan,Jajanan & Gorengan,,30,Egg Roll Kue Egg Roll Semprong Telur,Crisp Rolled Egg Wafer · Egg Roll Kue Egg Roll Semprong Telur · 4 buah · Nasional/Kue Kering · src:Recipe calc · conf:medium
idn-emping-melinjo-goreng,Emping Melinjo Goreng,510.0,12.0,26.0,58.0,4.0,90,3.0,350,100,Olahan,Jajanan & Gorengan,,20,Emping Emping Goreng Krupuk Melinjo,Fried Melinjo Nut Cracker · Emping Emping Goreng Krupuk Melinjo · 1 genggam · Nasional/Gorengan · src:Recipe calc · conf:high
idn-emping-melinjo-manis-pedas,Emping Melinjo Manis Pedas,505.0,10.0,24.0,62.0,3.5,80,2.8,420,100,Olahan,Jajanan & Gorengan,,25,Emping Balado Emping Manis Pedas,Sweet Spicy Coated Melinjo Cracker · Emping Balado Emping Manis Pedas · 1 genggam · Nasional/Keripik & Kerupuk · src:Recipe calc · conf:medium
idn-jagung-bakar,Jagung Bakar,145.0,3.5,4.5,24.0,2.5,10,0.6,220,100,Olahan,Jajanan & Gorengan,,150,Jagung Bakar Manis Pedas Jagung Panggang,Grilled Sweet Corn · Jagung Bakar Manis Pedas Jagung Panggang · 1 buah · Nasional/Serealia & Umbi · src:Recipe calc · conf:high
idn-jagung-rebus,Jagung Rebus,110.0,3.5,1.3,22.0,2.5,8,0.5,15,100,Olahan,Jajanan & Gorengan,,130,Jagung Kukus Jagung Manis Rebus,Boiled Sweet Corn · Jagung Kukus Jagung Manis Rebus · 1 buah · Nasional/Serealia & Umbi · src:TKPI · conf:high
idn-jamur-tiram-goreng-tepung,Jamur Tiram Goreng Tepung,250.0,5.0,15.0,24.0,1.8,25,1.0,400,100,Olahan,Jajanan & Gorengan,,60,Jamur Crispy Goreng,Battered Fried Oyster Mushroom · Jamur Crispy Goreng · 1 porsi · Nasional/Gorengan · src:Recipe calc · conf:medium
idn-jasuke,Jasuke,170.0,4.0,7.0,23.0,2.0,90,0.6,240,100,Olahan,Jajanan & Gorengan,,150,Jagung Serut Susu Keju Jagung Susu Keju,Sweet Corn With Milk & Cheese · Jagung Serut Susu Keju Jagung Susu Keju · 1 cup · Nasional/Jajanan · src:Recipe calc · conf:medium
idn-kacang-bawang,Kacang Bawang,585.0,24.0,45.0,21.0,7.0,60,2.5,350,100,Olahan,Jajanan & Gorengan,,30,Kacang Bawang Goreng Kacang Goreng Bawang,Garlic Fried Peanuts · Kacang Bawang Goreng Kacang Goreng Bawang · 1 genggam · Nasional/Kue Kering · src:Recipe calc · conf:high
idn-kacang-disko,Kacang Disko,520.0,15.0,28.0,52.0,3.5,50,2.2,420,100,Olahan,Jajanan & Gorengan,,30,Kacang Disko Renyah Kacang Kribo,Crunchy Coated Fried Peanuts · Kacang Disko Renyah Kacang Kribo · 1 genggam · Nasional/Kue Kering · src:Recipe calc · conf:medium
idn-kacang-koro-goreng,Kacang Koro Goreng,470.0,17.0,21.0,52.0,7.0,50,3.0,520,100,Olahan,Jajanan & Gorengan,,30,Kacang Koro Pedas Koro Goreng,Fried Jack Bean Snack · Kacang Koro Pedas Koro Goreng · 1 genggam · Nasional/Kue Kering · src:Recipe calc · conf:medium
idn-kacang-kulit-sangrai,Kacang Kulit Sangrai,565.0,25.0,44.0,18.0,8.0,55,2.2,380,100,Olahan,Jajanan & Gorengan,,30,Kacang Garuda Sangrai Kacang Kulit Kacang Sangrai,Roasted Peanuts In Shell · Kacang Garuda Sangrai Kacang Kulit Kacang Sangrai · 1 genggam · Nasional/Kue Kering · src:TKPI · conf:high
idn-kacang-polong-goreng,Kacang Polong Goreng,480.0,15.0,22.0,55.0,6.0,45,2.5,500,100,Olahan,Jajanan & Gorengan,,30,Kacang Ijo Goreng Kacang Polong Renyah,Fried Green Peas Snack · Kacang Ijo Goreng Kacang Polong Renyah · 1 genggam · Nasional/Kue Kering · src:Recipe calc · conf:medium
idn-kacang-sembunyi,Kacang Sembunyi,495.0,13.0,28.0,47.0,3.5,45,2.0,300,100,Olahan,Jajanan & Gorengan,,30,Kacang Sembunyi Goreng Kacang Umpet,Peanut Filled Fried Pastry Snack · Kacang Sembunyi Goreng Kacang Umpet · 1 genggam · Nasional/Kue Kering · src:Recipe calc · conf:medium
idn-kacang-telur,Kacang Telur,518.0,17.0,30.0,45.0,4.5,55,2.0,300,100,Olahan,Jajanan & Gorengan,,35,Kacang Atom Kacang Telor,Egg Batter Coated Fried Peanuts · Kacang Atom Kacang Telor · 1 genggam · Nasional/Kue Kering · src:Recipe calc · conf:high
idn-kentang-goreng,Kentang Goreng,290.0,3.5,14.0,38.0,3.5,15,0.8,300,100,Olahan,Jajanan & Gorengan,,100,French Fries Kentang Goreng Renyah,French Fries · French Fries Kentang Goreng Renyah · 1 porsi · Nasional/Gorengan · src:USDA analog · conf:high
idn-kentang-spiral-goreng,Kentang Spiral Goreng,330.0,3.5,17.0,41.0,3.2,15,0.9,550,100,Olahan,Jajanan & Gorengan,,90,Kentang Spiral Tornado Potato,Fried Spiral Potato Skewer · Kentang Spiral Tornado Potato · 1 tusuk · Nasional/Gorengan · src:Recipe calc · conf:medium
idn-keripik-jamur-crispy,Keripik Jamur Crispy,470.0,9.0,26.0,50.0,4.0,40,2.0,600,100,Olahan,Jajanan & Gorengan,,25,Jamur Crispy Kripik Jamur,Crispy Fried Mushroom Chips · Jamur Crispy Kripik Jamur · 1 genggam · Nasional/Keripik & Kerupuk · src:Recipe calc · conf:medium
idn-keripik-kentang-balado,Keripik Kentang Balado,530.0,5.0,30.0,58.0,3.5,20,1.4,600,100,Olahan,Jajanan & Gorengan,,30,Keripik Kentang Pedas Manis Kripik Kentang Balado,Spicy Chilli Potato Chips · Keripik Kentang Pedas Manis Kripik Kentang Balado · 1 genggam · Nasional/Keripik & Kerupuk · src:Recipe calc · conf:medium
idn-keripik-sukun,Keripik Sukun,500.0,3.0,26.0,63.0,4.0,25,0.8,350,100,Olahan,Jajanan & Gorengan,,30,Keripik Sukun Gurih Kripik Sukun,Breadfruit Chips · Keripik Sukun Gurih Kripik Sukun · 1 genggam · Nasional/Keripik & Kerupuk · src:Recipe calc · conf:medium
idn-keripik-tahu,Keripik Tahu,480.0,22.0,30.0,30.0,2.0,220,3.0,620,100,Olahan,Jajanan & Gorengan,,25,Keripik Tahu Pedas Kripik Tahu,Crispy Tofu Chips · Keripik Tahu Pedas Kripik Tahu · 1 genggam · Nasional/Tahu & Tempe · src:Recipe calc · conf:medium
idn-keripik-usus-ayam,Keripik Usus Ayam,495.0,20.0,30.0,36.0,1.0,50,2.0,700,100,Olahan,Jajanan & Gorengan,,25,Keripik Usus Crispy Kripik Usus,Crispy Fried Chicken Intestine · Keripik Usus Crispy Kripik Usus · 1 genggam · Nasional/Ayam · src:Recipe calc · conf:medium
idn-kerupuk-bawang,Kerupuk Bawang,495.0,5.0,24.0,64.0,0.8,20,0.9,920,100,Olahan,Jajanan & Gorengan,,20,Kerupuk Bawang Goreng Krupuk Bawang,Garlic Flavoured Cracker · Kerupuk Bawang Goreng Krupuk Bawang · 1 genggam · Nasional/Keripik & Kerupuk · src:Recipe calc · conf:medium
idn-kerupuk-putih,Kerupuk Putih,500.0,3.5,25.0,64.0,0.6,15,0.7,880,100,Olahan,Jajanan & Gorengan,,15,Kerupuk Aci Putih Kerupuk Uyel Krupuk Putih,Plain White Tapioca Cracker · Kerupuk Aci Putih Kerupuk Uyel Krupuk Putih · 1 genggam · Nasional/Keripik & Kerupuk · src:Recipe calc · conf:high
idn-kerupuk-putih-goreng,Kerupuk Putih Goreng,500.0,2.0,25.0,63.0,0.5,20,0.5,900,100,Olahan,Jajanan & Gorengan,,15,Kerupuk Blek Kerupuk Kanji,Fried Plain Tapioca Crackers · Kerupuk Blek Kerupuk Kanji · 5 keping · Nasional/Gorengan · src:NilaiGizi · conf:medium
idn-kerupuk-udang,Kerupuk Udang,480.0,8.0,22.0,62.0,1.0,45,1.2,900,100,Olahan,Jajanan & Gorengan,,20,Kerupuk Udang Sidoarjo Krupuk Udang,Fried Prawn Cracker · Kerupuk Udang Sidoarjo Krupuk Udang · 1 genggam · Nasional/Seafood · src:Recipe calc · conf:high
idn-kue-bawang,Kue Bawang,498.0,7.0,27.0,57.0,1.8,30,1.6,600,100,Olahan,Jajanan & Gorengan,,30,Kue Bawang Goreng Kue Bawang Renyah Stik Bawang,Savoury Fried Garlic Cracker Sticks · Kue Bawang Goreng Kue Bawang Renyah Stik Bawang · 1 genggam · Nasional/Kue Kering · src:Recipe calc · conf:high
idn-kue-keranjang-goreng,Kue Keranjang Goreng,388.0,4.0,14.0,61.0,0.6,25,0.9,90,100,Olahan,Jajanan & Gorengan,,70,Kue Keranjang Goreng Telur Nian Gao Goreng,Fried Battered Nian Gao · Kue Keranjang Goreng Telur Nian Gao Goreng · 2 potong · Nasional/Gorengan · src:Recipe calc · conf:medium
idn-kue-kuping-gajah,Kue Kuping Gajah,470.0,6.0,21.0,64.0,1.5,35,1.6,180,100,Olahan,Jajanan & Gorengan,,40,Kue Kuping Gajah Coklat Kuping Gajah,Elephant Ear Spiral Fried Cookie · Kue Kuping Gajah Coklat Kuping Gajah · 6 buah · Nasional/Kue Kering · src:Recipe calc · conf:medium
idn-kue-telur-gabus,Kue Telur Gabus,495.0,8.0,27.0,55.0,0.8,150,1.0,500,100,Olahan,Jajanan & Gorengan,,30,Kue Telor Gabus Telur Gabus Keju,Crunchy Cheese Puff Sticks · Kue Telor Gabus Telur Gabus Keju · 1 genggam · Nasional/Kue Kering · src:Recipe calc · conf:medium
idn-kulit-ayam-crispy,Kulit Ayam Crispy,480.0,20.0,40.0,12.0,0.4,20,1.2,620,100,Olahan,Jajanan & Gorengan,,50,Kriuk Kulit Ayam Kulit Ayam Goreng Krispi,Crispy Fried Chicken Skin · Kriuk Kulit Ayam Kulit Ayam Goreng Krispi · 1 porsi · Nasional/Ayam · src:Recipe calc · conf:medium
idn-martabak-telur-mini,Martabak Telur Mini,300.0,10.0,19.0,22.0,1.0,40,1.6,620,100,Olahan,Jajanan & Gorengan,,35,Martabak Kecil Asin Martabak Mini Telur,Mini Savoury Egg Martabak · Martabak Kecil Asin Martabak Mini Telur · 2 buah · Nasional/Telur · src:Recipe calc · conf:medium
idn-mie-lidi,Mie Lidi,490.0,8.0,25.0,57.0,1.8,20,1.6,880,100,Olahan,Jajanan & Gorengan,,25,Mi Lidi Mie Lidi Pedas,Fried Stick Noodle Snack · Mi Lidi Mie Lidi Pedas · 1 bungkus kecil · Nasional/Mie & Bihun · src:Recipe calc · conf:medium
idn-nugget-ayam-goreng,Nugget Ayam Goreng,295.0,14.0,18.0,19.0,0.8,30,1.0,600,100,Olahan,Jajanan & Gorengan,,60,Chicken Nugget Goreng Naget Ayam,Fried Chicken Nuggets · Chicken Nugget Goreng Naget Ayam · 5 buah · Nasional/Ayam · src:USDA analog · conf:high
idn-onde-onde-ketawa,Onde-Onde Ketawa,436.0,6.0,20.0,58.0,1.8,100,2.0,90,100,Olahan,Jajanan & Gorengan,,45,Kue Ketawa Kue Tertawa Onde Ketawa,Laughing Sesame Cookie Balls · Kue Ketawa Kue Tertawa Onde Ketawa · 3 buah · Nasional/Kue Basah · src:Recipe calc · conf:medium
idn-otak-otak-bakar,Otak-Otak Bakar,185.0,11.0,9.0,15.0,0.4,40,0.9,580,100,Olahan,Jajanan & Gorengan,,40,Otak Otak Bakar Daun Otak-Otak Panggang,Grilled Fish Paste Parcel · Otak Otak Bakar Daun Otak-Otak Panggang · 2 buah · Nasional/Ikan · src:Recipe calc · conf:medium
idn-otak-otak-goreng,Otak-Otak Goreng,250.0,12.0,15.0,17.0,0.5,45,1.0,620,100,Olahan,Jajanan & Gorengan,,50,Otak Otak Goreng Ikan Otak-Otak Tenggiri Goreng,Fried Fish Paste Fritter · Otak Otak Goreng Ikan Otak-Otak Tenggiri Goreng · 2 buah · Nasional/Ikan · src:Recipe calc · conf:medium
idn-pastel-goreng,Pastel Goreng,320.0,6.5,18.0,33.0,1.8,35,1.3,420,100,Olahan,Jajanan & Gorengan,,60,Jalangkote Jawa Pastel Pastel Isi Sayur Telur,Fried Savoury Pastry Turnover · Jalangkote Jawa Pastel Pastel Isi Sayur Telur · 1 buah · Nasional/Roti & Pastry · src:Recipe calc · conf:high
idn-pastel-kering,Pastel Kering,494.0,6.5,28.0,55.0,1.6,30,1.8,350,100,Olahan,Jajanan & Gorengan,,40,Pastel Kering Abon Pastel Mini Kering,Mini Crisp Fried Savoury Pastry · Pastel Kering Abon Pastel Mini Kering · 6 buah · Nasional/Kue Kering · src:Recipe calc · conf:medium
idn-pisang-aroma,Pisang Aroma,355.0,4.0,18.0,44.0,1.8,30,1.0,150,100,Olahan,Jajanan & Gorengan,,40,Pisang Arum Piscok Aroma,Crispy Rolled Banana Spring Roll · Pisang Arum Piscok Aroma · 2 buah · Nasional/Gorengan · src:Recipe calc · conf:medium
idn-pisang-coklat-goreng,Pisang Coklat Goreng,330.0,4.0,16.0,43.0,2.0,35,1.1,160,100,Olahan,Jajanan & Gorengan,,50,Pisang Coklat Piscok Piscok Goreng,Fried Banana Chocolate Roll · Pisang Coklat Piscok Piscok Goreng · 2 buah · Nasional/Gorengan · src:Recipe calc · conf:high
idn-pisang-goreng-crispy,Pisang Goreng Crispy,300.0,3.0,14.0,41.0,2.0,25,0.8,150,100,Olahan,Jajanan & Gorengan,,65,Pisang Crispy Pisang Goreng Renyah,Crispy Battered Fried Banana · Pisang Crispy Pisang Goreng Renyah · 1 buah · Nasional/Gorengan · src:Recipe calc · conf:high
idn-pisang-goreng-kipas,Pisang Goreng Kipas,275.0,2.8,12.0,39.0,2.0,20,0.7,110,100,Olahan,Jajanan & Gorengan,,70,Pisang Goreng Pipih Pisang Kipas,Fan Shaped Fried Banana · Pisang Goreng Pipih Pisang Kipas · 1 buah · Nasional/Gorengan · src:Recipe calc · conf:medium
idn-pisang-goreng-pasir,Pisang Goreng Pasir,315.0,4.0,15.0,42.0,2.2,30,1.0,180,100,Olahan,Jajanan & Gorengan,,60,Pisang Goreng Tepung Roti Pisang Pasir,Breadcrumb Coated Fried Banana · Pisang Goreng Tepung Roti Pisang Pasir · 1 buah · Nasional/Gorengan · src:Recipe calc · conf:medium
idn-pisang-nugget,Pisang Nugget,320.0,4.5,15.0,42.0,2.0,40,1.0,190,100,Olahan,Jajanan & Gorengan,,80,Nugget Pisang Pisang Nugget Keju Coklat,Banana Nuggets With Topping · Nugget Pisang Pisang Nugget Keju Coklat · 1 porsi · Nasional/Gorengan · src:Recipe calc · conf:medium
idn-rempeyek-ebi,Rempeyek Ebi,505.0,17.0,29.0,43.0,2.2,300,2.8,800,100,Olahan,Jajanan & Gorengan,,25,Peyek Ebi Rempeyek Udang Kering,Dried Shrimp Rice Flour Cracker · Peyek Ebi Rempeyek Udang Kering · 3 buah · Nasional/Keripik & Kerupuk · src:Recipe calc · conf:medium
idn-risoles-mayo,Risoles Mayo,320.0,8.0,20.0,26.0,1.2,60,1.2,520,100,Olahan,Jajanan & Gorengan,,60,Risol Mayo Risol Mayo Sosis Risoles Mayonaise,Mayo Filled Fried Crepe Roll · Risol Mayo Risol Mayo Sosis Risoles Mayonaise · 1 buah · Nasional/Gorengan · src:Recipe calc · conf:high
idn-risoles-ragout-ayam,Risoles Ragout Ayam,285.0,8.5,17.0,24.0,1.2,65,1.2,480,100,Olahan,Jajanan & Gorengan,,60,Risol Risol Ayam Risol Ragout Risoles Risoles Ayam Sayur,Chicken Ragout Fried Crepe Roll · Risol Risol Ayam Risol Ragout Risoles Risoles Ayam Sayur · 1 buah · Nasional/Ayam · src:Recipe calc · conf:high
idn-risoles-sayur,Risoles Sayur,275.0,6.5,16.0,26.0,1.6,55,1.2,430,100,Olahan,Jajanan & Gorengan,,55,Risol Sayur Risoles Isi Sayuran,Vegetable Risoles · Risol Sayur Risoles Isi Sayuran · 1 buah · Nasional/Sayur · src:Recipe calc · conf:medium
idn-risoles-smoked-beef-keju,Risoles Smoked Beef Keju,330.0,11.0,21.0,24.0,1.0,120,1.4,650,100,Olahan,Jajanan & Gorengan,,65,Risol Smoked Beef Risoles Daging Asap Keju,Smoked Beef & Cheese Risoles · Risol Smoked Beef Risoles Daging Asap Keju · 1 buah · Nasional/Gorengan · src:Recipe calc · conf:medium
idn-roti-john,Roti John,330.0,13.0,18.0,29.0,1.5,80,2.0,620,100,Olahan,Jajanan & Gorengan,,180,Roti John Daging Telur Rotijon,Griddled Egg & Meat Baguette · Roti John Daging Telur Rotijon · 1 porsi · Nasional/Roti & Pastry · src:Recipe calc · conf:medium
idn-sate-pentol,Sate Pentol,195.0,11.0,8.5,19.0,0.5,30,1.2,720,100,Olahan,Jajanan & Gorengan,,75,Pentol Sate Sate Pentol Bakar,Grilled Meatball Skewer · Pentol Sate Sate Pentol Bakar · 1 tusuk (5 butir) · Nasional/Sate · src:Recipe calc · conf:medium
idn-sate-sosis,Sate Sosis,265.0,12.0,20.0,9.0,0.3,20,1.0,900,100,Olahan,Jajanan & Gorengan,,80,Sate Sosis Bakar Sosis Sate,Grilled Sausage Skewer · Sate Sosis Bakar Sosis Sate · 2 tusuk · Nasional/Sate · src:Recipe calc · conf:medium
idn-sate-telur-gulung,Sate Telur Gulung,210.0,10.5,15.5,7.5,0.2,45,1.6,380,100,Olahan,Jajanan & Gorengan,,90,Sate Telor Gulung Telur Gulung,Rolled Egg Skewer · Sate Telor Gulung Telur Gulung · 3 tusuk · Nasional/Sate · src:Recipe calc · conf:medium
idn-sate-telur-puyuh,Sate Telur Puyuh,200.0,12.0,13.0,8.0,0.2,60,3.0,480,100,Olahan,Jajanan & Gorengan,,50,Sate Telor Puyuh Telur Puyuh Bacem Tusuk,Quail Egg Skewer · Sate Telor Puyuh Telur Puyuh Bacem Tusuk · 1 tusuk · Nasional/Bebek & Unggas · src:Recipe calc · conf:medium
idn-sate-usus-ayam,Sate Usus Ayam,235.0,16.0,15.0,8.0,0.3,30,1.8,520,100,Olahan,Jajanan & Gorengan,,40,Sate Usus Usus Ayam Bumbu Kuning,Chicken Intestine Skewer · Sate Usus Usus Ayam Bumbu Kuning · 2 tusuk · Nasional/Ayam · src:Recipe calc · conf:medium
idn-singkong-goreng,Singkong Goreng,270.0,1.5,12.0,39.0,2.0,30,0.6,220,100,Olahan,Jajanan & Gorengan,,80,Singkong Goreng Empuk Ubi Kayu Goreng,Fried Cassava · Singkong Goreng Empuk Ubi Kayu Goreng · 1 porsi · Nasional/Gorengan · src:Recipe calc · conf:high
idn-siomay-ayam,Siomay Ayam,195.0,12.0,9.0,16.0,0.8,30,1.0,520,100,Olahan,Jajanan & Gorengan,,120,Siomay Ayam Kukus Somay Ayam,Steamed Chicken Dumplings · Siomay Ayam Kukus Somay Ayam · 1 porsi · Nasional/Ayam · src:Recipe calc · conf:medium
idn-siomay-goreng,Siomay Goreng,285.0,11.0,17.0,22.0,0.8,35,1.1,560,100,Olahan,Jajanan & Gorengan,,60,Siomay Kering Goreng Somay Goreng,Fried Dumplings · Siomay Kering Goreng Somay Goreng · 4 buah · Nasional/Bakso · src:Recipe calc · conf:medium
idn-sosis-bakar,Sosis Bakar,305.0,12.0,25.0,8.0,0.3,25,1.2,950,100,Olahan,Jajanan & Gorengan,,60,Sosis Bakar Tusuk Sosis Panggang Saus,Grilled Sausage Skewer · Sosis Bakar Tusuk Sosis Panggang Saus · 1 tusuk · Nasional/Jajanan · src:Recipe calc · conf:medium
idn-sosis-goreng-tepung,Sosis Goreng Tepung,330.0,11.0,23.0,19.0,0.5,30,1.3,880,100,Olahan,Jajanan & Gorengan,,60,Sosis Goreng Crispy Sosis Krispi,Battered Fried Sausage · Sosis Goreng Crispy Sosis Krispi · 1 tusuk · Nasional/Gorengan · src:Recipe calc · conf:medium
idn-sukun-goreng,Sukun Goreng,268.0,1.8,12.5,37.0,3.5,25,0.6,120,100,Olahan,Jajanan & Gorengan,,70,Sukun Goreng Tepung Timbul Goreng,Fried Breadfruit · Sukun Goreng Tepung Timbul Goreng · 2 potong · Nasional/Gorengan · src:Recipe calc · conf:medium
idn-tahu-crispy,Tahu Crispy,300.0,10.0,18.0,24.0,1.2,140,1.8,520,100,Olahan,Jajanan & Gorengan,,60,Tahu Goreng Crispy Tahu Krispi,Crispy Battered Tofu Cubes · Tahu Goreng Crispy Tahu Krispi · 1 porsi · Nasional/Tahu & Tempe · src:Recipe calc · conf:medium
idn-talas-goreng,Talas Goreng,275.0,2.5,13.0,37.0,3.0,40,0.8,200,100,Olahan,Jajanan & Gorengan,,70,Keladi Goreng Talas Goreng Tepung,Fried Taro · Keladi Goreng Talas Goreng Tepung · 1 porsi · Nasional/Gorengan · src:Recipe calc · conf:medium
idn-telur-gulung,Telur Gulung,240.0,9.0,17.0,12.0,0.2,45,1.5,320,100,Olahan,Jajanan & Gorengan,,45,Telor Gulung Telur Gulung Tusuk,Rolled Egg On A Stick · Telor Gulung Telur Gulung Tusuk · 2 tusuk · Nasional/Telur · src:Recipe calc · conf:medium
idn-tempe-goreng-polos,Tempe Goreng Polos,282.0,18.0,18.0,12.0,3.0,145,3.0,180,100,Olahan,Jajanan & Gorengan,,40,Tempe Goreng Tempe Goreng Tanpa Tepung,Plain Fried Tempeh · Tempe Goreng Tempe Goreng Tanpa Tepung · 2 potong · Nasional/Tahu & Tempe · src:TKPI · conf:high
idn-tempe-goreng-tepung,Tempe Goreng Tepung,285.0,13.0,17.0,20.0,2.5,110,2.2,350,100,Olahan,Jajanan & Gorengan,,40,Tempe Goreng Krispi Tempe Tepung,Battered Fried Tempeh · Tempe Goreng Krispi Tempe Tepung · 2 potong · Nasional/Tahu & Tempe · src:Recipe calc · conf:high
idn-ubi-goreng,Ubi Goreng,265.0,2.0,12.0,37.0,2.5,35,0.7,60,100,Olahan,Jajanan & Gorengan,,70,Ketela Goreng Ubi Jalar Goreng,Fried Sweet Potato · Ketela Goreng Ubi Jalar Goreng · 1 porsi · Nasional/Gorengan · src:Recipe calc · conf:high
idn-kue-rambut,Kue Rambut,415.0,4.0,20.0,54.0,1.2,20,1.0,60,100,Olahan,Jajanan & Gorengan,,40,Kue Rambut NTT Kue Rambut Rote,Rote Fried Palm Sugar Lace Cake · Kue Rambut NTT Kue Rambut Rote · 1 buah · Nusa Tenggara Timur/Gorengan · src:Recipe calc · conf:low
idn-keripik-keladi,Keripik Keladi,504.0,3.0,28.0,60.0,4.0,30,1.2,350,100,Olahan,Jajanan & Gorengan,,30,Keripik Keladi Papua Kripik Talas Papua,Fried Taro Chips · Keripik Keladi Papua Kripik Talas Papua · 1 bungkus kecil · Papua/Keripik & Kerupuk · src:Recipe calc · conf:medium
idn-martabak-sagu,Martabak Sagu,321.0,1.5,11.0,54.0,2.0,25,0.9,60,100,Olahan,Jajanan & Gorengan,,80,Martabak Sagu Fakfak Martabak Sagu Papua,Fakfak Fried Sago Pancake With Palm Sugar · Martabak Sagu Fakfak Martabak Sagu Papua · 1 potong · Papua Barat/Gorengan · src:Recipe calc · conf:medium
idn-deppa-tori,Deppa Tori,420.0,5.0,17.0,61.0,2.5,90,2.5,55,100,Olahan,Jajanan & Gorengan,,30,Deppa Tetekan Deppa Tori',Torajan Fried Sesame Palm Sugar Cake · Deppa Tetekan Deppa Tori' · 1 buah · Sulawesi Selatan/Gorengan · src:Recipe calc · conf:medium
idn-kacang-mete-goreng,Kacang Mete Goreng,590.0,17.0,46.0,27.0,3.0,40,6.0,400,100,Olahan,Jajanan & Gorengan,,30,Kacang Mede Goreng Mete Goreng Asin,Fried Cashew Nuts · Kacang Mede Goreng Mete Goreng Asin · 1 genggam · Sulawesi Tenggara/Kue Kering · src:TKPI · conf:high
idn-biapong-babi,Biapong Babi,263.0,8.5,8.5,38.0,1.3,35,1.3,380,100,Olahan,Jajanan & Gorengan,,75,Bakpao Babi Manado Biapong Isi Babi,Steamed Pork Bun · Bakpao Babi Manado Biapong Isi Babi · 1 buah · Sulawesi Utara/Babi · src:Recipe calc · conf:medium
idn-biapong-kacang,Biapong Kacang,285.0,7.0,9.0,44.0,2.2,40,1.4,200,100,Olahan,Jajanan & Gorengan,,75,Bakpao Kacang Manado Biapong Isi Kacang,Steamed Bun With Peanut Filling · Bakpao Kacang Manado Biapong Isi Kacang · 1 buah · Sulawesi Utara/Kacang & Camilan · src:Recipe calc · conf:medium
idn-biapong-unti,Biapong Unti,274.0,5.5,8.0,45.0,2.0,30,1.1,190,100,Olahan,Jajanan & Gorengan,,75,Bakpao Unti Bapao Manado Biapong Biapong Isi Unti,Steamed Bun With Coconut Palm Sugar Filling · Bakpao Unti Bapao Manado Biapong Biapong Isi Unti · 1 buah · Sulawesi Utara/Jajanan · src:Recipe calc · conf:medium
idn-jalangkote,Jalangkote,315.0,6.5,17.5,33.0,1.8,30,1.5,400,100,Olahan,Jajanan & Gorengan,,55,Jalang Kote Pastel Makassar Pastel Sulawesi,Fried Vegetable Pastry · Jalang Kote Pastel Makassar Pastel Sulawesi · 1 buah · Sulawesi Utara/Gorengan · src:Recipe calc · conf:high
idn-lalampa,Lalampa,198.0,6.0,7.0,27.5,1.0,18,0.9,320,100,Olahan,Jajanan & Gorengan,,70,Lalampa Manado Lemper Manado,Grilled Sticky Rice With Skipjack Filling · Lalampa Manado Lemper Manado · 1 buah · Sulawesi Utara/Serealia & Umbi · src:Recipe calc · conf:high
idn-panada,Panada,300.0,9.5,14.0,34.0,1.6,35,1.7,420,100,Olahan,Jajanan & Gorengan,,60,Panada Cakalang Panada Manado,Fried Bread Pocket With Skipjack · Panada Cakalang Panada Manado · 1 buah · Sulawesi Utara/Gorengan · src:Recipe calc · conf:high
idn-pisang-goroho-goreng,Pisang Goroho Goreng,266.0,1.5,12.0,38.0,2.6,12,0.6,30,100,Olahan,Jajanan & Gorengan,,100,Goroho Goreng Pisang Goroho,Fried Goroho Banana · Goroho Goreng Pisang Goroho · 1 porsi · Sulawesi Utara/Gorengan · src:Recipe calc · conf:high
idn-pisang-goroho-rebus,Pisang Goroho Rebus,116.0,1.2,0.3,27.5,2.4,10,0.5,5,100,Olahan,Jajanan & Gorengan,,90,Goroho Rebus,Boiled Goroho Banana · Goroho Rebus · 1 buah · Sulawesi Utara/Jajanan · src:Recipe calc · conf:high
idn-pisang-goroho-sambal-roa,Pisang Goroho Sambal Roa,260.0,3.3,12.3,34.0,2.5,25,1.0,160,100,Olahan,Jajanan & Gorengan,,110,Goroho Sambal Roa,Fried Goroho Banana With Roa Sambal · Goroho Sambal Roa · 1 porsi · Sulawesi Utara/Gorengan · src:Recipe calc · conf:medium
idn-arai-pinang,Arai Pinang,444.0,4.0,20.0,62.0,1.8,30,1.2,480,100,Olahan,Jajanan & Gorengan,,25,Arai Pinang Padang Karupuak Arai Pinang,Minang Fried Rice-Flour Crisp · Arai Pinang Padang Karupuak Arai Pinang · 1 genggam · Sumatera Barat/Keripik & Kerupuk · src:Recipe calc · conf:medium
idn-karak-kaliang,Karak Kaliang,450.0,3.0,22.0,60.0,2.4,30,1.2,380,100,Olahan,Jajanan & Gorengan,,25,Karak Kaliang Bukittinggi Karak Kaliang Payakumbuh,Minang Pretzel Cassava Snack · Karak Kaliang Bukittinggi Karak Kaliang Payakumbuh · 1 genggam · Sumatera Barat/Keripik & Kerupuk · src:Recipe calc · conf:medium
idn-kerupuk-jangek,Kerupuk Jangek,408.0,35.0,28.0,4.0,0.3,40,1.5,950,100,Olahan,Jajanan & Gorengan,,20,Karupuak Jangek Kerupuk Jangek Gulai Kerupuk Kulit Sapi Rambak,Puffed Beef Skin Cracker · Karupuak Jangek Kerupuk Jangek Gulai Kerupuk Kulit Sapi Rambak · 1 genggam · Sumatera Barat/Keripik & Kerupuk · src:TKPI · conf:high
idn-kerupuk-sanjai,Kerupuk Sanjai,473.0,2.0,25.0,60.0,3.0,35,1.0,320,100,Olahan,Jajanan & Gorengan,,25,Karupuak Sanjai Keripik Sanjai Original Keripik Singkong Sanjai Keripik Talas Padang,Bukittinggi Cassava Chips · Karupuak Sanjai Keripik Sanjai Original Keripik Singkong Sanjai Keripik Talas Padang · 1 genggam · Sumatera Barat/Keripik & Kerupuk · src:Recipe calc · conf:high
idn-kerupuk-sanjai-balado,Kerupuk Sanjai Balado,462.0,2.0,22.0,64.0,3.0,35,1.2,420,100,Olahan,Jajanan & Gorengan,,25,Karupuak Balado Keripik Balado Padang Sanjai Balado,Sweet Chili Cassava Chips · Karupuak Balado Keripik Balado Padang Sanjai Balado · 1 genggam · Sumatera Barat/Keripik & Kerupuk · src:Recipe calc · conf:high
idn-perkedel-kentang-padang,Perkedel Kentang Padang,216.0,5.0,12.0,22.0,1.8,22,1.0,380,100,Olahan,Jajanan & Gorengan,,45,Bergedel Padang Pakodel Kantang,Padang Potato Fritter · Bergedel Padang Pakodel Kantang · 1 buah · Sumatera Barat/Gorengan · src:Recipe calc · conf:high
idn-pinyaram,Pinyaram,339.0,3.0,15.0,48.0,1.2,40,1.4,90,100,Olahan,Jajanan & Gorengan,,45,Kue Cucur Minang Panyaram Pinyaram Padang,Minang Fried Palm Sugar Rice Cake · Kue Cucur Minang Panyaram Pinyaram Padang · 1 buah · Sumatera Barat/Gorengan · src:Recipe calc · conf:medium
idn-rakik-maco,Rakik Maco,441.0,14.0,25.0,40.0,2.2,320,3.0,780,100,Olahan,Jajanan & Gorengan,,35,Peyek Maco Padang Rakik Ikan Maco Rakik Udang,Anchovy Rice-Flour Fritter · Peyek Maco Padang Rakik Ikan Maco Rakik Udang · 2 keping · Sumatera Barat/Gorengan · src:Recipe calc · conf:medium
idn-sala-lauak,Sala Lauak,336.0,8.0,16.0,40.0,1.6,60,1.6,520,100,Olahan,Jajanan & Gorengan,,50,Sala Bulek Sala Lauak Pariaman,Pariaman Fried Fish Rice-Flour Ball · Sala Bulek Sala Lauak Pariaman · 2 buah · Sumatera Barat/Gorengan · src:Recipe calc · conf:medium
idn-kemplang-panggang,Kemplang Panggang,355.0,15.0,2.0,68.0,0.5,55,1.5,900,100,Olahan,Jajanan & Gorengan,,20,Kemplang Bakar Kemplang Palembang,Grilled Fish Cracker · Kemplang Bakar Kemplang Palembang · 3 keping · Sumatera Selatan/Keripik & Kerupuk · src:Recipe calc · conf:medium
idn-martabak-har,Martabak Har,265.0,10.0,16.0,20.0,0.9,45,2.0,460,100,Olahan,Jajanan & Gorengan,,180,Martabak Haji Abdul Rozak Martabak Telur Palembang,Palembang Indian-Style Egg Martabak · Martabak Haji Abdul Rozak Martabak Telur Palembang · 1 porsi · Sumatera Selatan/Martabak · src:Recipe calc · conf:medium
idn-otak-otak-palembang,Otak-Otak Palembang,175.0,11.0,9.0,12.0,0.4,40,1.0,560,100,Olahan,Jajanan & Gorengan,,30,Otak Otak Ikan Palembang Otak-Otak Bakar,Palembang Grilled Fish Paste Parcel · Otak Otak Ikan Palembang Otak-Otak Bakar · 1 buah · Sumatera Selatan/Ikan · src:Recipe calc · conf:medium
idn-pempek-dos,Pempek Dos,245.0,4.5,9.0,37.0,0.6,20,0.8,560,100,Olahan,Jajanan & Gorengan,,90,Pempek Dos Goreng Pempek Tanpa Ikan,Fishless Fried Tapioca Cake · Pempek Dos Goreng Pempek Tanpa Ikan · 2 buah · Sumatera Selatan/Ikan · src:Recipe calc · conf:medium
idn-kue-adee-meureudu,Kue Adee Meureudu,300.0,4.5,11.0,46.0,1.0,40,0.9,90,100,Olahan,Kue & Dessert,,60,Adee Meureudu Kue Adee,Acehnese Baked Cassava Custard Cake · Adee Meureudu Kue Adee · 1 potong · Aceh/Kue Basah · src:Recipe calc · conf:medium
idn-pisang-sale,Pisang Sale,285.0,2.0,1.0,68.0,4.0,20,1.0,10,100,Olahan,Kue & Dessert,,40,Pisang Sale Aceh Sale Pisang,Smoked Dried Banana · Pisang Sale Aceh Sale Pisang · 1 potong · Aceh/Kue Basah · src:NilaiGizi · conf:medium
idn-timphan-srikaya,Timphan Srikaya,245.0,3.5,7.0,42.0,1.2,25,0.8,60,100,Olahan,Kue & Dessert,,50,Timphan Aceh Timphan Sri Kaya,Acehnese Banana-Leaf Cake With Custard · Timphan Aceh Timphan Sri Kaya · 1 buah · Aceh/Kue Basah · src:Recipe calc · conf:medium
idn-bubuh-injin,Bubuh Injin,145.0,2.5,4.0,25.0,1.5,15,0.8,25,100,Olahan,Kue & Dessert,,200,Bubuh Injin Bali Bubur Injin,Balinese Black Glutinous Rice Porridge · Bubuh Injin Bali Bubur Injin · 1 mangkok · Bali/Bubur · src:Recipe calc · conf:high
idn-dadar-gulung-bali,Dadar Gulung Bali,245.0,4.0,10.0,34.0,2.0,25,1.0,90,100,Olahan,Kue & Dessert,,55,Dadar Unti Bali Jaje Dadar Gulung,Balinese Pandan Crepe With Coconut Filling · Dadar Unti Bali Jaje Dadar Gulung · 1 buah · Bali/Kue Basah · src:Recipe calc · conf:medium
idn-jaje-batun-bedil,Jaje Batun Bedil,205.0,2.5,5.0,38.5,0.8,15,0.6,40,100,Olahan,Kue & Dessert,,120,Batun Bedil Jaja Batun Bedil,Glutinous Rice Balls In Palm Sugar Coconut Sauce · Batun Bedil Jaja Batun Bedil · 1 porsi · Bali/Kue Basah · src:Recipe calc · conf:medium
idn-jaje-bendu,Jaje Bendu,245.0,3.5,8.0,40.0,2.0,20,0.8,45,100,Olahan,Kue & Dessert,,60,Bendu Jaje Bendu Bali,Balinese Grilled Glutinous Rice Roll With Coconut · Bendu Jaje Bendu Bali · 1 buah · Bali/Kue Basah · src:Recipe calc · conf:medium
idn-klepon-bali,Klepon Bali,210.0,2.5,5.5,38.0,1.5,15,0.6,30,100,Olahan,Kue & Dessert,,100,Jaje Klepon Klepon Bali Kelapa,Balinese Palm Sugar Filled Rice Balls · Jaje Klepon Klepon Bali Kelapa · 1 porsi (5 buah) · Bali/Kue Basah · src:Recipe calc · conf:medium
idn-laklak,Laklak,215.0,3.0,6.0,37.0,1.5,20,0.7,40,100,Olahan,Kue & Dessert,,100,Jaje Laklak Laklak Bali,Balinese Rice Flour Pancake With Palm Sugar · Jaje Laklak Laklak Bali · 1 porsi (5 buah) · Bali/Kue Basah · src:Recipe calc · conf:medium
idn-pia-susu-bali,Pia Susu Bali,418.0,6.0,17.0,60.0,1.2,70,1.2,180,100,Olahan,Kue & Dessert,,50,Pia Legong Pia Susu Pia Susu Asli Bali,Balinese Milk Filled Flaky Pia · Pia Legong Pia Susu Pia Susu Asli Bali · 2 buah · Bali/Roti & Pastry · src:Recipe calc · conf:medium
idn-pie-susu-bali,Pie Susu Bali,327.0,6.0,15.0,42.0,0.5,90,0.8,150,100,Olahan,Kue & Dessert,,60,Pie Susu Pie Susu Dhian Tart Susu Bali,Balinese Milk Custard Tart · Pie Susu Pie Susu Dhian Tart Susu Bali · 2 buah · Bali/Roti & Pastry · src:Recipe calc · conf:high
idn-pisang-rai,Pisang Rai,180.0,2.0,4.5,33.0,2.5,15,0.6,25,100,Olahan,Kue & Dessert,,70,Jaje Pisang Rai Pisang Rai Bali,Balinese Boiled Banana In Rice Flour Coating · Jaje Pisang Rai Pisang Rai Bali · 1 buah · Bali/Kue Basah · src:Recipe calc · conf:medium
idn-bay-tat,Bay Tat,355.0,5.0,15.0,50.0,1.0,30,1.2,130,100,Olahan,Kue & Dessert,,60,Bai Tat Bengkulu Kue Tat,Bengkulu Pineapple Jam Tart Cake · Bai Tat Bengkulu Kue Tat · 1 potong · Bengkulu/Kue Basah · src:Recipe calc · conf:low
idn-bakpia-cokelat,Bakpia Cokelat,373.0,6.5,14.0,55.0,2.0,45,1.9,120,100,Olahan,Kue & Dessert,,60,Bakpia Coklat Bakpia Isi Cokelat,Chocolate Filled Bakpia · Bakpia Coklat Bakpia Isi Cokelat · 2 buah · DI Yogyakarta/Roti & Pastry · src:Recipe calc · conf:medium
idn-bakpia-keju,Bakpia Keju,376.0,8.0,15.0,52.0,1.5,110,1.4,250,100,Olahan,Kue & Dessert,,60,Bakpia Cheese Bakpia Isi Keju,Cheese Filled Bakpia · Bakpia Cheese Bakpia Isi Keju · 2 buah · DI Yogyakarta/Roti & Pastry · src:Recipe calc · conf:medium
idn-bakpia-kering,Bakpia Kering,396.0,7.0,14.0,60.0,2.4,40,1.9,110,100,Olahan,Kue & Dessert,,50,Bakpia Kering Pathok Bakpia Panggang Kering,Dry Crisp Layered Bakpia · Bakpia Kering Pathok Bakpia Panggang Kering · 2 buah · DI Yogyakarta/Roti & Pastry · src:Recipe calc · conf:medium
idn-bakpia-kumbu-hitam,Bakpia Kumbu Hitam,347.0,6.0,11.0,56.0,3.0,40,2.2,90,100,Olahan,Kue & Dessert,,60,Bakpia Kacang Hitam Bakpia Kumbu,Black Bean Paste Filled Pastry · Bakpia Kacang Hitam Bakpia Kumbu · 2 buah · DI Yogyakarta/Roti & Pastry · src:Recipe calc · conf:medium
idn-bakpia-pathok-kacang-hijau,Bakpia Pathok Kacang Hijau,348.0,6.5,11.0,55.0,2.5,35,1.8,90,100,Olahan,Kue & Dessert,,60,Bakpia 25 Bakpia Kacang Ijo Bakpia Pathuk,Yogyakarta Mung Bean Filled Pastry · Bakpia 25 Bakpia Kacang Ijo Bakpia Pathuk · 2 buah · DI Yogyakarta/Roti & Pastry · src:Recipe calc · conf:high
idn-jadah-ketan,Jadah Ketan,213.0,3.2,8.0,32.0,1.0,15,0.6,210,100,Olahan,Kue & Dessert,,60,Gemblong Jadah Jadah Manis Ketan Uli Ketan,Savoury Pressed Glutinous Rice With Coconut · Gemblong Jadah Jadah Manis Ketan Uli Ketan · 1 potong · DI Yogyakarta/Kue Basah · src:Recipe calc · conf:high
idn-jadah-manten,Jadah Manten,233.0,6.0,9.5,31.0,1.0,25,0.9,320,100,Olahan,Kue & Dessert,,70,Jadah Manten Ayam Ketan Manten,Grilled Stuffed Glutinous Rice Parcel · Jadah Manten Ayam Ketan Manten · 1 buah · DI Yogyakarta/Kue Basah · src:Recipe calc · conf:medium
idn-semar-mendem,Semar Mendem,218.0,6.5,8.0,30.0,0.7,25,0.9,330,100,Olahan,Kue & Dessert,,70,Lemper Semar Mendem Semar Mendhem,Lemper Wrapped In Thin Egg Crepe · Lemper Semar Mendem Semar Mendhem · 1 buah · DI Yogyakarta/Kue Basah · src:Recipe calc · conf:medium
idn-dodol-betawi,Dodol Betawi,374.0,2.0,10.0,69.0,1.2,35,1.4,50,100,Olahan,Kue & Dessert,,40,Dodol Jakarta Dodol Ketan Betawi,Betawi Glutinous Rice Palm Sugar Toffee · Dodol Jakarta Dodol Ketan Betawi · 2 potong · DKI Jakarta/Kue Basah · src:Recipe calc · conf:high
idn-es-krim-goyang,Es Krim Goyang,165.0,1.5,6.5,25.5,0.3,25,0.4,30,100,Olahan,Kue & Dessert,,80,Es Goyang Es Krim Goyang Betawi,Shaken Coconut Milk Street Ice Cream · Es Goyang Es Krim Goyang Betawi · 1 cup (80 g) · DKI Jakarta/Es Krim & Dessert · src:Recipe calc · conf:medium
idn-kue-ape,Kue Ape,210.0,3.0,6.0,36.0,0.5,30,0.6,110,100,Olahan,Kue & Dessert,,50,Kue Ape Hijau Kue Tetek Serabi Jakarta,Jakarta Pandan Crepe Cake · Kue Ape Hijau Kue Tetek Serabi Jakarta · 1 buah · DKI Jakarta/Kue Basah · src:Recipe calc · conf:medium
idn-kue-jongkong,Kue Jongkong,193.0,1.6,6.5,32.0,1.0,15,0.4,45,100,Olahan,Kue & Dessert,,70,Jongkong Kue Jongkong Betawi,Steamed Coconut & Palm Sugar Rice Pudding · Jongkong Kue Jongkong Betawi · 1 bungkus · DKI Jakarta/Kue Basah · src:Recipe calc · conf:medium
idn-kue-pancong,Kue Pancong,246.0,2.8,15.0,25.0,2.5,20,0.7,180,100,Olahan,Kue & Dessert,,60,Bandros Betawi Kue Gandos Pancong,Coconut Rice Griddle Cake · Bandros Betawi Kue Gandos Pancong · 2 buah · DKI Jakarta/Kue Basah · src:Recipe calc · conf:high
idn-kue-pepe,Kue Pepe,227.0,0.5,5.5,44.0,0.3,10,0.3,45,100,Olahan,Kue & Dessert,,50,Kue Pepe Betawi Lapis Pepe,Chewy Layered Sago & Coconut Cake · Kue Pepe Betawi Lapis Pepe · 1 potong · DKI Jakarta/Kue Basah · src:Recipe calc · conf:medium
idn-kue-rangi,Kue Rangi,291.0,1.5,13.0,42.0,3.0,20,0.6,90,100,Olahan,Kue & Dessert,,50,Kue Rangi Betawi Sagu Rangi,Grilled Sago & Coconut Cake With Palm Sauce · Kue Rangi Betawi Sagu Rangi · 2 buah · DKI Jakarta/Kue Basah · src:Recipe calc · conf:medium
idn-kue-talam-ebi,Kue Talam Ebi,173.0,3.5,7.0,24.0,0.8,55,0.8,420,100,Olahan,Kue & Dessert,,50,Kue Talam Udang Kering Talam Ebi,Savoury Rice Flour Cake With Dried Shrimp · Kue Talam Udang Kering Talam Ebi · 1 buah · DKI Jakarta/Kue Basah · src:Recipe calc · conf:high
idn-putu-mayang,Putu Mayang,215.0,1.5,5.5,40.0,0.6,15,0.4,40,100,Olahan,Kue & Dessert,,70,Petulo Putu Mayang Kinca,Steamed Rice Noodle Nests With Palm Syrup · Petulo Putu Mayang Kinca · 2 buah · DKI Jakarta/Kue Basah · src:Recipe calc · conf:high
idn-kue-popaco,Kue Popaco,225.0,2.5,8.5,35.0,1.1,25,0.6,80,100,Olahan,Kue & Dessert,,50,Kue Popaco Gorontalo Popaco,Gorontalo Steamed Coconut Milk Cake · Kue Popaco Gorontalo Popaco · 1 buah · Gorontalo/Kue Basah · src:Recipe calc · conf:low
idn-apem-selong,Apem Selong,248.0,3.5,6.0,45.0,0.6,28,0.8,100,100,Olahan,Kue & Dessert,,50,Apem Selong Bandung Kue Apem Selong,Griddled Half-Moon Fermented Rice Cake · Apem Selong Bandung Kue Apem Selong · 1 buah · Jawa Barat/Kue Basah · src:Recipe calc · conf:medium
idn-awug,Awug,218.0,2.0,5.0,41.0,1.2,25,0.8,60,100,Olahan,Kue & Dessert,,80,Awug Bandung Awug Beras,Steamed Rice Flour & Palm Sugar Cone Cake · Awug Bandung Awug Beras · 1 potong · Jawa Barat/Kue Basah · src:Recipe calc · conf:medium
idn-bandros,Bandros,260.0,3.0,16.0,26.0,2.5,22,0.7,190,100,Olahan,Kue & Dessert,,60,Bandros Bandung Kue Bandros,Sundanese Coconut Griddle Cake · Bandros Bandung Kue Bandros · 2 buah · Jawa Barat/Kue Basah · src:Recipe calc · conf:high
idn-bolu-susu,Bolu Susu,319.0,6.5,13.0,44.0,0.5,90,1.2,180,100,Olahan,Kue & Dessert,,60,Bolu Susu Lembang Cake Susu,Milk Sponge Cake · Bolu Susu Lembang Cake Susu · 1 potong · Jawa Barat/Bolu & Cake · src:Recipe calc · conf:medium
idn-bolu-tape,Bolu Tape,322.0,5.5,14.0,44.0,1.0,35,1.1,180,100,Olahan,Kue & Dessert,,60,Bolu Tape Singkong Cake Tape,Fermented Cassava Sponge Cake · Bolu Tape Singkong Cake Tape · 1 potong · Jawa Barat/Bolu & Cake · src:Recipe calc · conf:high
idn-brownies-kukus-amanda,Brownies Kukus Amanda,375.0,6.0,18.0,47.0,2.0,55,2.2,200,100,Olahan,Kue & Dessert,,50,Brownies Amanda Brownies Kukus Keju Amanda,Amanda Style Steamed Layer Brownies · Brownies Amanda Brownies Kukus Keju Amanda · 1 potong · Jawa Barat/Bolu & Cake · src:Recipe calc · conf:medium
idn-cake-tape-keju,Cake Tape Keju,356.0,6.5,18.0,42.0,1.0,90,1.2,250,100,Olahan,Kue & Dessert,,60,Bolu Tape Keju Cake Tape Kismis Keju,Fermented Cassava Cheese Cake · Bolu Tape Keju Cake Tape Kismis Keju · 1 potong · Jawa Barat/Bolu & Cake · src:Recipe calc · conf:medium
idn-colenak,Colenak,232.0,1.5,4.5,46.0,1.8,30,0.8,30,100,Olahan,Kue & Dessert,,100,Colenak Bandung Dicocol Enak,Grilled Fermented Cassava With Coconut Palm Sugar · Colenak Bandung Dicocol Enak · 1 porsi · Jawa Barat/Kue Basah · src:Recipe calc · conf:medium
idn-dodol-garut,Dodol Garut,385.0,1.8,10.0,72.0,1.0,30,1.2,45,100,Olahan,Kue & Dessert,,40,Dodol Garut Ketan Dodol Picnic,Garut Coconut & Palm Sugar Toffee · Dodol Garut Ketan Dodol Picnic · 2 potong · Jawa Barat/Kue Basah · src:FatSecret ID · conf:high
idn-ketan-bakar,Ketan Bakar,228.0,4.0,8.5,34.0,1.2,25,0.8,300,100,Olahan,Kue & Dessert,,70,Ketan Bakar Serundeng Ketan Panggang,Grilled Coconut Glutinous Rice · Ketan Bakar Serundeng Ketan Panggang · 1 potong · Jawa Barat/Kue Basah · src:Recipe calc · conf:medium
idn-kue-mochi,Kue Mochi,296.0,4.5,6.0,56.0,1.5,30,1.0,40,100,Olahan,Kue & Dessert,,45,Kue Moci Kacang Mochi Sukabumi Moci,Glutinous Rice Cake With Peanut Filling · Kue Moci Kacang Mochi Sukabumi Moci · 3 buah · Jawa Barat/Kue Basah · src:Recipe calc · conf:high
idn-lapis-talas-bogor,Lapis Talas Bogor,332.0,5.0,15.0,45.0,1.5,45,1.0,180,100,Olahan,Kue & Dessert,,70,Bolu Lapis Talas Lapis Bogor Sangkuriang Lapis Talas,Bogor Steamed Taro Layer Cake · Bolu Lapis Talas Lapis Bogor Sangkuriang Lapis Talas · 1 potong · Jawa Barat/Kue Basah · src:Recipe calc · conf:medium
idn-ongol-ongol,Ongol-Ongol,202.0,0.4,4.5,40.0,1.0,12,0.4,30,100,Olahan,Kue & Dessert,,60,Ongol Ongol Ongol-Ongol Sagu,Chewy Sago Cake Coated In Grated Coconut · Ongol Ongol Ongol-Ongol Sagu · 2 potong · Jawa Barat/Kue Basah · src:Recipe calc · conf:high
idn-pais-pisang,Pais Pisang,153.0,1.5,3.5,29.0,1.6,12,0.4,30,100,Olahan,Kue & Dessert,,70,Nagasari Pais Pais Cau Pepes Pisang,Banana Steamed In Banana Leaf · Nagasari Pais Pais Cau Pepes Pisang · 1 bungkus · Jawa Barat/Kue Basah · src:Recipe calc · conf:medium
idn-peuyeum-bandung,Peuyeum Bandung,172.0,1.2,0.4,42.0,1.5,25,0.6,8,100,Olahan,Kue & Dessert,,100,Peuyeum Sampeu Tape Singkong Bandung,Fermented Cassava · Peuyeum Sampeu Tape Singkong Bandung · 1 potong · Jawa Barat/Kue Basah · src:TKPI · conf:high
idn-surabi-kinca,Surabi Kinca,235.0,3.0,7.5,39.0,0.8,30,0.7,120,100,Olahan,Kue & Dessert,,80,Serabi Kinca Surabi Manis,Rice Pancake With Palm Sugar Sauce · Serabi Kinca Surabi Manis · 1 buah · Jawa Barat/Kue Basah · src:Recipe calc · conf:medium
idn-surabi-oncom,Surabi Oncom,205.0,6.0,8.5,26.0,1.5,45,1.2,340,100,Olahan,Kue & Dessert,,70,Serabi Oncom Surabi Asin Bandung,Savoury Rice Pancake With Oncom · Serabi Oncom Surabi Asin Bandung · 1 buah · Jawa Barat/Tahu & Tempe · src:Recipe calc · conf:medium
idn-tape-ketan,Tape Ketan,172.0,3.0,0.5,39.0,0.6,12,0.5,10,100,Olahan,Kue & Dessert,,80,Peuyeum Ketan Tape Ketan Kuningan,Fermented Glutinous Rice · Peuyeum Ketan Tape Ketan Kuningan · 1 bungkus · Jawa Barat/Kue Basah · src:TKPI · conf:high
idn-arem-arem,Arem-Arem,162.0,3.5,4.5,27.0,0.9,15,0.6,300,100,Olahan,Kue & Dessert,,90,Arem Arem Isi Aremarem,Banana-Leaf Rice Roll With Savoury Filling · Arem Arem Isi Aremarem · 1 buah · Jawa Tengah/Kue Basah · src:Recipe calc · conf:high
idn-gethuk-trio,Gethuk Trio,198.0,1.4,4.5,38.0,1.8,25,0.6,50,100,Olahan,Kue & Dessert,,50,Gethuk Tri Warna Getuk Trio Magelang,Three-Colour Layered Cassava Cake · Gethuk Tri Warna Getuk Trio Magelang · 1 potong · Jawa Tengah/Kue Basah · src:Recipe calc · conf:medium
idn-getuk-lindri,Getuk Lindri,184.0,1.2,3.5,37.0,1.8,25,0.6,45,100,Olahan,Kue & Dessert,,50,Gethuk Lindri Getuk Lindri Warna,Sweetened Mashed Cassava Strands · Gethuk Lindri Getuk Lindri Warna · 1 potong · Jawa Tengah/Kue Basah · src:FatSecret ID · conf:high
idn-jenang-grendul,Jenang Grendul,157.0,1.3,3.5,30.0,0.7,18,0.6,30,100,Olahan,Kue & Dessert,,200,Grendul Jenang Grendhul,Cassava Dumpling Porridge In Palm Sugar · Grendul Jenang Grendhul · 1 mangkok · Jawa Tengah/Kue Basah · src:Recipe calc · conf:medium
idn-jenang-kudus,Jenang Kudus,370.0,2.2,9.5,69.0,1.0,35,1.3,60,100,Olahan,Kue & Dessert,,40,Dodol Kudus Jenang Mubarok,Kudus Coconut Palm Sugar Toffee · Dodol Kudus Jenang Mubarok · 2 potong · Jawa Tengah/Kue Basah · src:Recipe calc · conf:high
idn-klanting,Klanting,241.0,1.0,5.0,48.0,1.4,18,0.5,35,100,Olahan,Kue & Dessert,,60,Cenil Klanting Kelanting Klanti,Chewy Cassava Starch Ring Snack · Cenil Klanting Kelanting Klanti · 1 porsi · Jawa Tengah/Kue Basah · src:Recipe calc · conf:medium
idn-lemet-singkong,Lemet Singkong,241.0,1.5,7.0,43.0,2.5,25,0.7,40,100,Olahan,Kue & Dessert,,60,Lemet Timus Singkong Utri,Steamed Cassava & Coconut Roll · Lemet Timus Singkong Utri · 1 buah · Jawa Tengah/Kue Basah · src:Recipe calc · conf:medium
idn-lemper-ayam,Lemper Ayam,196.0,5.5,5.5,31.0,0.8,18,0.7,320,100,Olahan,Kue & Dessert,,60,Lemper Lemper Isi Ayam,Glutinous Rice Roll With Shredded Chicken · Lemper Lemper Isi Ayam · 1 buah · Jawa Tengah/Kue Basah · src:FatSecret ID · conf:high
idn-sawut-singkong,Sawut Singkong,193.0,1.2,4.0,38.0,2.2,22,0.7,30,100,Olahan,Kue & Dessert,,80,Sawut Sawut Singkong Gula Merah,Steamed Shredded Cassava With Palm Sugar · Sawut Sawut Singkong Gula Merah · 1 porsi · Jawa Tengah/Kue Basah · src:Recipe calc · conf:medium
idn-sentiling-singkong,Sentiling Singkong,206.0,1.3,5.0,39.0,2.0,20,0.6,45,100,Olahan,Kue & Dessert,,50,Cetil Singkong Gethuk Sentiling Sentiling,Steamed Coloured Cassava Cake · Cetil Singkong Gethuk Sentiling Sentiling · 1 potong · Jawa Tengah/Kue Basah · src:Recipe calc · conf:medium
idn-serabi-kocor,Serabi Kocor,180.0,1.8,5.0,32.0,0.6,18,0.5,90,100,Olahan,Kue & Dessert,,90,Serabi Kuah Serabi Kuah Kinca Srabi Kocor,Rice Pancake Drenched In Palm Sugar Syrup · Serabi Kuah Serabi Kuah Kinca Srabi Kocor · 1 porsi · Jawa Tengah/Kue Basah · src:Recipe calc · conf:medium
idn-serabi-notosuman-cokelat,Serabi Notosuman Cokelat,229.0,3.0,9.0,34.0,1.2,30,0.8,130,100,Olahan,Kue & Dessert,,50,Serabi Coklat Srabi Notosuman Coklat,Solo Rice Pancake With Chocolate Sprinkles · Serabi Coklat Srabi Notosuman Coklat · 1 buah · Jawa Tengah/Kue Basah · src:Recipe calc · conf:medium
idn-serabi-solo,Serabi Solo,202.0,2.4,8.0,30.0,0.8,20,0.5,130,100,Olahan,Kue & Dessert,,50,Serabi Notosuman Srabi Solo,Solo Coconut Rice Pancake · Serabi Notosuman Srabi Solo · 1 buah · Jawa Tengah/Kue Basah · src:Recipe calc · conf:high
idn-wajik-ketan,Wajik Ketan,278.0,2.8,6.5,52.0,1.0,25,0.9,25,100,Olahan,Kue & Dessert,,50,Wajik Gula Merah Wajik Ketan Jawa Wajit,Palm Sugar Glutinous Rice Diamond · Wajik Gula Merah Wajik Ketan Jawa Wajit · 1 potong · Jawa Tengah/Kue Basah · src:Recipe calc · conf:high
idn-cenil,Cenil,209.0,1.0,5.0,40.0,1.5,18,0.5,30,100,Olahan,Kue & Dessert,,70,Cenil Singkong Cenil Warna Cetil,Chewy Tapioca Cakes With Coconut & Palm Sugar · Cenil Singkong Cenil Warna Cetil · 1 porsi · Jawa Timur/Kue Basah · src:Recipe calc · conf:high
idn-es-puter-kelapa-muda,Es Puter Kelapa Muda,158.0,1.2,6.0,25.0,0.5,22,0.4,30,100,Olahan,Kue & Dessert,,100,Es Dung Dung Kelapa Es Puter,Young Coconut Traditional Churned Ice Cream · Es Dung Dung Kelapa Es Puter · 1 cup (100 g) · Jawa Timur/Es Krim & Dessert · src:Recipe calc · conf:medium
idn-kue-almond-crispy,Kue Almond Crispy,480.0,9.0,24.0,57.0,2.0,90,1.5,240,100,Olahan,Kue & Dessert,,30,Almond Crispy Cheese Kue Almond Tipis,Crispy Almond Cheese Wafer Cookie · Almond Crispy Cheese Kue Almond Tipis · 4 buah · Jawa Timur/Kue Kering · src:Recipe calc · conf:medium
idn-lapis-surabaya,Lapis Surabaya,402.0,6.5,24.0,40.0,0.6,40,1.4,180,100,Olahan,Kue & Dessert,,60,Kue Lapis Surabaya Spekkoek Surabaya Spiku,Three-Layer Rich Butter Sponge Cake · Kue Lapis Surabaya Spekkoek Surabaya Spiku · 1 potong · Jawa Timur/Kue Basah · src:Recipe calc · conf:high
idn-pia-kacang-ijo-basah,Pia Kacang Ijo Basah,340.0,6.5,10.0,55.0,2.6,35,1.8,95,100,Olahan,Kue & Dessert,,60,Pia Basah Kacang Ijo Pia Kacang Hijau,Soft Mung Bean Pia · Pia Basah Kacang Ijo Pia Kacang Hijau · 2 buah · Jawa Timur/Roti & Pastry · src:Recipe calc · conf:medium
idn-prol-tape,Prol Tape,278.0,5.5,12.0,37.0,1.2,45,1.0,150,100,Olahan,Kue & Dessert,,60,Prol Tape Jember Proltape,Jember Dense Fermented Cassava Cake · Prol Tape Jember Proltape · 1 potong · Jawa Timur/Bolu & Cake · src:Recipe calc · conf:medium
idn-spiku-surabaya,Spiku Surabaya,418.0,6.5,24.0,44.0,0.6,50,1.6,210,100,Olahan,Kue & Dessert,,60,Kue Spiku Lapis Surabaya Klasik Lapis Surabaya Spiku Spiku,Three Layer Surabaya Yolk Cake · Kue Spiku Lapis Surabaya Klasik Lapis Surabaya Spiku Spiku · 1 potong · Jawa Timur/Bolu & Cake · src:Recipe calc · conf:high
idn-bubur-gunting,Bubur Gunting,133.0,2.5,3.0,24.0,1.0,20,0.6,60,100,Olahan,Kue & Dessert,,250,Bubur Gunting Pontianak Liuk Teu San,Pontianak Mung Bean Sweet Soup With Fried Dough · Bubur Gunting Pontianak Liuk Teu San · 1 mangkok · Kalimantan Barat/Kue Basah · src:Recipe calc · conf:medium
idn-lek-tau-suan,Lek Tau Suan,127.0,3.5,1.5,25.0,1.5,20,0.8,40,100,Olahan,Kue & Dessert,,250,Bubur Kacang Hijau Kupas Lektau Suan,Split Mung Bean In Pandan Syrup With Crullers · Bubur Kacang Hijau Kupas Lektau Suan · 1 mangkok · Kalimantan Barat/Kue Basah · src:Recipe calc · conf:medium
idn-lempok-durian,Lempok Durian,318.0,2.5,4.5,67.0,3.0,20,0.8,20,100,Olahan,Kue & Dessert,,40,Dodol Durian Lempok Durian Pontianak,Durian Fudge Confection · Dodol Durian Lempok Durian Pontianak · 1 potong · Kalimantan Barat/Kue Basah · src:Recipe calc · conf:medium
idn-amparan-tatak-pisang,Amparan Tatak Pisang,195.0,2.0,7.0,31.0,1.4,20,0.5,60,100,Olahan,Kue & Dessert,,70,Amparan Tatak Wadai Amparan Tatak,Steamed Banana & Coconut Milk Layer Cake · Amparan Tatak Wadai Amparan Tatak · 1 potong · Kalimantan Selatan/Kue Basah · src:Recipe calc · conf:high
idn-apam-barabai,Apam Barabai,214.0,2.5,4.0,42.0,0.8,25,0.7,70,100,Olahan,Kue & Dessert,,50,Apam Barabai Hulu Sungai Wadai Apam,Barabai Steamed Palm Sugar Rice Cake · Apam Barabai Hulu Sungai Wadai Apam · 1 buah · Kalimantan Selatan/Kue Basah · src:Recipe calc · conf:medium
idn-babongko,Babongko,167.0,1.8,7.5,23.0,1.0,18,0.4,45,100,Olahan,Kue & Dessert,,70,Kue Babongko Wadai Babongko,Steamed Coconut Custard With Banana In Leaf · Kue Babongko Wadai Babongko · 1 bungkus · Kalimantan Selatan/Kue Basah · src:Recipe calc · conf:medium
idn-bingka-barandam,Bingka Barandam,264.0,5.0,8.0,43.0,0.5,30,1.0,90,100,Olahan,Kue & Dessert,,60,Bingka Berendam Wadai Bingka Barandam,Banjarese Steamed Egg Cake Soaked In Syrup · Bingka Berendam Wadai Bingka Barandam · 1 potong · Kalimantan Selatan/Kue Basah · src:Recipe calc · conf:medium
idn-bingka-kentang,Bingka Kentang,249.0,4.5,11.0,33.0,0.8,40,0.8,110,100,Olahan,Kue & Dessert,,70,Bingka Kantang Wadai Bingka Kentang,Banjarese Baked Potato Coconut Custard Cake · Bingka Kantang Wadai Bingka Kentang · 1 potong · Kalimantan Selatan/Kue Basah · src:Recipe calc · conf:high
idn-hintalu-karuang,Hintalu Karuang,176.0,1.8,5.0,31.0,0.8,15,0.5,30,100,Olahan,Kue & Dessert,,150,Bubur Hintalu Hintalu Karuang Banjar,Glutinous Rice Balls In Palm Sugar Coconut Sauce · Bubur Hintalu Hintalu Karuang Banjar · 1 mangkok · Kalimantan Selatan/Kue Basah · src:Recipe calc · conf:medium
idn-kalalapon,Kalalapon,231.0,2.5,5.5,43.0,1.5,15,0.6,30,100,Olahan,Kue & Dessert,,60,Kalalapon Banjar Klepon Banjar,Banjarese Glutinous Rice Balls With Palm Sugar · Kalalapon Banjar Klepon Banjar · 3 buah · Kalimantan Selatan/Kue Basah · src:Recipe calc · conf:medium
idn-lapis-india,Lapis India,340.0,5.0,16.0,44.0,0.5,35,1.2,130,100,Olahan,Kue & Dessert,,60,Kue Lapis India Lapis Banjar,Banjarese Spiced Layered Butter Cake · Kue Lapis India Lapis Banjar · 1 potong · Kalimantan Selatan/Kue Basah · src:Recipe calc · conf:medium
idn-lempeng-pisang,Lempeng Pisang,222.0,3.0,6.0,39.0,1.6,25,0.7,90,100,Olahan,Kue & Dessert,,60,Kue Lempeng Pisang Lampeng Pisang,Banjarese Pan-Fried Banana Pancake · Kue Lempeng Pisang Lampeng Pisang · 1 buah · Kalimantan Selatan/Kue Basah · src:Recipe calc · conf:medium
idn-wadai-ipau,Wadai Ipau,215.0,8.0,11.0,21.0,1.0,50,1.2,320,100,Olahan,Kue & Dessert,,80,Ipau Banjar Kue Ipau,Banjarese Layered Crepe Cake With Minced Meat · Ipau Banjar Kue Ipau · 1 potong · Kalimantan Selatan/Kue Basah · src:Recipe calc · conf:medium
idn-pisang-gapit,Pisang Gapit,185.0,1.5,3.5,37.0,2.0,15,0.6,25,100,Olahan,Kue & Dessert,,150,Pisang Gapit Samarinda Pisang Gepeng Kaltim,Kutai Grilled Pressed Banana With Palm Sugar Sauce · Pisang Gapit Samarinda Pisang Gepeng Kaltim · 1 porsi · Kalimantan Timur/Kue Basah · src:Recipe calc · conf:medium
idn-kue-rintak,Kue Rintak,445.0,2.5,16.0,72.0,1.0,20,0.6,70,100,Olahan,Kue & Dessert,,15,Kue Rintak Bangka Rintak Sagu,Bangka Sago Coconut Cookie · Kue Rintak Bangka Rintak Sagu · 2 keping · Kepulauan Bangka Belitung/Kue Kering · src:Recipe calc · conf:low
idn-martabak-bangka-manis,Martabak Bangka Manis,350.0,7.0,17.0,42.0,1.5,90,1.5,250,100,Olahan,Kue & Dessert,,100,Kue Terang Bulan Martabak Manis Martabak Manis Bangka Terang Bulan,Bangka Sweet Thick Pancake · Kue Terang Bulan Martabak Manis Martabak Manis Bangka Terang Bulan · 1 potong · Kepulauan Bangka Belitung/Martabak · src:Recipe calc · conf:high
idn-bagea,Bagea,397.0,4.0,9.0,75.0,2.0,40,1.4,60,100,Olahan,Kue & Dessert,,25,Bagea Kenari Kue Bagea,Moluccan Hard Sago & Kenari Cookie · Bagea Kenari Kue Bagea · 1 buah · Maluku/Kue Kering · src:Recipe calc · conf:medium
idn-bubur-sagu-ubi,Bubur Sagu Ubi,131.0,1.2,2.5,26.0,1.2,20,0.6,30,100,Olahan,Kue & Dessert,,200,Bubur Ne Bubur Sagu Maluku,Sago Pearl & Sweet Potato Palm Sugar Porridge · Bubur Ne Bubur Sagu Maluku · 1 mangkok · Maluku/Kue Basah · src:Recipe calc · conf:medium
idn-kue-sagu-kenari,Kue Sagu Kenari,440.0,5.5,18.0,64.0,2.5,60,1.6,80,100,Olahan,Kue & Dessert,,20,Kue Sagu Ambon Sagu Kenari,Sago & Kenari Nut Cookie · Kue Sagu Ambon Sagu Kenari · 1 buah · Maluku/Kue Kering · src:Recipe calc · conf:medium
idn-sagu-gula,Sagu Gula,356.0,0.8,1.0,86.0,2.5,35,1.2,20,100,Olahan,Kue & Dessert,,40,Sagu Gula Maluku Sagu Manis,Sago With Palm Sugar · Sagu Gula Maluku Sagu Manis · 1 potong · Maluku/Serealia & Umbi · src:Recipe calc · conf:medium
idn-sinole,Sinole,302.0,1.5,12.0,47.0,4.0,20,0.9,30,100,Olahan,Kue & Dessert,,60,Kue Sinole Sinole Gorontalo Sinole Maluku Sinoli,Sago & Grated Coconut Griddle Cake · Kue Sinole Sinole Gorontalo Sinole Maluku Sinoli · 1 potong · Maluku/Serealia & Umbi · src:Recipe calc · conf:medium
idn-agar-agar-santan,Agar-Agar Santan,102.0,0.6,4.0,16.0,0.8,12,0.2,25,100,Olahan,Kue & Dessert,,80,Agar Santan Puding Santan,Coconut Milk Agar Jelly · Agar Santan Puding Santan · 1 potong · Nasional/Kue Basah · src:Recipe calc · conf:high
idn-apem,Apem,232.0,3.0,4.5,45.0,0.6,25,0.8,90,100,Olahan,Kue & Dessert,,50,Apem Kukus Kue Apem,Steamed Fermented Rice Flour Cake · Apem Kukus Kue Apem · 1 buah · Nasional/Kue Basah · src:Recipe calc · conf:high
idn-apem-tape,Apem Tape,268.0,3.5,6.5,49.0,0.6,25,0.8,100,100,Olahan,Kue & Dessert,,50,Apem Tape Singkong Kue Apem Tapai,Fermented Cassava Steamed Cake · Apem Tape Singkong Kue Apem Tapai · 1 buah · Nasional/Kue Basah · src:Recipe calc · conf:medium
idn-black-forest,Black Forest,352.0,5.0,20.0,38.0,1.5,60,1.6,180,100,Olahan,Kue & Dessert,,80,Blackforest Cake Kue Black Forest,Chocolate Cherry Cream Layer Cake · Blackforest Cake Kue Black Forest · 1 potong · Nasional/Bolu & Cake · src:Recipe calc · conf:medium
idn-bolu-cokelat-kukus,Bolu Cokelat Kukus,320.0,5.5,14.0,43.0,1.6,40,1.8,170,100,Olahan,Kue & Dessert,,60,Bolu Coklat Kukus Cake Coklat Kukus,Steamed Chocolate Sponge Cake · Bolu Coklat Kukus Cake Coklat Kukus · 1 potong · Nasional/Bolu & Cake · src:Recipe calc · conf:high
idn-bolu-gulung-cokelat,Bolu Gulung Cokelat,381.0,6.2,20.0,44.0,1.4,50,1.8,200,100,Olahan,Kue & Dessert,,60,Bolu Gulung Coklat Roll Cake Coklat,Chocolate Swiss Roll · Bolu Gulung Coklat Roll Cake Coklat · 1 potong · Nasional/Bolu & Cake · src:Recipe calc · conf:high
idn-bolu-gulung-keju,Bolu Gulung Keju,389.0,7.0,21.0,43.0,0.6,90,1.3,300,100,Olahan,Kue & Dessert,,60,Bolu Gulung Cheese Roll Cake Keju,Cheese Swiss Roll · Bolu Gulung Cheese Roll Cake Keju · 1 potong · Nasional/Bolu & Cake · src:Recipe calc · conf:medium
idn-bolu-gulung-pandan,Bolu Gulung Pandan,380.0,6.0,20.0,44.0,0.7,45,1.3,200,100,Olahan,Kue & Dessert,,60,Bolu Gulung Hijau Roll Cake Pandan,Pandan Swiss Roll · Bolu Gulung Hijau Roll Cake Pandan · 1 potong · Nasional/Bolu & Cake · src:Recipe calc · conf:high
idn-bolu-gulung-srikaya,Bolu Gulung Srikaya,356.0,6.0,16.0,47.0,0.7,45,1.2,190,100,Olahan,Kue & Dessert,,60,Bolu Gulung Selai Srikaya Roll Cake Srikaya,Coconut Custard Swiss Roll · Bolu Gulung Selai Srikaya Roll Cake Srikaya · 1 potong · Nasional/Bolu & Cake · src:Recipe calc · conf:medium
idn-bolu-jadul,Bolu Jadul,328.0,7.0,12.0,48.0,0.6,40,1.5,170,100,Olahan,Kue & Dessert,,60,Bolu Ny Liem Bolu Panggang Jadul Bolu Sederhana,Old School Baked Sponge Cake · Bolu Ny Liem Bolu Panggang Jadul Bolu Sederhana · 1 potong · Nasional/Bolu & Cake · src:Recipe calc · conf:high
idn-bolu-karamel,Bolu Karamel,328.0,5.0,12.0,50.0,0.4,60,1.0,200,100,Olahan,Kue & Dessert,,60,Bolu Sarang Semut Caramel Cake Kue Sarang Semut,Caramel Honeycomb Steamed Cake · Bolu Sarang Semut Caramel Cake Kue Sarang Semut · 1 potong · Nasional/Bolu & Cake · src:Recipe calc · conf:high
idn-bolu-keju-panggang,Bolu Keju Panggang,372.0,8.0,20.0,40.0,0.6,140,1.3,320,100,Olahan,Kue & Dessert,,60,Bolu Cheese Panggang Cake Keju,Baked Cheese Sponge Cake · Bolu Cheese Panggang Cake Keju · 1 potong · Nasional/Bolu & Cake · src:Recipe calc · conf:medium
idn-bolu-ketan-hitam-panggang,Bolu Ketan Hitam Panggang,340.0,6.0,16.0,43.0,2.5,40,2.0,170,100,Olahan,Kue & Dessert,,60,Bolu Ketan Item Cake Ketan Hitam,Baked Black Glutinous Rice Cake · Bolu Ketan Item Cake Ketan Hitam · 1 potong · Nasional/Bolu & Cake · src:Recipe calc · conf:medium
idn-bolu-kukus-gula-merah,Bolu Kukus Gula Merah,300.0,4.5,6.0,57.0,0.8,45,1.6,140,100,Olahan,Kue & Dessert,,50,Bolkus Gula Jawa Bolu Kukus Gula Aren,Palm Sugar Steamed Sponge Cupcake · Bolkus Gula Jawa Bolu Kukus Gula Aren · 1 buah · Nasional/Kue Basah · src:Recipe calc · conf:high
idn-bolu-kukus-ketan-hitam,Bolu Kukus Ketan Hitam,294.0,4.8,6.5,54.0,1.8,35,1.5,140,100,Olahan,Kue & Dessert,,55,Bolkus Ketan Item Bolu Ketan Hitam Kukus,Black Glutinous Rice Steamed Sponge · Bolkus Ketan Item Bolu Ketan Hitam Kukus · 1 potong · Nasional/Kue Basah · src:Recipe calc · conf:medium
idn-bolu-kukus-mekar,Bolu Kukus Mekar,310.0,5.0,6.5,58.0,0.7,35,1.2,150,100,Olahan,Kue & Dessert,,50,Bolkus Mekar Bolu Kukus,Blooming Steamed Sponge Cupcake · Bolkus Mekar Bolu Kukus · 1 buah · Nasional/Kue Basah · src:Recipe calc · conf:high
idn-bolu-kukus-pandan,Bolu Kukus Pandan,306.0,4.8,6.5,57.0,0.7,35,1.2,150,100,Olahan,Kue & Dessert,,50,Bolkus Pandan Bolu Kukus Hijau,Pandan Steamed Sponge Cupcake · Bolkus Pandan Bolu Kukus Hijau · 1 buah · Nasional/Kue Basah · src:Recipe calc · conf:high
idn-bolu-marmer-kukus,Bolu Marmer Kukus,330.0,5.5,15.0,43.0,0.9,35,1.3,170,100,Olahan,Kue & Dessert,,60,Kue Marmer Kukus Marble Cake Kukus,Steamed Marble Sponge Cake · Kue Marmer Kukus Marble Cake Kukus · 1 potong · Nasional/Bolu & Cake · src:Recipe calc · conf:high
idn-bolu-pandan-panggang,Bolu Pandan Panggang,352.0,6.5,16.0,46.0,0.7,40,1.4,200,100,Olahan,Kue & Dessert,,60,Bolu Pandan Cake Pandan Panggang,Baked Pandan Sponge Cake · Bolu Pandan Cake Pandan Panggang · 1 potong · Nasional/Bolu & Cake · src:Recipe calc · conf:high
idn-bolu-pisang-kukus,Bolu Pisang Kukus,299.0,5.0,11.0,45.0,1.6,32,1.1,160,100,Olahan,Kue & Dessert,,60,Bolu Pisang Kukus Coklat Cake Pisang Kukus,Steamed Banana Cake · Bolu Pisang Kukus Coklat Cake Pisang Kukus · 1 potong · Nasional/Bolu & Cake · src:Recipe calc · conf:medium
idn-bolu-pisang-panggang,Bolu Pisang Panggang,332.0,5.5,14.5,45.0,1.5,35,1.2,190,100,Olahan,Kue & Dessert,,60,Banana Cake Bolu Pisang Cake Pisang,Baked Banana Cake · Banana Cake Bolu Pisang Cake Pisang · 1 potong · Nasional/Bolu & Cake · src:Recipe calc · conf:high
idn-bolu-ubi-ungu,Bolu Ubi Ungu,313.0,5.0,13.0,44.0,2.0,35,1.1,170,100,Olahan,Kue & Dessert,,60,Bolu Talas Ungu Cake Ubi Ungu,Purple Sweet Potato Cake · Bolu Talas Ungu Cake Ubi Ungu · 1 potong · Nasional/Bolu & Cake · src:Recipe calc · conf:medium
idn-bolu-zebra-kukus,Bolu Zebra Kukus,318.0,5.5,14.0,43.0,0.8,35,1.2,160,100,Olahan,Kue & Dessert,,60,Bolu Zebra Kue Zebra Kukus Zebra Cake Kukus,Steamed Zebra Striped Sponge Cake · Bolu Zebra Kue Zebra Kukus Zebra Cake Kukus · 1 potong · Nasional/Bolu & Cake · src:Recipe calc · conf:high
idn-brownies-kacang,Brownies Kacang,446.0,7.5,26.0,46.0,3.0,55,2.5,180,100,Olahan,Kue & Dessert,,50,Brownies Kacang Mede Brownies Nut,Walnut Peanut Brownies · Brownies Kacang Mede Brownies Nut · 1 potong · Nasional/Bolu & Cake · src:Recipe calc · conf:medium
idn-brownies-panggang,Brownies Panggang,430.0,5.5,24.0,48.0,2.5,50,2.4,190,100,Olahan,Kue & Dessert,,50,Bronis Panggang Brownies Oven Fudgy Brownies,Baked Fudgy Chocolate Brownies · Bronis Panggang Brownies Oven Fudgy Brownies · 1 potong · Nasional/Bolu & Cake · src:Recipe calc · conf:high
idn-bubur-biji-delima,Bubur Biji Delima,137.0,0.6,3.0,27.0,0.5,12,0.3,25,100,Olahan,Kue & Dessert,,200,Biji Delima Bubur Delima,Water Chestnut Pearls In Coconut Syrup · Biji Delima Bubur Delima · 1 mangkok · Nasional/Kue Basah · src:Recipe calc · conf:medium
idn-bubur-candil,Bubur Candil,152.0,1.2,3.0,30.0,0.6,15,0.5,30,100,Olahan,Kue & Dessert,,200,Biji Salak Bubur Biji Salak Jenang Candil,Glutinous Rice Balls In Palm Sugar Porridge · Biji Salak Bubur Biji Salak Jenang Candil · 1 mangkok · Nasional/Kue Basah · src:Recipe calc · conf:high
idn-bubur-ketan-hitam,Bubur Ketan Hitam,144.0,2.2,3.5,26.0,1.5,15,0.7,25,100,Olahan,Kue & Dessert,,200,Bubur Injin Bubur Ketan Item,Black Glutinous Rice Porridge · Bubur Injin Bubur Ketan Item · 1 mangkok · Nasional/Kue Basah · src:Recipe calc · conf:high
idn-bubur-mutiara,Bubur Mutiara,129.0,0.6,2.5,26.0,0.2,10,0.3,25,100,Olahan,Kue & Dessert,,200,Bubur Pacar Cina Bubur Sagu Mutiara,Sago Pearl Porridge In Coconut Milk · Bubur Pacar Cina Bubur Sagu Mutiara · 1 mangkok · Nasional/Kue Basah · src:Recipe calc · conf:high
idn-bubur-sumsum,Bubur Sumsum,109.0,1.2,4.0,17.0,0.3,12,0.3,35,100,Olahan,Kue & Dessert,,200,Bubur Sungsum Jenang Sumsum,Rice Flour Porridge With Palm Sugar Syrup · Bubur Sungsum Jenang Sumsum · 1 mangkok · Nasional/Kue Basah · src:Recipe calc · conf:high
idn-carabikang,Carabikang,236.0,2.4,6.5,42.0,0.5,20,0.5,70,100,Olahan,Kue & Dessert,,45,Bikang Mawar Kue Bikang Kue Cara Bikang,Steamed Blooming Rice Flour Cake · Bikang Mawar Kue Bikang Kue Cara Bikang · 1 buah · Nasional/Kue Basah · src:Recipe calc · conf:high
idn-cheesecake-kukus-jepang,Cheesecake Kukus Jepang,249.0,6.5,15.0,22.0,0.4,70,0.7,220,100,Olahan,Kue & Dessert,,70,Cheesecake Lembut Jepang Cotton Cheesecake,Japanese Cotton Cheesecake · Cheesecake Lembut Jepang Cotton Cheesecake · 1 potong · Nasional/Bolu & Cake · src:Recipe calc · conf:medium
idn-cheesecake-panggang,Cheesecake Panggang,328.0,6.0,22.0,26.0,0.5,80,0.7,300,100,Olahan,Kue & Dessert,,80,Baked Cheese Cake Kue Keju Panggang,Baked Cheesecake · Baked Cheese Cake Kue Keju Panggang · 1 potong · Nasional/Bolu & Cake · src:USDA analog · conf:medium
idn-chiffon-cake-pandan,Chiffon Cake Pandan,301.0,6.0,13.0,40.0,0.6,35,1.2,180,100,Olahan,Kue & Dessert,,55,Bolu Chiffon Pandan Chiffon Pandan,Pandan Chiffon Cake · Bolu Chiffon Pandan Chiffon Pandan · 1 potong · Nasional/Bolu & Cake · src:Recipe calc · conf:medium
idn-cupcake-butter-cream,Cupcake Butter Cream,401.0,5.0,21.0,48.0,0.7,45,1.2,250,100,Olahan,Kue & Dessert,,55,Cup Cake Butter Cream Kue Cupcake,Frosted Cupcake · Cup Cake Butter Cream Kue Cupcake · 1 buah · Nasional/Bolu & Cake · src:USDA analog · conf:medium
idn-dodol-nangka,Dodol Nangka,357.0,1.5,7.0,72.0,1.5,25,1.0,40,100,Olahan,Kue & Dessert,,40,Dodol Nangka Ketan Jenang Nangka,Jackfruit Toffee · Dodol Nangka Ketan Jenang Nangka · 2 potong · Nasional/Kue Basah · src:Recipe calc · conf:medium
idn-es-lilin,Es Lilin,85.0,0.2,0.3,21.0,0.1,5,0.1,10,100,Olahan,Kue & Dessert,,70,Es Mambo Sirup Es Tube,Frozen Syrup Ice Pop · Es Mambo Sirup Es Tube · 1 buah (70 g) · Nasional/Es Krim & Dessert · src:Recipe calc · conf:medium
idn-es-mambo,Es Mambo,110.0,1.5,2.5,20.5,0.5,30,0.4,25,100,Olahan,Kue & Dessert,,70,Es Mambo Kacang Ijo Es Mambo Susu,Frozen Milk & Mung Bean Ice Pop · Es Mambo Kacang Ijo Es Mambo Susu · 1 buah (70 g) · Nasional/Es Krim & Dessert · src:Recipe calc · conf:medium
idn-es-potong,Es Potong,175.0,1.8,6.5,28.0,0.4,30,0.5,35,100,Olahan,Kue & Dessert,,70,Es Potong Kelapa Es Potong Singapura,Sliced Coconut Milk Ice Bar · Es Potong Kelapa Es Potong Singapura · 1 potong (70 g) · Nasional/Es Krim & Dessert · src:Recipe calc · conf:medium
idn-kastengel,Kastengel,512.0,11.0,32.0,45.0,1.2,220,1.6,650,100,Olahan,Kue & Dessert,,40,Kaasstengels Kastengels Kue Keju,Dutch Indonesian Cheese Cookie Sticks · Kaasstengels Kastengels Kue Keju · 8 buah · Nasional/Kue Kering · src:Recipe calc · conf:high
idn-kastengel-edam,Kastengel Edam,517.0,12.0,33.0,43.0,1.2,280,1.7,750,100,Olahan,Kue & Dessert,,40,Kaasstengels Edam Kastengel Keju Edam,Edam Cheese Cookie Sticks · Kaasstengels Edam Kastengel Keju Edam · 8 buah · Nasional/Kue Kering · src:Recipe calc · conf:medium
idn-ketan-serundeng,Ketan Serundeng,246.0,4.0,10.0,35.0,2.0,25,0.9,250,100,Olahan,Kue & Dessert,,100,Ketan Kelapa Serundeng Ketan Sarikaya Gurih,Glutinous Rice With Spiced Grated Coconut · Ketan Kelapa Serundeng Ketan Sarikaya Gurih · 1 porsi · Nasional/Kue Basah · src:Recipe calc · conf:medium
idn-ketan-srikaya,Ketan Srikaya,242.0,3.5,8.0,39.0,0.8,30,0.7,60,100,Olahan,Kue & Dessert,,70,Ketan Sarikaya Ketan Serikaya,Glutinous Rice With Coconut Custard · Ketan Sarikaya Ketan Serikaya · 1 potong · Nasional/Kue Basah · src:Recipe calc · conf:medium
idn-ketan-susu,Ketan Susu,258.0,4.5,8.0,42.0,0.8,70,0.7,90,100,Olahan,Kue & Dessert,,120,Ketan Duren Susu Ketan Susu Kental,Glutinous Rice With Sweetened Condensed Milk · Ketan Duren Susu Ketan Susu Kental · 1 porsi · Nasional/Kue Basah · src:Recipe calc · conf:medium
idn-klepon-ketan-hitam,Klepon Ketan Hitam,244.0,3.2,7.5,41.0,2.5,30,1.2,25,100,Olahan,Kue & Dessert,,100,Kelepon Ketan Item Klepon Hitam,Black Glutinous Rice Klepon · Kelepon Ketan Item Klepon Hitam · 5 buah · Nasional/Kue Basah · src:Recipe calc · conf:medium
idn-klepon-ubi-ungu,Klepon Ubi Ungu,233.0,2.6,7.0,40.0,2.4,28,0.9,25,100,Olahan,Kue & Dessert,,100,Kelepon Ungu Klepon Ubi,Purple Sweet Potato Klepon · Kelepon Ungu Klepon Ubi · 5 buah · Nasional/Kue Basah · src:Recipe calc · conf:medium
idn-kolak-biji-salak,Kolak Biji Salak,151.0,1.0,3.0,30.0,1.0,14,0.5,25,100,Olahan,Kue & Dessert,,200,Biji Salak Kolak Kolek Biji Salak,Sweet Potato Dumplings In Coconut Syrup · Biji Salak Kolak Kolek Biji Salak · 1 mangkok · Nasional/Kue Basah · src:Recipe calc · conf:high
idn-kolak-campur,Kolak Campur,123.0,1.0,3.0,23.0,1.3,15,0.4,22,100,Olahan,Kue & Dessert,,250,Kolak Komplit Kolek Campur,"Mixed Kolak With Banana, Sweet Potato & Dumplings · Kolak Komplit Kolek Campur · 1 mangkok · Nasional/Kue Basah · src:Recipe calc · conf:high"
idn-kolak-labu-kuning,Kolak Labu Kuning,92.0,0.8,2.8,16.0,1.0,14,0.4,20,100,Olahan,Kue & Dessert,,200,Kolak Labu Kolek Waluh,Pumpkin In Palm Sugar Coconut Syrup · Kolak Labu Kolek Waluh · 1 mangkok · Nasional/Kue Basah · src:Recipe calc · conf:medium
idn-kolak-ubi,Kolak Ubi,125.0,0.9,2.8,24.0,1.4,16,0.4,20,100,Olahan,Kue & Dessert,,200,Kolak Ubi Jalar Kolek Ubi,Sweet Potato In Palm Sugar Coconut Syrup · Kolak Ubi Jalar Kolek Ubi · 1 mangkok · Nasional/Kue Basah · src:Recipe calc · conf:high
idn-kue-bugis,Kue Bugis,249.0,3.0,9.0,39.0,2.0,22,0.7,40,100,Olahan,Kue & Dessert,,50,Bugis Ketan Kue Bugis Unti Kue Mendut,Glutinous Rice Parcel With Sweet Coconut Filling · Bugis Ketan Kue Bugis Unti Kue Mendut · 1 buah · Nasional/Kue Basah · src:Recipe calc · conf:high
idn-kue-bugis-mandi,Kue Bugis Mandi,227.0,2.6,9.0,34.0,1.6,22,0.6,45,100,Olahan,Kue & Dessert,,70,Bugis Mandi Kue Mendut Mandi,Kue Bugis Bathed In Coconut Sauce · Bugis Mandi Kue Mendut Mandi · 1 buah · Nasional/Kue Basah · src:Recipe calc · conf:medium
idn-kue-bulan,Kue Bulan,416.0,6.0,14.0,66.0,2.5,30,2.0,200,100,Olahan,Kue & Dessert,,45,Kue Bulan Kacang Mooncake Tiong Chiu Pia,Lotus Or Bean Paste Mooncake · Kue Bulan Kacang Mooncake Tiong Chiu Pia · 1/4 buah · Nasional/Roti & Pastry · src:USDA analog · conf:medium
idn-kue-cantik-manis,Kue Cantik Manis,189.0,1.0,5.0,35.0,0.3,12,0.3,40,100,Olahan,Kue & Dessert,,50,Cente Manis Kue Cantik Manis Hunkwe,Mung Bean Starch Pudding With Sago Pearls · Cente Manis Kue Cantik Manis Hunkwe · 1 buah · Nasional/Kue Basah · src:Recipe calc · conf:medium
idn-kue-choco-chip,Kue Choco Chip,480.0,6.0,24.0,60.0,2.0,40,2.2,300,100,Olahan,Kue & Dessert,,40,Chocochip Cookies Coklat Chip Kue Kering Choco Chip,Chocolate Chip Cookie · Chocochip Cookies Coklat Chip Kue Kering Choco Chip · 3 buah · Nasional/Kue Kering · src:USDA analog · conf:high
idn-kue-cornflakes,Kue Cornflakes,496.0,6.0,27.0,57.0,1.2,60,3.0,260,100,Olahan,Kue & Dessert,,40,Cookies Cornflakes Kue Kering Cornflakes,Butter Cornflake Cluster Cookie · Cookies Cornflakes Kue Kering Cornflakes · 5 buah · Nasional/Kue Kering · src:Recipe calc · conf:medium
idn-kue-kacang,Kue Kacang,494.0,9.0,27.0,53.0,2.5,45,1.8,150,100,Olahan,Kue & Dessert,,40,Kue Kacang Lebaran Kue Kacang Tanah Peanut Cookies,Peanut Shortbread Cookie · Kue Kacang Lebaran Kue Kacang Tanah Peanut Cookies · 5 buah · Nasional/Kue Kering · src:Recipe calc · conf:high
idn-kue-keranjang,Kue Keranjang,342.0,1.5,0.5,83.0,0.5,15,0.8,15,100,Olahan,Kue & Dessert,,50,Dodol Cina Kue Bakul Nian Gao Ti Kwe,Chinese New Year Sticky Rice Cake · Dodol Cina Kue Bakul Nian Gao Ti Kwe · 1 potong · Nasional/Kue Basah · src:Recipe calc · conf:high
idn-kue-ku,Kue Ku,261.0,4.0,5.0,50.0,1.8,25,1.1,45,100,Olahan,Kue & Dessert,,45,Ang Ku Kueh Kue Thok Kue Tok,Red Tortoise Glutinous Cake With Mung Bean Paste · Ang Ku Kueh Kue Thok Kue Tok · 1 buah · Nasional/Kue Basah · src:Recipe calc · conf:high
idn-kue-lapis,Kue Lapis,216.0,1.5,6.0,39.0,0.5,15,0.4,50,100,Olahan,Kue & Dessert,,50,Kue Lapis Pelangi Kue Lapis Tepung Beras Lapis Beras,Steamed Layered Rice Flour Cake · Kue Lapis Pelangi Kue Lapis Tepung Beras Lapis Beras · 1 potong · Nasional/Kue Basah · src:Recipe calc · conf:high
idn-kue-lapis-sagu,Kue Lapis Sagu,233.0,0.6,6.5,43.0,0.4,12,0.3,50,100,Olahan,Kue & Dessert,,50,Kue Lapis Kanji Lapis Sagu,Steamed Layered Sago Starch Cake · Kue Lapis Kanji Lapis Sagu · 1 potong · Nasional/Kue Basah · src:Recipe calc · conf:high
idn-kue-lumpang,Kue Lumpang,215.0,1.4,5.0,41.0,0.6,15,0.4,45,100,Olahan,Kue & Dessert,,45,Kue Lumpang Hijau Lumpang Pandan,Steamed Rice Cake With Coconut Topping · Kue Lumpang Hijau Lumpang Pandan · 1 buah · Nasional/Kue Basah · src:Recipe calc · conf:medium
idn-kue-lumpur-labu,Kue Lumpur Labu,234.0,4.0,10.0,32.0,1.2,38,0.7,130,100,Olahan,Kue & Dessert,,50,Kue Lumpur Waluh Lumpur Labu Kuning,Pumpkin Coconut Custard Griddle Cake · Kue Lumpur Waluh Lumpur Labu Kuning · 1 buah · Nasional/Kue Basah · src:Recipe calc · conf:medium
idn-kue-mangkok,Kue Mangkok,234.0,2.5,4.5,46.0,0.7,25,0.9,60,100,Olahan,Kue & Dessert,,45,Apem Mangkok Fa Gao Kue Mangkuk,Steamed Blooming Rice Cup Cake · Apem Mangkok Fa Gao Kue Mangkuk · 1 buah · Nasional/Kue Basah · src:Recipe calc · conf:high
idn-kue-marmer,Kue Marmer,396.0,6.0,22.0,43.0,1.0,45,1.5,250,100,Olahan,Kue & Dessert,,60,Bolu Marmer Bolu Marmer Panggang Kue Marble Kue Marmar Marble Cake Marmer Cake,Marble Butter Cake · Bolu Marmer Bolu Marmer Panggang Kue Marble Kue Marmar Marble Cake Marmer Cake · 1 potong · Nasional/Bolu & Cake · src:Recipe calc · conf:high
idn-kue-mata-roda,Kue Mata Roda,216.0,0.8,5.0,42.0,0.8,12,0.3,40,100,Olahan,Kue & Dessert,,50,Kue Lapis Pisang Kue Roda Mata Roda,Sago Layer Cake With Banana Wheel · Kue Lapis Pisang Kue Roda Mata Roda · 1 potong · Nasional/Kue Basah · src:Recipe calc · conf:medium
idn-kue-nona-manis,Kue Nona Manis,209.0,2.5,7.0,34.0,0.4,25,0.4,55,100,Olahan,Kue & Dessert,,50,Kue Nonamanis Nona Manis,Steamed Rice Flour Cake With Coconut Custard Centre · Kue Nonamanis Nona Manis · 1 buah · Nasional/Kue Basah · src:Recipe calc · conf:medium
idn-kue-pisang-hunkwe,Kue Pisang Hunkwe,164.0,1.0,4.0,31.0,1.0,10,0.3,35,100,Olahan,Kue & Dessert,,60,Kue Hunkwe Pisang Kue Pisang Nagasari Hunkwe,Mung Bean Starch Banana Cake · Kue Hunkwe Pisang Kue Pisang Nagasari Hunkwe · 1 buah · Nasional/Kue Basah · src:Recipe calc · conf:high
idn-kue-putu-bambu,Kue Putu Bambu,231.0,2.2,6.0,42.0,1.6,30,0.9,30,100,Olahan,Kue & Dessert,,60,Kue Putu Putu Bambu Putu Bumbung,Steamed Rice Flour Tubes With Palm Sugar · Kue Putu Putu Bambu Putu Bumbung · 3 buah · Nasional/Kue Basah · src:Recipe calc · conf:high
idn-kue-rangin,Kue Rangin,276.0,1.8,13.0,38.0,3.2,20,0.6,120,100,Olahan,Kue & Dessert,,50,Kue Pancong Rangin Rangin,Crisp Coconut Sago Griddle Cake · Kue Pancong Rangin Rangin · 2 buah · Nasional/Kue Basah · src:Recipe calc · conf:medium
idn-kue-satu,Kue Satu,395.0,7.0,3.0,85.0,3.0,40,2.2,30,100,Olahan,Kue & Dessert,,30,Koya Kacang Ijo Kue Satu Kacang Hijau,Pressed Mung Bean Flour Sweet · Koya Kacang Ijo Kue Satu Kacang Hijau · 3 buah · Nasional/Kue Basah · src:Recipe calc · conf:medium
idn-kue-semprit,Kue Semprit,488.0,6.0,27.0,55.0,1.0,45,1.5,190,100,Olahan,Kue & Dessert,,40,Kue Semprit Mentega Semprit Susu Spritz Cookies,Piped Butter Cookie · Kue Semprit Mentega Semprit Susu Spritz Cookies · 5 buah · Nasional/Kue Kering · src:Recipe calc · conf:high
idn-kue-semprit-cokelat,Kue Semprit Cokelat,486.0,6.2,27.0,54.0,1.6,45,2.0,190,100,Olahan,Kue & Dessert,,40,Semprit Cokelat Meses Semprit Coklat,Chocolate Piped Butter Cookie · Semprit Cokelat Meses Semprit Coklat · 5 buah · Nasional/Kue Kering · src:Recipe calc · conf:medium
idn-kue-sus-vla,Kue Sus Vla,258.0,6.5,16.0,22.0,0.5,70,0.9,220,100,Olahan,Kue & Dessert,,60,Cream Puff Kue Soes Kue Sus,Choux Pastry With Custard Cream · Cream Puff Kue Soes Kue Sus · 1 buah · Nasional/Roti & Pastry · src:Recipe calc · conf:high
idn-kue-talam-jagung,Kue Talam Jagung,174.0,2.2,5.0,30.0,1.2,15,0.5,60,100,Olahan,Kue & Dessert,,50,Kue Talam Jagung Manis Talam Jagung,Sweet Corn Talam Cake · Kue Talam Jagung Manis Talam Jagung · 1 buah · Nasional/Kue Basah · src:Recipe calc · conf:medium
idn-kue-talam-pandan,Kue Talam Pandan,188.0,1.6,6.0,32.0,0.4,14,0.4,60,100,Olahan,Kue & Dessert,,50,Kue Talam Hijau Talam Pandan,Pandan Coconut Layered Rice Flour Cake · Kue Talam Hijau Talam Pandan · 1 buah · Nasional/Kue Basah · src:FatSecret ID · conf:high
idn-kue-talam-singkong,Kue Talam Singkong,198.0,1.2,5.5,36.0,1.5,18,0.5,55,100,Olahan,Kue & Dessert,,50,Kue Talam Ubi Kayu Talam Singkong,Cassava Talam Cake · Kue Talam Ubi Kayu Talam Singkong · 1 buah · Nasional/Kue Basah · src:Recipe calc · conf:medium
idn-kue-talam-ubi,Kue Talam Ubi,185.0,1.8,5.5,32.0,1.5,18,0.5,55,100,Olahan,Kue & Dessert,,50,Kue Talam Ubi Kuning Talam Ubi Jalar,Sweet Potato Talam Cake · Kue Talam Ubi Kuning Talam Ubi Jalar · 1 buah · Nasional/Kue Basah · src:Recipe calc · conf:high
idn-kue-talam-ubi-ungu,Kue Talam Ubi Ungu,181.0,1.8,5.5,31.0,1.6,18,0.5,55,100,Olahan,Kue & Dessert,,50,Kue Talam Ungu Talam Ubi Ungu,Purple Sweet Potato Talam Cake · Kue Talam Ungu Talam Ubi Ungu · 1 buah · Nasional/Kue Basah · src:Recipe calc · conf:high
idn-kue-tart-butter-cream,Kue Tart Butter Cream,384.0,5.0,20.0,46.0,0.6,45,1.1,220,100,Olahan,Kue & Dessert,,80,Kue Tart Kue Ulang Tahun Tart Butter Cream,Butter Cream Birthday Cake · Kue Tart Kue Ulang Tahun Tart Butter Cream · 1 potong · Nasional/Bolu & Cake · src:Recipe calc · conf:medium
idn-kue-zebra-panggang,Kue Zebra Panggang,372.0,6.5,20.0,40.0,1.0,45,1.4,220,100,Olahan,Kue & Dessert,,60,Bolu Zebra Bolu Zebra Panggang Cake Zebra Kue Zebra Zebra Cake,Baked Zebra Striped Butter Cake · Bolu Zebra Bolu Zebra Panggang Cake Zebra Kue Zebra Zebra Cake · 1 potong · Nasional/Bolu & Cake · src:Recipe calc · conf:high
idn-lapis-legit-keju,Lapis Legit Keju,490.0,8.5,32.0,41.0,0.5,120,1.8,330,100,Olahan,Kue & Dessert,,40,Lapis Legit Cheese Spekkoek Keju,Cheese Thousand Layer Cake · Lapis Legit Cheese Spekkoek Keju · 1 potong · Nasional/Kue Basah · src:Recipe calc · conf:medium
idn-lapis-legit-prune,Lapis Legit Prune,472.0,6.5,29.5,45.0,1.2,58,1.9,195,100,Olahan,Kue & Dessert,,40,Lapis Legit Buah Spekkoek Prune,Prune Thousand Layer Cake · Lapis Legit Buah Spekkoek Prune · 1 potong · Nasional/Kue Basah · src:Recipe calc · conf:medium
idn-lemper-abon,Lemper Abon,210.0,6.0,6.0,33.0,0.7,20,0.9,420,100,Olahan,Kue & Dessert,,60,Lemper Abon Sapi Lemper Isi Abon,Glutinous Rice Roll With Beef Floss · Lemper Abon Sapi Lemper Isi Abon · 1 buah · Nasional/Kue Basah · src:Recipe calc · conf:medium
idn-lidah-kucing,Lidah Kucing,472.0,6.0,24.0,58.0,0.8,30,1.3,200,100,Olahan,Kue & Dessert,,35,Cat Tongue Cookies Kue Lidah Kucing,Cat Tongue Butter Cookie · Cat Tongue Cookies Kue Lidah Kucing · 8 buah · Nasional/Kue Kering · src:Recipe calc · conf:high
idn-martabak-manis-cokelat-keju,Martabak Manis Cokelat Keju,385.0,8.0,20.0,43.0,1.5,140,1.5,300,100,Olahan,Kue & Dessert,,100,Martabak Manis Coklat Keju Terang Bulan Coklat Keju,Sweet Thick Pancake With Chocolate & Cheese · Martabak Manis Coklat Keju Terang Bulan Coklat Keju · 1 potong · Nasional/Martabak · src:Recipe calc · conf:high
idn-martabak-manis-red-velvet,Martabak Manis Red Velvet,395.0,7.5,21.0,44.0,1.2,130,1.4,290,100,Olahan,Kue & Dessert,,100,Martabak Red Velvet Terang Bulan Red Velvet,Red Velvet Sweet Thick Pancake · Martabak Red Velvet Terang Bulan Red Velvet · 1 potong · Nasional/Martabak · src:Recipe calc · conf:medium
idn-nagasari-labu,Nagasari Labu,174.0,2.2,5.0,30.0,1.4,20,0.5,45,100,Olahan,Kue & Dessert,,60,Nagasari Waluh Nogosari Labu Kuning,Pumpkin Steamed Rice Flour Cake · Nagasari Waluh Nogosari Labu Kuning · 1 buah · Nasional/Kue Basah · src:Recipe calc · conf:medium
idn-nastar,Nastar,472.0,6.0,26.0,54.0,1.2,40,1.6,210,100,Olahan,Kue & Dessert,,50,Kue Nastar Nanas Tart Nastar Nanas,Pineapple Jam Butter Tart Cookie · Kue Nastar Nanas Tart Nastar Nanas · 4 buah · Nasional/Kue Kering · src:Recipe calc · conf:high
idn-nastar-keju,Nastar Keju,484.0,7.0,28.0,51.0,1.2,110,1.6,300,100,Olahan,Kue & Dessert,,50,Nastar Cheese Nastar Keju Edam,Cheese Topped Pineapple Tart Cookie · Nastar Cheese Nastar Keju Edam · 4 buah · Nasional/Kue Kering · src:Recipe calc · conf:high
idn-puding-busa,Puding Busa,92.0,2.5,0.2,20.0,0.1,8,0.1,45,100,Olahan,Kue & Dessert,,80,Puding Buih Puding Busa Telur,Foamy Egg White Jelly Pudding · Puding Buih Puding Busa Telur · 1 potong · Nasional/Kue Basah · src:Recipe calc · conf:medium
idn-puding-cokelat-susu,Puding Cokelat Susu,118.0,2.8,3.0,20.0,0.3,70,0.3,50,100,Olahan,Kue & Dessert,,100,Puding Coklat Puding Susu Cokelat,Chocolate Milk Pudding · Puding Coklat Puding Susu Cokelat · 1 potong · Nasional/Kue Basah · src:Recipe calc · conf:high
idn-pukis-keju,Pukis Keju,324.0,6.5,14.0,43.0,0.7,120,1.0,300,100,Olahan,Kue & Dessert,,60,Kue Pukis Keju Pukis Cheese,Cheese-Topped Griddled Yeast Cake · Kue Pukis Keju Pukis Cheese · 2 buah · Nasional/Kue Basah · src:Recipe calc · conf:medium
idn-putri-salju-kacang-mede,Putri Salju Kacang Mede,518.0,7.5,32.0,50.0,1.5,45,1.8,180,100,Olahan,Kue & Dessert,,40,Putri Salju Kacang Putri Salju Mede,Cashew Snow Crescent Cookie · Putri Salju Kacang Putri Salju Mede · 5 buah · Nasional/Kue Kering · src:Recipe calc · conf:medium
idn-putu-ayu,Putu Ayu,283.0,4.5,9.5,45.0,1.0,30,0.8,120,100,Olahan,Kue & Dessert,,45,Kue Putu Ayu Putri Ayu,Steamed Pandan Sponge With Grated Coconut · Kue Putu Ayu Putri Ayu · 1 buah · Nasional/Kue Basah · src:Recipe calc · conf:high
idn-red-velvet-cake,Red Velvet Cake,387.0,5.0,21.0,45.0,1.0,55,1.2,240,100,Olahan,Kue & Dessert,,80,Cake Red Velvet Kue Red Velvet,Red Velvet Cream Cheese Cake · Cake Red Velvet Kue Red Velvet · 1 potong · Nasional/Bolu & Cake · src:USDA analog · conf:medium
idn-roti-kukus-cokelat,Roti Kukus Cokelat,318.0,5.5,8.5,55.0,1.2,45,1.4,160,100,Olahan,Kue & Dessert,,60,Bolu Kukus Cokelat Roti Kukus Coklat,Steamed Chocolate Cake · Bolu Kukus Cokelat Roti Kukus Coklat · 1 potong · Nasional/Kue Basah · src:Recipe calc · conf:medium
idn-sagu-keju,Sagu Keju,482.0,5.5,24.0,61.0,0.6,130,0.8,350,100,Olahan,Kue & Dessert,,35,Bangkit Keju Kue Sagu Keju Sagu Keju Santan,Melt In Mouth Sago Cheese Cookie · Bangkit Keju Kue Sagu Keju Sagu Keju Santan · 6 buah · Nasional/Kue Kering · src:Recipe calc · conf:high
idn-talam-ketan-srikaya,Talam Ketan Srikaya,233.0,3.2,8.0,37.0,0.8,28,0.7,60,100,Olahan,Kue & Dessert,,60,Kue Talam Ketan Srikaya Talam Sarikaya,Glutinous Rice Base With Coconut Custard Top · Kue Talam Ketan Srikaya Talam Sarikaya · 1 potong · Nasional/Kue Basah · src:Recipe calc · conf:medium
idn-terang-bulan-tipis-kering,Terang Bulan Tipis Kering,470.0,8.0,26.0,52.0,1.4,100,1.6,320,100,Olahan,Kue & Dessert,,60,Martabak Manis Tipker Martabak Tipis Kering,Thin Crisp Sweet Martabak · Martabak Manis Tipker Martabak Tipis Kering · 1 potong · Nasional/Martabak · src:Recipe calc · conf:medium
idn-jaje-tujak,Jaje Tujak,185.0,3.0,5.0,31.0,1.2,15,0.6,60,100,Olahan,Kue & Dessert,,70,Jaje Tujak Lombok Jaje Tujaq,Sasak Pounded Glutinous Rice Cake With Coconut · Jaje Tujak Lombok Jaje Tujaq · 1 potong · Nusa Tenggara Barat/Kue Basah · src:Recipe calc · conf:medium
idn-manjareal,Manjareal,380.0,7.0,14.0,56.0,2.0,35,1.2,80,100,Olahan,Kue & Dessert,,25,Kue Manjareal Manjareal Sumbawa,Sumbawa Rice Flour & Peanut Tartlet · Kue Manjareal Manjareal Sumbawa · 1 buah · Nusa Tenggara Barat/Kue Kering · src:Recipe calc · conf:low
idn-poteng-jaje-tujak,Poteng Jaje Tujak,215.0,3.0,3.5,43.0,1.0,12,0.6,25,100,Olahan,Kue & Dessert,,80,Poteng Jaje Tujaq Poteng Lombok,Sasak Fermented Glutinous Rice With Rice Cake · Poteng Jaje Tujaq Poteng Lombok · 1 potong · Nusa Tenggara Barat/Kue Basah · src:Recipe calc · conf:medium
idn-manggulu,Manggulu,340.0,8.0,9.0,57.0,4.0,35,1.5,20,100,Olahan,Kue & Dessert,,30,Kue Manggulu Manggulu Sumba,Sumbanese Banana & Peanut Roll · Kue Manggulu Manggulu Sumba · 1 buah · Nusa Tenggara Timur/Kue Basah · src:Recipe calc · conf:low
idn-rebok,Rebok,430.0,4.0,18.0,63.0,3.5,25,1.2,30,100,Olahan,Kue & Dessert,,20,Rebhok Rebok Flores,Manggarai Roasted Cassava Flour & Coconut Snack · Rebhok Rebok Flores · 1 sdm · Nusa Tenggara Timur/Kacang & Camilan · src:Recipe calc · conf:low
idn-kue-lontar,Kue Lontar,291.0,5.5,13.0,38.0,0.5,70,0.8,130,100,Olahan,Kue & Dessert,,80,Kue Lontar Papua Pie Susu Papua,Papuan Egg Custard Tart · Kue Lontar Papua Pie Susu Papua · 1 potong · Papua/Kue Basah · src:Recipe calc · conf:medium
idn-bolu-kemojo,Bolu Kemojo,300.0,5.0,13.0,41.0,0.8,35,1.0,120,100,Olahan,Kue & Dessert,,60,Bolu Kemojo Pekanbaru Bolu Kojo,Riau Pandan Coconut Cake · Bolu Kemojo Pekanbaru Bolu Kojo · 1 potong · Riau/Kue Basah · src:Recipe calc · conf:medium
idn-kue-bangkit,Kue Bangkit,430.0,3.0,12.0,76.0,0.6,25,0.7,80,100,Olahan,Kue & Dessert,,15,Kue Bangket Kuih Bangkit,Riau Sago Melt-In-Mouth Cookie · Kue Bangket Kuih Bangkit · 3 keping · Riau/Kue Kering · src:Recipe calc · conf:medium
idn-lempuk-durian,Lempuk Durian,340.0,2.5,4.0,72.0,3.0,20,0.8,20,100,Olahan,Kue & Dessert,,30,Dodol Durian Lempok Durian,Durian Fruit Toffee · Dodol Durian Lempok Durian · 1 potong · Riau/Kue Basah · src:Recipe calc · conf:medium
idn-cucur-bayao,Cucur Bayao,355.0,7.0,16.0,46.0,0.5,40,2.0,70,100,Olahan,Kue & Dessert,,40,Cucuru Bayao Kue Bayao,Bugis Egg Yolk Cake In Sugar Syrup · Cucuru Bayao Kue Bayao · 1 buah · Sulawesi Selatan/Kue Basah · src:Recipe calc · conf:medium
idn-dange,Dange,300.0,2.5,9.0,53.0,2.0,15,0.8,40,100,Olahan,Kue & Dessert,,40,Dange Sagu Kue Dange,Bugis Sago & Coconut Griddle Cake · Dange Sagu Kue Dange · 1 buah · Sulawesi Selatan/Kue Basah · src:Recipe calc · conf:medium
idn-es-palu-butung,Es Palu Butung,155.0,2.0,3.0,30.0,1.4,25,0.4,45,100,Olahan,Kue & Dessert,,250,Es Pallubutung Pallu Butung,Banana In Sweet Rice-Flour Coconut Sauce · Es Pallubutung Pallu Butung · 1 porsi · Sulawesi Selatan/Es Krim & Dessert · src:Recipe calc · conf:medium
idn-es-pisang-ijo,Es Pisang Ijo,165.0,2.0,3.5,32.0,1.5,25,0.5,45,100,Olahan,Kue & Dessert,,250,Es Pisang Hijau Pisang Ijo,Green-Wrapped Banana In Sweet Coconut Sauce · Es Pisang Hijau Pisang Ijo · 1 porsi · Sulawesi Selatan/Es Krim & Dessert · src:Recipe calc · conf:high
idn-kue-baruasa,Kue Baruasa,430.0,5.0,18.0,62.0,2.0,25,1.2,90,100,Olahan,Kue & Dessert,,25,Baruasa Baruasa Bugis,Bugis Coconut Rice-Flour Cookie · Baruasa Baruasa Bugis · 1 buah · Sulawesi Selatan/Kue Kering · src:Recipe calc · conf:medium
idn-kue-biji-nangka,Kue Biji Nangka,320.0,5.5,10.0,51.0,1.0,30,1.4,50,100,Olahan,Kue & Dessert,,25,Biji Nangka Kue Biji Nangka Bugis,Bugis Egg Yolk & Sweet Potato Balls In Syrup · Biji Nangka Kue Biji Nangka Bugis · 1 buah · Sulawesi Selatan/Kue Basah · src:Recipe calc · conf:medium
idn-kue-lapis-makassar,Kue Lapis Makassar,235.0,2.5,7.0,40.0,0.5,15,0.5,60,100,Olahan,Kue & Dessert,,60,Kue Lapis Sagu Makassar Lapis Makassar,Makassarese Steamed Layered Coconut Cake · Kue Lapis Sagu Makassar Lapis Makassar · 1 potong · Sulawesi Selatan/Kue Basah · src:Recipe calc · conf:medium
idn-pisang-epe,Pisang Epe,190.0,1.5,1.5,43.0,2.2,15,0.6,15,100,Olahan,Kue & Dessert,,150,Pisang Ape Pisang Epek,Grilled Pressed Banana With Palm Sugar Sauce · Pisang Ape Pisang Epek · 1 porsi · Sulawesi Selatan/Kue Basah · src:Recipe calc · conf:medium
idn-putu-cangkiri,Putu Cangkiri,230.0,3.0,5.0,43.0,1.5,15,0.7,30,100,Olahan,Kue & Dessert,,45,Kue Putu Cangkiri Putu Cangkir,Steamed Glutinous Rice Cake In Cup Mould · Kue Putu Cangkiri Putu Cangkir · 1 buah · Sulawesi Selatan/Kue Basah · src:Recipe calc · conf:medium
idn-roko-roko-unti,Roko-Roko Unti,215.0,2.5,7.5,34.0,2.2,18,0.7,35,100,Olahan,Kue & Dessert,,60,Barongko Unti Roko Roko Unti,Steamed Banana Roll With Coconut Filling · Barongko Unti Roko Roko Unti · 1 buah · Sulawesi Selatan/Kue Basah · src:Recipe calc · conf:medium
idn-sanggara-balanda,Sanggara Balanda,300.0,4.5,14.0,40.0,2.0,25,0.9,60,100,Olahan,Kue & Dessert,,80,Pisang Sanggara Balanda Sanggara Belanda,Fried Banana With Egg Custard Filling · Pisang Sanggara Balanda Sanggara Belanda · 1 buah · Sulawesi Selatan/Kue Basah · src:Recipe calc · conf:medium
idn-apang-bakar,Apang Bakar,265.0,3.5,7.5,46.0,1.3,30,1.0,120,100,Olahan,Kue & Dessert,,60,Apang Bakar Manado Apang Panggang,Baked Manado Palm Sugar Cake · Apang Bakar Manado Apang Panggang · 1 potong · Sulawesi Utara/Kue Basah · src:Recipe calc · conf:medium
idn-apang-coe,Apang Coe,217.0,2.5,3.5,44.0,1.2,25,0.9,90,100,Olahan,Kue & Dessert,,60,Apang Coe Manado Apang Manado,Steamed Palm Sugar Rice Cake · Apang Coe Manado Apang Manado · 1 potong · Sulawesi Utara/Kue Basah · src:Recipe calc · conf:medium
idn-bagea-kenari,Bagea Kenari,414.0,5.5,14.0,66.0,1.8,35,1.2,90,100,Olahan,Kue & Dessert,,40,Bagea Kue Bagea Kenari,Canarium Nut Sago Cookie · Bagea Kue Bagea Kenari · 2 buah · Sulawesi Utara/Kue Kering · src:Recipe calc · conf:medium
idn-brudel,Brudel,415.0,9.0,18.0,54.0,1.3,45,1.4,190,100,Olahan,Kue & Dessert,,70,Broeder Brudel Kismis Manado Brudel Manado Bruder Kue Brudel Kue Brudel Manado,Manado Raisin Butter Cake · Broeder Brudel Kismis Manado Brudel Manado Bruder Kue Brudel Kue Brudel Manado · 1 potong · Sulawesi Utara/Bolu & Cake · src:Recipe calc · conf:medium
idn-brudel-cokelat,Brudel Cokelat,420.0,7.2,24.0,43.0,1.4,70,1.9,225,100,Olahan,Kue & Dessert,,70,Broeder Cokelat Brudel Coklat Manado,Chocolate Brudel Cake · Broeder Cokelat Brudel Coklat Manado · 1 potong · Sulawesi Utara/Bolu & Cake · src:Recipe calc · conf:medium
idn-brudel-keju,Brudel Keju,385.0,8.5,19.5,44.0,1.2,110,1.4,300,100,Olahan,Kue & Dessert,,70,Broeder Keju Kue Brudel Keju,Cheese Brudel Cake · Broeder Keju Kue Brudel Keju · 1 potong · Sulawesi Utara/Bolu & Cake · src:Recipe calc · conf:medium
idn-brudel-kismis,Brudel Kismis,418.0,7.0,23.0,45.0,1.0,68,1.7,220,100,Olahan,Kue & Dessert,,70,Broeder Kismis Brudel Rum Kismis,Raisin Studded Brudel Cake · Broeder Kismis Brudel Rum Kismis · 1 potong · Sulawesi Utara/Bolu & Cake · src:Recipe calc · conf:medium
idn-dodol-amurang,Dodol Amurang,384.0,2.5,10.0,71.0,1.0,25,1.2,60,100,Olahan,Kue & Dessert,,30,Dodol Kenari Amurang Dodol Manado,Amurang Coconut Palm Sugar Toffee · Dodol Kenari Amurang Dodol Manado · 1 potong · Sulawesi Utara/Kue Basah · src:Recipe calc · conf:medium
idn-halua-kenari,Halua Kenari,480.0,9.0,28.0,48.0,3.0,60,2.0,20,100,Olahan,Kue & Dessert,,30,Halua Kenari Ambon Halua Kenari Manado Kenari Gula Kenari Gula Merah,Candied Canarium Nuts · Halua Kenari Ambon Halua Kenari Manado Kenari Gula Kenari Gula Merah · 1 potong · Sulawesi Utara/Kacang & Camilan · src:Recipe calc · conf:medium
idn-klappertaart-kukus,Klappertaart Kukus,216.0,3.8,12.5,22.0,1.0,75,0.5,110,100,Olahan,Kue & Dessert,,90,Klapertart Kukus Klapertart Tidak Dipanggang Klappertaart Lembut,Non-Baked Coconut Custard · Klapertart Kukus Klapertart Tidak Dipanggang Klappertaart Lembut · 1 cup · Sulawesi Utara/Kue Basah · src:Recipe calc · conf:high
idn-klappertaart-panggang,Klappertaart Panggang,245.0,4.5,14.5,24.0,1.2,70,0.6,130,100,Olahan,Kue & Dessert,,80,Klapertart Klapertart Panggang Klappertaart Klappertaart Oven,Baked Coconut Custard Tart · Klapertart Klapertart Panggang Klappertaart Klappertaart Oven · 1 potong · Sulawesi Utara/Kue Basah · src:Recipe calc · conf:high
idn-kolombeng,Kolombeng,390.0,7.0,9.5,69.0,1.0,40,1.3,150,100,Olahan,Kue & Dessert,,40,Kolombeng Manado Kue Kolombeng,Manado Sponge Cookie · Kolombeng Manado Kue Kolombeng · 2 buah · Sulawesi Utara/Kue Kering · src:Recipe calc · conf:medium
idn-kue-balapis-manado,Kue Balapis Manado,250.0,2.2,7.5,43.5,0.9,22,0.6,85,100,Olahan,Kue & Dessert,,55,Balapis Balapis Manado,Manado Green Layer Cake · Balapis Balapis Manado · 1 potong · Sulawesi Utara/Kue Basah · src:Recipe calc · conf:medium
idn-kue-bobengka,Kue Bobengka,263.0,4.0,11.0,37.0,1.8,40,1.0,120,100,Olahan,Kue & Dessert,,70,Bubengka Kue Bubengka Manado,Baked Coconut Cassava Cake · Bubengka Kue Bubengka Manado · 1 potong · Sulawesi Utara/Kue Basah · src:Recipe calc · conf:medium
idn-kue-cucur-manado,Kue Cucur Manado,320.0,3.0,12.0,50.0,1.0,30,1.2,110,100,Olahan,Kue & Dessert,,50,Cucur Manado Cucur Manado Gula Merah,Manado Palm Sugar Fritter Cake · Cucur Manado Cucur Manado Gula Merah · 1 buah · Sulawesi Utara/Kue Basah · src:Recipe calc · conf:medium
idn-kue-lampu-lampu,Kue Lampu-Lampu,232.0,2.2,7.0,39.0,1.0,20,0.5,70,100,Olahan,Kue & Dessert,,45,Kue Lampu Lampu Lampu Lampu Manado,Steamed Pandan Coconut Cup Cake · Kue Lampu Lampu Lampu Lampu Manado · 1 buah · Sulawesi Utara/Kue Basah · src:Recipe calc · conf:medium
idn-kue-lapis-manado,Kue Lapis Manado,246.0,2.0,6.5,45.0,0.8,20,0.5,80,100,Olahan,Kue & Dessert,,55,Lapis Manado,Manado Steamed Layer Cake · Lapis Manado · 1 potong · Sulawesi Utara/Kue Basah · src:Recipe calc · conf:medium
idn-kue-perahu,Kue Perahu,328.0,4.5,13.0,48.0,1.2,35,1.0,120,100,Olahan,Kue & Dessert,,50,Kue Perahu Manado,Manado Boat-Shaped Cake · Kue Perahu Manado · 1 buah · Sulawesi Utara/Kue Basah · src:Recipe calc · conf:low
idn-kue-pia-manado,Kue Pia Manado,396.0,7.0,15.0,58.0,2.5,30,1.6,130,100,Olahan,Kue & Dessert,,40,Bakpia Manado Pia Manado,Manado Mung Bean Pastry · Bakpia Manado Pia Manado · 1 buah · Sulawesi Utara/Kue Kering · src:Recipe calc · conf:medium
idn-onde-onde-manado,Onde-Onde Manado,248.0,2.5,6.0,46.0,1.8,20,0.9,60,100,Olahan,Kue & Dessert,,35,Klepen Manado Onde Onde Manado,Manado Glutinous Rice Coconut Ball · Klepen Manado Onde Onde Manado · 1 buah · Sulawesi Utara/Kue Basah · src:Recipe calc · conf:medium
idn-sagu-tumbu,Sagu Tumbu,404.0,4.0,12.0,70.0,1.5,25,1.0,70,100,Olahan,Kue & Dessert,,45,Sagu Tumbu Maluku Sagu Tumbu Manado,Baked Sago And Canarium Nut Cake · Sagu Tumbu Maluku Sagu Tumbu Manado · 1 potong · Sulawesi Utara/Kue Kering · src:Recipe calc · conf:medium
idn-ampiang-dadiah,Ampiang Dadiah,169.0,4.0,5.0,27.0,0.8,90,1.0,60,100,Olahan,Kue & Dessert,,180,Ampiang Dadiah Bukittinggi Dadiah Ampiang,Flattened Rice With Buffalo Curd · Ampiang Dadiah Bukittinggi Dadiah Ampiang · 1 porsi · Sumatera Barat/Roti & Pastry · src:Recipe calc · conf:medium
idn-bika-koto-gadang,Bika Koto Gadang,264.0,3.0,12.0,36.0,2.0,30,1.0,70,100,Olahan,Kue & Dessert,,60,Bika Koto Gadang Bukittinggi Bika Minang Bika Padang,Grilled Coconut Rice Cake From Koto Gadang · Bika Koto Gadang Bukittinggi Bika Minang Bika Padang · 1 potong · Sumatera Barat/Kue Basah · src:Recipe calc · conf:medium
idn-bolu-batik-padang,Bolu Batik Padang,382.0,6.5,20.0,44.0,1.0,40,1.4,180,100,Olahan,Kue & Dessert,,55,Bolu Batik Minang Bolu Gulung Batik Padang,Padang Marbled Sponge Roll · Bolu Batik Minang Bolu Gulung Batik Padang · 1 potong · Sumatera Barat/Bolu & Cake · src:Recipe calc · conf:medium
idn-bubur-kampiun,Bubur Kampiun,157.0,3.0,5.0,25.0,1.4,40,1.0,90,100,Olahan,Kue & Dessert,,250,Bubua Kampiun Bubur Campur Padang,Minang Mixed Sweet Porridge · Bubua Kampiun Bubur Campur Padang · 1 mangkok · Sumatera Barat/Kue Basah · src:Recipe calc · conf:medium
idn-dadiah,Dadiah,101.8,5.2,7.0,4.5,0.0,130,0.2,55,100,Olahan,Kue & Dessert,,100,Dadiah Kerbau Minang Dadih,Fermented Buffalo Milk Curd · Dadiah Kerbau Minang Dadih · 1 ruas bambu · Sumatera Barat/Es Krim & Dessert · src:TKPI · conf:medium
idn-galamai,Galamai,332.0,2.5,10.0,58.0,1.0,30,1.4,55,100,Olahan,Kue & Dessert,,35,Dodol Minang Galamai Payakumbuh Kalamai,Minang Palm Sugar Coconut Toffee · Dodol Minang Galamai Payakumbuh Kalamai · 1 potong · Sumatera Barat/Kue Basah · src:Recipe calc · conf:medium
idn-katan-durian,Katan Durian,247.0,3.5,9.0,38.0,1.8,26,0.9,45,100,Olahan,Kue & Dessert,,150,Katan Durian Minang Ketan Durian Padang,Sticky Rice With Durian Coconut Sauce · Katan Durian Minang Ketan Durian Padang · 1 porsi · Sumatera Barat/Es Krim & Dessert · src:Recipe calc · conf:medium
idn-kipang-kacang,Kipang Kacang,448.0,12.0,20.0,55.0,4.0,55,1.8,45,100,Olahan,Kue & Dessert,,35,Ampiang Kipang Kipang Kacang Minang,Peanut Palm Sugar Brittle · Ampiang Kipang Kipang Kacang Minang · 1 potong · Sumatera Barat/Kue Kering · src:Recipe calc · conf:medium
idn-kue-sapik,Kue Sapik,428.0,5.0,16.0,66.0,1.2,25,1.4,90,100,Olahan,Kue & Dessert,,30,Kue Kapik Kue Sepit Sapik Minang,Minang Crisp Folded Wafer · Kue Kapik Kue Sepit Sapik Minang · 3 buah · Sumatera Barat/Kue Kering · src:Recipe calc · conf:medium
idn-kue-talam-padang,Kue Talam Padang,200.0,2.5,6.0,34.0,0.8,26,0.6,90,100,Olahan,Kue & Dessert,,55,Kue Talam Minang Talam Padang,Padang Layered Coconut Talam Cake · Kue Talam Minang Talam Padang · 1 potong · Sumatera Barat/Kue Basah · src:Recipe calc · conf:medium
idn-lapek-bugih,Lapek Bugih,244.0,3.0,8.0,40.0,1.6,24,0.9,60,100,Olahan,Kue & Dessert,,60,Lapek Bugis Lepat Bugis Minang,Steamed Glutinous Rice Coconut Parcel · Lapek Bugis Lepat Bugis Minang · 1 buah · Sumatera Barat/Kue Basah · src:Recipe calc · conf:medium
idn-onde-onde-padang,Onde-Onde Padang,225.0,3.0,5.0,42.0,1.6,24,0.8,40,100,Olahan,Kue & Dessert,,55,Katan Inti Kue Ketan Berinti Onde-Onde Minang,Glutinous Balls With Palm Sugar Filling · Katan Inti Kue Ketan Berinti Onde-Onde Minang · 2 buah · Sumatera Barat/Kue Basah · src:Recipe calc · conf:medium
idn-wajik-minang,Wajik Minang,293.0,2.5,7.0,55.0,1.0,22,0.8,40,100,Olahan,Kue & Dessert,,50,Wajik Ketan Minang Wajik Padang,Minang Glutinous Rice Palm Sugar Cake · Wajik Ketan Minang Wajik Padang · 1 potong · Sumatera Barat/Kue Basah · src:Recipe calc · conf:medium
idn-bolu-kojo,Bolu Kojo,302.0,6.0,14.0,38.0,0.9,40,1.2,120,100,Olahan,Kue & Dessert,,60,Bolu Kemojo Palembang Bolu Kojo Palembang,Palembang Pandan Coconut Egg Cake · Bolu Kemojo Palembang Bolu Kojo Palembang · 1 potong · Sumatera Selatan/Bolu & Cake · src:Recipe calc · conf:medium
idn-engkak-ketan,Engkak Ketan,375.0,4.5,18.0,48.0,0.6,35,1.0,90,100,Olahan,Kue & Dessert,,50,Angkak Ketan Engkak Ketan Palembang,Palembang Glutinous Rice Butter Cake · Angkak Ketan Engkak Ketan Palembang · 1 potong · Sumatera Selatan/Kue Basah · src:Recipe calc · conf:medium
idn-kue-delapan-jam,Kue Delapan Jam,330.0,7.0,13.0,45.0,0.3,50,1.5,90,100,Olahan,Kue & Dessert,,50,Kue 8 Jam Kue Lapan Jam,Palembang Eight-Hour Steamed Egg Cake · Kue 8 Jam Kue Lapan Jam · 1 potong · Sumatera Selatan/Kue Basah · src:Recipe calc · conf:medium
idn-kue-maksuba,Kue Maksuba,380.0,7.5,20.0,42.0,0.3,55,1.6,110,100,Olahan,Kue & Dessert,,50,Kue Maksubah Maksuba,Palembang Layered Egg & Butter Cake · Kue Maksubah Maksuba · 1 potong · Sumatera Selatan/Kue Basah · src:Recipe calc · conf:medium
idn-srikaya-palembang,Srikaya Palembang,210.0,5.0,9.0,27.0,0.3,45,0.8,70,100,Olahan,Kue & Dessert,,60,Kue Srikaya Srikayo Palembang,Palembang Steamed Coconut Egg Custard · Kue Srikaya Srikayo Palembang · 1 potong · Sumatera Selatan/Kue Basah · src:Recipe calc · conf:medium
idn-bolu-gulung-meranti,Bolu Gulung Meranti,350.0,6.0,16.0,45.0,0.6,40,1.0,150,100,Olahan,Kue & Dessert,,60,Bolu Gulung Medan Bolu Meranti,Medan Swiss Roll Cake · Bolu Gulung Medan Bolu Meranti · 1 potong · Sumatera Utara/Kue Basah · src:Recipe calc · conf:medium
idn-itak-gurgur,Itak Gurgur,280.0,3.5,8.0,48.0,2.0,22,0.9,40,100,Olahan,Kue & Dessert,,60,Itak Gur-Gur Itak Gurgur Batak,Batak Rice Flour & Palm Sugar Mound · Itak Gur-Gur Itak Gurgur Batak · 1 buah · Sumatera Utara/Kue Basah · src:Recipe calc · conf:low
idn-lapet,Lapet,255.0,3.2,7.0,45.0,2.0,20,0.8,40,100,Olahan,Kue & Dessert,,70,Lampet Lapet Batak,Batak Steamed Glutinous Rice Cake · Lampet Lapet Batak · 1 buah · Sumatera Utara/Kue Basah · src:Recipe calc · conf:medium
idn-lapis-legit-medan,Lapis Legit Medan,425.0,6.0,26.0,42.0,0.5,35,1.2,110,100,Olahan,Kue & Dessert,,40,Kue Lapis Legit Spekkoek,Medan Thousand-Layer Spice Cake · Kue Lapis Legit Spekkoek · 1 potong · Sumatera Utara/Kue Basah · src:FatSecret ID · conf:high
idn-ombus-ombus,Ombus-Ombus,245.0,3.0,6.5,44.0,1.8,20,0.8,45,100,Olahan,Kue & Dessert,,50,Lampet Ombus Ombus Ombus Siborongborong,Batak Steamed Rice Cake With Palm Sugar · Lampet Ombus Ombus Ombus Siborongborong · 1 buah · Sumatera Utara/Kue Basah · src:Recipe calc · conf:medium
idn-pancake-durian-medan,Pancake Durian Medan,240.0,3.0,14.0,25.0,1.5,30,0.6,45,100,Olahan,Kue & Dessert,,50,Crepe Durian Medan Pancake Durian,Medan Durian Cream Crepe · Crepe Durian Medan Pancake Durian · 1 buah · Sumatera Utara/Kue Basah · src:Recipe calc · conf:medium
idn-ayam-tangkap,Ayam Tangkap,265.0,22.0,18.0,3.0,1.0,25,1.5,380,100,Olahan,Lauk Pauk,,150,Ayam Sampah Ayam Tangkap Aceh,Acehnese Fried Chicken With Crisp Herbs · Ayam Sampah Ayam Tangkap Aceh · 1 porsi · Aceh/Ayam · src:Recipe calc · conf:high
idn-sate-matang,Sate Matang,215.0,25.0,11.0,4.0,0.3,18,2.5,450,100,Olahan,Lauk Pauk,,140,Sate Matang Bireuen,Acehnese Sate Matang · Sate Matang Bireuen · 10 tusuk (tanpa kuah) · Aceh/Sate · src:Recipe calc · conf:medium
idn-sie-itek-aceh,Sie Itek Aceh,200.0,14.0,15.0,3.0,0.8,25,2.0,430,100,Olahan,Lauk Pauk,,150,Gulai Bebek Aceh Sie Itek,Acehnese Duck Curry · Gulai Bebek Aceh Sie Itek · 1 porsi · Aceh/Bebek & Unggas · src:Recipe calc · conf:medium
idn-sie-reuboh,Sie Reuboh,245.0,20.0,17.0,3.0,0.6,18,2.6,480,100,Olahan,Lauk Pauk,,120,Daging Reuboh Sie Reuboh Aceh Besar,Acehnese Vinegar-Braised Beef · Daging Reuboh Sie Reuboh Aceh Besar · 1 porsi · Aceh/Daging Sapi · src:Recipe calc · conf:medium
idn-ayam-betutu,Ayam Betutu,200.0,17.0,13.5,3.5,1.2,25,1.6,480,100,Olahan,Lauk Pauk,,150,Ayam Betutu Gilimanuk Betutu Ayam,Balinese Slow-Cooked Spiced Chicken · Ayam Betutu Gilimanuk Betutu Ayam · 1 porsi · Bali/Ayam · src:FatSecret ID · conf:high
idn-be-pasih-mesambel-matah,Be Pasih Mesambel Matah,195.0,20.0,12.0,2.0,0.8,30,1.0,400,100,Olahan,Lauk Pauk,,150,Be Pasih Matah Ikan Sambal Matah,Balinese Fish With Raw Shallot Lemongrass Sambal · Be Pasih Matah Ikan Sambal Matah · 1 porsi · Bali/Ikan · src:Recipe calc · conf:medium
idn-bebek-betutu,Bebek Betutu,245.0,16.0,19.0,3.5,1.2,25,2.4,470,100,Olahan,Lauk Pauk,,150,Bebek Betutu Bali Betutu Bebek,Balinese Slow-Cooked Spiced Duck · Bebek Betutu Bali Betutu Bebek · 1 porsi · Bali/Bebek & Unggas · src:Recipe calc · conf:medium
idn-ikan-bakar-jimbaran,Ikan Bakar Jimbaran,170.0,23.0,6.5,4.0,0.5,45,1.3,480,100,Olahan,Lauk Pauk,,180,Ikan Bakar Bali Ikan Bakar Sambal Jimbaran,Jimbaran-Style Grilled Fish · Ikan Bakar Bali Ikan Bakar Sambal Jimbaran · 1 ekor sedang · Bali/Ikan · src:Recipe calc · conf:medium
idn-lawar-merah-babi,Lawar Merah Babi,210.0,10.0,16.0,7.0,2.5,35,2.2,400,100,Olahan,Lauk Pauk,,100,Lawar Babi Merah Lawar Barak,Balinese Minced Pork Salad With Blood · Lawar Babi Merah Lawar Barak · 1 porsi · Bali/Babi · src:Recipe calc · conf:medium
idn-lawar-putih-ayam,Lawar Putih Ayam,175.0,11.0,12.0,6.0,2.5,35,1.6,380,100,Olahan,Lauk Pauk,,100,Lawar Ayam Lawar Putih,Balinese White Minced Chicken & Coconut Salad · Lawar Ayam Lawar Putih · 1 porsi · Bali/Ayam · src:Recipe calc · conf:medium
idn-sate-kakul,Sate Kakul,145.0,14.0,7.5,5.5,1.0,120,3.5,460,100,Olahan,Lauk Pauk,,80,Sate Kakul Bali Sate Keong Bali,Balinese Snail Satay · Sate Kakul Bali Sate Keong Bali · 1 porsi · Bali/Sate · src:Recipe calc · conf:low
idn-sate-lilit-ayam,Sate Lilit Ayam,230.0,18.0,15.5,4.0,1.5,35,1.2,440,100,Olahan,Lauk Pauk,,80,Sate Lilit Ayam Bali,Balinese Minced Chicken Satay On Lemongrass · Sate Lilit Ayam Bali · 1 porsi (4 tusuk) · Bali/Sate · src:Recipe calc · conf:medium
idn-sate-lilit-babi,Sate Lilit Babi,275.0,15.0,22.0,4.0,1.5,30,1.2,440,100,Olahan,Lauk Pauk,,80,Sate Lilit Be Celeng,Balinese Minced Pork Satay On Lemongrass · Sate Lilit Be Celeng · 1 porsi (4 tusuk) · Bali/Sate · src:Recipe calc · conf:medium
idn-sate-lilit-ikan,Sate Lilit Ikan,255.0,19.5,18.0,3.5,1.5,45,1.4,450,100,Olahan,Lauk Pauk,,80,Sate Lilit Bali Sate Lilit Tuna,Balinese Minced Fish Satay On Lemongrass · Sate Lilit Bali Sate Lilit Tuna · 1 porsi (4 tusuk) · Bali/Sate · src:FatSecret ID · conf:high
idn-sate-plecing,Sate Plecing,215.0,18.0,14.0,4.5,1.0,20,1.4,480,100,Olahan,Lauk Pauk,,100,Sate Bumbu Plecing Sate Plecing Bali,Balinese Satay With Spicy Tomato Chilli Sauce · Sate Bumbu Plecing Sate Plecing Bali · 1 porsi · Bali/Sate · src:Recipe calc · conf:medium
idn-timbungan,Timbungan,155.0,13.0,10.5,2.5,1.0,20,1.8,420,100,Olahan,Lauk Pauk,,200,Timbung Timbungan Bali,Balinese Meat Stew Cooked In Bamboo · Timbung Timbungan Bali · 1 porsi · Bali/Daging Sapi · src:Recipe calc · conf:low
idn-tum-ayam,Tum Ayam,180.0,15.0,12.0,3.5,1.0,20,1.2,430,100,Olahan,Lauk Pauk,,60,Pepes Tum Ayam Tum Ayam Bali,Balinese Steamed Minced Chicken In Banana Leaf · Pepes Tum Ayam Tum Ayam Bali · 1 bungkus · Bali/Ayam · src:Recipe calc · conf:medium
idn-tum-babi,Tum Babi,235.0,13.5,18.5,3.5,1.0,18,1.2,430,100,Olahan,Lauk Pauk,,60,Tum Babi Bali Tum Be Celeng,Balinese Steamed Minced Pork In Banana Leaf · Tum Babi Bali Tum Be Celeng · 1 bungkus · Bali/Babi · src:Recipe calc · conf:medium
idn-pecak-bandeng-banten,Pecak Bandeng Banten,168.0,16.0,10.0,3.5,0.7,55,1.6,450,100,Olahan,Lauk Pauk,,120,Bandeng Pecak Serang Pecak Bandeng,Banten Grilled Milkfish In Chilli Sauce · Bandeng Pecak Serang Pecak Bandeng · 1 potong · Banten/Ikan · src:Recipe calc · conf:medium
idn-rabeg-banten,Rabeg Banten,188.0,15.0,12.0,5.0,0.4,25,2.2,520,100,Olahan,Lauk Pauk,,120,Rabeg Kambing Rabeg Sultan Banten,Banten Sweet-Spiced Goat Stew · Rabeg Kambing Rabeg Sultan Banten · 1 porsi · Banten/Daging Sapi · src:Recipe calc · conf:low
idn-sate-bandeng-banten,Sate Bandeng Banten,195.0,16.0,12.0,5.5,0.4,65,1.8,420,100,Olahan,Lauk Pauk,,200,Sate Bandeng Sate Bandeng Serang,Banten Deboned Stuffed Milkfish Satay · Sate Bandeng Sate Bandeng Serang · 1 ekor · Banten/Sate · src:Recipe calc · conf:medium
idn-sate-bebek-cibeber,Sate Bebek Cibeber,232.0,21.0,14.0,5.0,0.3,20,2.4,470,100,Olahan,Lauk Pauk,,90,Sate Bebek Banten Sate Bebek Cilegon,Cibeber Duck Satay · Sate Bebek Banten Sate Bebek Cilegon · 5 tusuk · Banten/Sate · src:Recipe calc · conf:low
idn-bagar-hiu,Bagar Hiu,165.0,16.0,10.0,3.0,1.0,30,1.4,440,100,Olahan,Lauk Pauk,,180,Bagar Hiu Bengkulu Gulai Hiu,Bengkulu Shark Curry With Toasted Coconut · Bagar Hiu Bengkulu Gulai Hiu · 1 porsi · Bengkulu/Kue Basah · src:Recipe calc · conf:low
idn-pendap,Pendap,155.0,11.0,10.0,5.0,1.8,70,1.6,430,100,Olahan,Lauk Pauk,,150,Ikan Pais Bengkulu Pendap Bengkulu,Bengkulu Fish Steamed In Taro Leaf · Ikan Pais Bengkulu Pendap Bengkulu · 1 bungkus · Bengkulu/Ikan · src:Recipe calc · conf:medium
idn-ayam-areh,Ayam Areh,250.0,15.0,20.0,3.0,0.5,32,1.1,410,100,Olahan,Lauk Pauk,,90,Areh Ayam Ayam Kuah Areh Opor Areh,Chicken In Thick Coconut Cream · Areh Ayam Ayam Kuah Areh Opor Areh · 1 potong + kuah · DI Yogyakarta/Ayam · src:Recipe calc · conf:medium
idn-ayam-goreng-kalasan,Ayam Goreng Kalasan,235.0,22.0,15.0,3.0,0.2,20,1.2,460,100,Olahan,Lauk Pauk,,100,Ayam Goreng Klaten Ayam Kalasan,Kalasan Sweet Braised Fried Chicken · Ayam Goreng Klaten Ayam Kalasan · 1 potong · DI Yogyakarta/Ayam · src:Recipe calc · conf:high
idn-gudeg-basah,Gudeg Basah,125.0,3.0,5.0,17.0,2.5,45,1.2,340,100,Olahan,Lauk Pauk,,100,Gudeg Jogja Gudeg Nangka Gudheg Basah,Wet Jackfruit Stew · Gudeg Jogja Gudeg Nangka Gudheg Basah · 1 porsi · DI Yogyakarta/Lauk Lain · src:Recipe calc · conf:high
idn-gudeg-kering,Gudeg Kering,205.0,3.5,9.5,26.0,3.0,55,1.5,430,100,Olahan,Lauk Pauk,,90,Gudeg Kaleng Gudeg Wijilan Gudheg Kering,Dry Jackfruit Stew · Gudeg Kaleng Gudeg Wijilan Gudheg Kering · 1 porsi · DI Yogyakarta/Lauk Lain · src:Recipe calc · conf:high
idn-ingkung-ayam,Ingkung Ayam,232.0,18.0,16.5,3.0,0.4,28,1.3,380,100,Olahan,Lauk Pauk,,100,Ayam Ingkung Ingkung Ayam Kampung Ingkung Jawa,Whole Braised Coconut Chicken · Ayam Ingkung Ingkung Ayam Kampung Ingkung Jawa · 1 potong · DI Yogyakarta/Ayam · src:Recipe calc · conf:medium
idn-mangut-lele,Mangut Lele,155.0,15.0,9.0,3.5,0.6,32,1.4,500,100,Olahan,Lauk Pauk,,110,Lele Mangut Mangut Lele Jogja,Smoked Catfish In Spicy Coconut Gravy · Lele Mangut Mangut Lele Jogja · 1 ekor + kuah · DI Yogyakarta/Ikan · src:Recipe calc · conf:medium
idn-oseng-mercon,Oseng Mercon,196.0,14.0,14.0,3.5,0.8,26,2.2,700,100,Olahan,Lauk Pauk,,100,Mercon Jogja Oseng-Oseng Mercon,Fiery Beef Offal Stir-Fry · Mercon Jogja Oseng-Oseng Mercon · 1 porsi · DI Yogyakarta/Sayur · src:Recipe calc · conf:medium
idn-sambal-goreng-krecek,Sambal Goreng Krecek,228.0,9.0,16.0,12.0,2.0,40,1.6,620,100,Olahan,Lauk Pauk,,60,Krecek Krecek Tolo Sambel Goreng Krecek,Beef Rind & Cowpea Sambal · Krecek Krecek Tolo Sambel Goreng Krecek · 1 sendok sayur · DI Yogyakarta/Gorengan · src:Recipe calc · conf:high
idn-sate-klathak,Sate Klathak,203.0,22.0,12.5,0.5,0.0,16,2.5,380,100,Olahan,Lauk Pauk,,90,Sate Klatak Sate Klathak Imogiri,Salt-Grilled Mutton Satay · Sate Klatak Sate Klathak Imogiri · 2 tusuk · DI Yogyakarta/Sate · src:Recipe calc · conf:high
idn-gabus-pucung,Gabus Pucung,108.0,12.0,5.5,3.0,0.5,30,1.2,450,100,Olahan,Lauk Pauk,,150,Gabus Pucung Betawi Pucung Gabus,Snakehead Fish In Black Keluak Broth · Gabus Pucung Betawi Pucung Gabus · 1 porsi · DKI Jakarta/Ikan · src:Recipe calc · conf:medium
idn-pecak-gurame,Pecak Gurame,145.0,15.0,8.0,3.0,0.6,40,1.2,420,100,Olahan,Lauk Pauk,,120,Gurame Pecak Pecak Ikan Gurame,Grilled Carp In Chilli Coconut Sauce · Gurame Pecak Pecak Ikan Gurame · 1 potong · DKI Jakarta/Ikan · src:Recipe calc · conf:medium
idn-pindang-bandeng-betawi,Pindang Bandeng Betawi,132.0,14.0,7.0,3.5,0.3,50,1.4,470,100,Olahan,Lauk Pauk,,120,Bandeng Pindang Betawi Pindang Bandeng,Milkfish In Sour Soy Broth · Bandeng Pindang Betawi Pindang Bandeng · 1 potong + kuah · DKI Jakarta/Ikan · src:Recipe calc · conf:medium
idn-sate-ayam-bumbu-kacang-jakarta,Sate Ayam Bumbu Kacang Jakarta,222.0,19.0,13.5,6.5,1.0,25,1.4,460,100,Olahan,Lauk Pauk,,100,Sate Ayam Bumbu Kacang Sate Ayam Jakarta,Jakarta Chicken Satay With Peanut Sauce · Sate Ayam Bumbu Kacang Sate Ayam Jakarta · 5 tusuk + bumbu · DKI Jakarta/Sate · src:Recipe calc · conf:high
idn-semur-daging-betawi,Semur Daging Betawi,196.0,16.0,11.5,7.0,0.3,20,2.4,520,100,Olahan,Lauk Pauk,,100,Semur Betawi Semur Daging Sapi,Betawi Beef In Sweet Soy Stew · Semur Betawi Semur Daging Sapi · 1 porsi · DKI Jakarta/Daging Sapi · src:Recipe calc · conf:high
idn-semur-jengkol-betawi,Semur Jengkol Betawi,158.0,5.5,5.0,22.0,4.0,30,1.5,480,100,Olahan,Lauk Pauk,,100,Jengkol Semur Semur Jengkol,Braised Dogfruit In Sweet Soy · Jengkol Semur Semur Jengkol · 1 porsi · DKI Jakarta/Lauk Lain · src:Recipe calc · conf:medium
idn-semur-tahu-kentang,Semur Tahu Kentang,128.0,5.5,6.5,12.0,1.2,90,1.4,450,100,Olahan,Lauk Pauk,,100,Semur Kentang Tahu Semur Tahu,Tofu & Potato In Sweet Soy Stew · Semur Kentang Tahu Semur Tahu · 1 porsi · DKI Jakarta/Tahu & Tempe · src:Recipe calc · conf:medium
idn-ayam-iloni,Ayam Iloni,215.0,19.0,14.0,3.5,0.5,22,1.1,440,100,Olahan,Lauk Pauk,,120,Ayam Panggang Iloni Iloni Ayam,Gorontalo Grilled Coconut Chicken · Ayam Panggang Iloni Iloni Ayam · 1 potong · Gorontalo/Ayam · src:Recipe calc · conf:medium
idn-bilenthango,Bilenthango,185.0,21.0,9.5,3.5,0.7,30,1.4,430,100,Olahan,Lauk Pauk,,150,Ikan Bilenthango Ilabulo Bilenthango,Gorontalo Pan-Grilled Chili Fish · Ikan Bilenthango Ilabulo Bilenthango · 1 ekor sedang · Gorontalo/Ikan · src:Recipe calc · conf:medium
idn-ikan-nike-goreng,Ikan Nike Goreng,210.0,20.0,13.0,2.0,0.1,350,2.5,400,100,Olahan,Lauk Pauk,,80,Nike Goreng,Fried Nike Whitebait · Nike Goreng · 1 porsi · Gorontalo/Ikan · src:Recipe calc · conf:medium
idn-sate-tuna-gorontalo,Sate Tuna Gorontalo,164.0,22.0,6.0,5.0,0.3,20,1.5,450,100,Olahan,Lauk Pauk,,100,Sate Ikan Gorontalo Sate Tuna,Gorontalo Tuna Satay · Sate Ikan Gorontalo Sate Tuna · 5 tusuk · Gorontalo/Sate · src:Recipe calc · conf:medium
idn-gulai-ikan-baung,Gulai Ikan Baung,130.0,12.5,8.0,3.0,0.8,35,1.0,420,100,Olahan,Lauk Pauk,,200,Gulai Baung Gulai Ikan Baung Jambi,Jambi Baung Catfish Coconut Curry · Gulai Baung Gulai Ikan Baung Jambi · 1 porsi · Jambi/Ikan · src:Recipe calc · conf:medium
idn-gulai-tempoyak-ikan-patin,Gulai Tempoyak Ikan Patin,140.0,10.0,8.5,6.5,1.2,30,1.0,430,100,Olahan,Lauk Pauk,,200,Gulai Patin Tempoyak Patin Tempoyak,Catfish Curry With Fermented Durian · Gulai Patin Tempoyak Patin Tempoyak · 1 porsi · Jambi/Ikan · src:Recipe calc · conf:medium
idn-ayam-bakar-sunda,Ayam Bakar Sunda,215.0,24.0,11.5,4.0,0.3,20,1.3,420,100,Olahan,Lauk Pauk,,120,Ayam Bakar Kecap Sunda Ayam Bakar Lalapan,Sundanese Grilled Chicken · Ayam Bakar Kecap Sunda Ayam Bakar Lalapan · 1 potong · Jawa Barat/Ayam · src:Recipe calc · conf:high
idn-ayam-goreng-sunda,Ayam Goreng Sunda,248.0,25.0,15.5,2.0,0.2,18,1.4,400,100,Olahan,Lauk Pauk,,110,Ayam Goreng Kuning Ayam Goreng Lalapan,Sundanese Fried Turmeric Chicken · Ayam Goreng Kuning Ayam Goreng Lalapan · 1 potong · Jawa Barat/Ayam · src:Recipe calc · conf:high
idn-gurame-bakar,Gurame Bakar,158.0,19.0,8.0,3.0,0.2,45,1.0,380,100,Olahan,Lauk Pauk,,120,Gurame Bakar Kecap Gurami Bakar,Grilled Giant Gourami · Gurame Bakar Kecap Gurami Bakar · 1 potong · Jawa Barat/Ikan · src:Recipe calc · conf:high
idn-ikan-asin-jambal-roti,Ikan Asin Jambal Roti,285.0,32.0,15.0,3.0,0.2,200,2.5,2600,100,Olahan,Lauk Pauk,,30,Ikan Asin Jambal Jambal Roti Goreng,Fried Salted Jambal Fish · Ikan Asin Jambal Jambal Roti Goreng · 1 potong kecil · Jawa Barat/Roti & Pastry · src:Recipe calc · conf:medium
idn-ikan-peda-goreng,Ikan Peda Goreng,290.0,30.0,18.0,0.5,0.0,200,2.5,2200,100,Olahan,Lauk Pauk,,40,Ikan Asin Peda Peda Goreng,Fried Salted Peda Fish · Ikan Asin Peda Peda Goreng · 1 ekor kecil · Jawa Barat/Ikan · src:TKPI · conf:medium
idn-oncom-goreng,Oncom Goreng,205.0,11.0,12.0,13.0,3.5,65,2.5,320,100,Olahan,Lauk Pauk,,50,Oncom Bakar Oncom Goreng Tepung,Fried Fermented Peanut Cake · Oncom Bakar Oncom Goreng Tepung · 2 potong · Jawa Barat/Tahu & Tempe · src:Recipe calc · conf:medium
idn-pepes-ayam,Pepes Ayam,145.0,17.0,7.5,2.5,0.6,25,1.2,400,100,Olahan,Lauk Pauk,,100,Pais Ayam Pepes Ayam Kemangi,Steamed Spiced Chicken In Banana Leaf · Pais Ayam Pepes Ayam Kemangi · 1 bungkus · Jawa Barat/Ayam · src:Recipe calc · conf:high
idn-pepes-ikan-mas,Pepes Ikan Mas,132.0,15.0,6.5,3.5,0.8,60,1.4,380,100,Olahan,Lauk Pauk,,100,Pais Lauk Emas Pepes Ikan Mas Sunda,Steamed Carp In Banana Leaf · Pais Lauk Emas Pepes Ikan Mas Sunda · 1 bungkus · Jawa Barat/Ikan · src:Recipe calc · conf:high
idn-pepes-jamur,Pepes Jamur,68.0,3.5,3.5,5.5,1.8,20,1.0,340,100,Olahan,Lauk Pauk,,80,Pais Jamur Pepes Jamur Tiram,Steamed Spiced Mushroom In Banana Leaf · Pais Jamur Pepes Jamur Tiram · 1 bungkus · Jawa Barat/Jamu & Wedang · src:Recipe calc · conf:medium
idn-pepes-oncom,Pepes Oncom,128.0,8.5,6.5,9.5,3.0,70,2.2,360,100,Olahan,Lauk Pauk,,80,Pais Oncom Pepes Oncom Leunca,Steamed Spiced Oncom In Banana Leaf · Pais Oncom Pepes Oncom Leunca · 1 bungkus · Jawa Barat/Tahu & Tempe · src:Recipe calc · conf:medium
idn-pepes-tahu,Pepes Tahu,118.0,9.0,7.5,3.5,1.0,140,2.0,350,100,Olahan,Lauk Pauk,,80,Pais Tahu Pepes Tahu Kemangi,Steamed Spiced Tofu In Banana Leaf · Pais Tahu Pepes Tahu Kemangi · 1 bungkus · Jawa Barat/Tahu & Tempe · src:Recipe calc · conf:high
idn-pepes-teri,Pepes Teri,152.0,18.0,7.0,4.0,0.8,350,2.6,620,100,Olahan,Lauk Pauk,,60,Pais Teri Pepes Ikan Teri,Steamed Spiced Anchovies In Banana Leaf · Pais Teri Pepes Ikan Teri · 1 bungkus · Jawa Barat/Ikan · src:Recipe calc · conf:medium
idn-pesmol-ikan-nila,Pesmol Ikan Nila,138.0,14.5,7.5,3.5,0.6,35,1.0,400,100,Olahan,Lauk Pauk,,120,Ikan Pesmol Pesmol Nila,Tilapia In Yellow Sour Sauce · Ikan Pesmol Pesmol Nila · 1 ekor sedang · Jawa Barat/Ikan · src:Recipe calc · conf:medium
idn-tutut,Tutut,88.0,8.0,4.0,4.5,0.4,180,3.5,380,100,Olahan,Lauk Pauk,,150,Keong Sawah Sunda Tutut Kuah Kuning,Sundanese Rice-Paddy Snails In Yellow Broth · Keong Sawah Sunda Tutut Kuah Kuning · 1 porsi · Jawa Barat/Seafood · src:Recipe calc · conf:low
idn-ayam-kremes,Ayam Kremes,293.0,20.0,21.0,6.0,0.4,24,1.3,520,100,Olahan,Lauk Pauk,,110,Ayam Goreng Kremes Kremesan Ayam,Fried Chicken With Crispy Batter Flakes · Ayam Goreng Kremes Kremesan Ayam · 1 potong + kremes · Jawa Tengah/Ayam · src:Recipe calc · conf:high
idn-ayam-panggang-klaten,Ayam Panggang Klaten,217.0,21.0,13.0,4.0,0.4,22,1.3,470,100,Olahan,Lauk Pauk,,110,Ayam Bakar Klaten Ayam Panggang Gantung,Klaten Grilled Coconut Chicken · Ayam Bakar Klaten Ayam Panggang Gantung · 1 potong · Jawa Tengah/Ayam · src:Recipe calc · conf:medium
idn-bakso-beranak,Bakso Beranak,207.0,13.0,13.0,9.5,0.5,24,1.8,780,100,Olahan,Lauk Pauk,,150,Bakso Isi Bakso Bakso Ranjau,Stuffed Giant Meatball · Bakso Isi Bakso Bakso Ranjau · 1 buah · Jawa Tengah/Bakso · src:Recipe calc · conf:low
idn-bakso-sapi,Bakso Sapi,202.0,12.4,13.2,7.6,0.5,20,1.6,780,100,Olahan,Lauk Pauk,,80,Bakso Daging Sapi Pentol Bakso,Beef Meatball · Bakso Daging Sapi Pentol Bakso · 5 butir · Jawa Tengah/Daging Sapi · src:FatSecret ID · conf:high
idn-bakso-urat,Bakso Urat,196.0,14.0,12.0,8.0,0.4,22,1.8,760,100,Olahan,Lauk Pauk,,90,Bakso Urat Sapi Pentol Urat,Tendon-Studded Beef Meatball · Bakso Urat Sapi Pentol Urat · 3 butir · Jawa Tengah/Bakso · src:Recipe calc · conf:medium
idn-botok-tempe,Botok Tempe,175.0,10.0,11.5,8.0,3.0,110,2.4,380,100,Olahan,Lauk Pauk,,70,Bothok Tempe Botok Tempe Lamtoro,Steamed Tempeh & Coconut Parcel · Bothok Tempe Botok Tempe Lamtoro · 1 bungkus · Jawa Tengah/Tahu & Tempe · src:Recipe calc · conf:medium
idn-botok-teri,Botok Teri,167.0,12.0,11.0,5.0,2.2,320,2.6,520,100,Olahan,Lauk Pauk,,70,Bothok Teri Botok Teri Kemangi,Steamed Anchovy & Coconut Parcel · Bothok Teri Botok Teri Kemangi · 1 bungkus · Jawa Tengah/Ikan · src:Recipe calc · conf:medium
idn-buntil,Buntil,157.0,6.5,11.0,8.0,3.0,180,2.6,430,100,Olahan,Lauk Pauk,,70,Buntil Daun Pepaya Buntil Daun Talas,Leaf Parcels With Coconut & Anchovy · Buntil Daun Pepaya Buntil Daun Talas · 1 bungkus · Jawa Tengah/Lauk Lain · src:Recipe calc · conf:medium
idn-garang-asem-ayam,Garang Asem Ayam,106.0,11.0,5.5,3.0,0.7,26,0.9,430,100,Olahan,Lauk Pauk,,180,Garang Asem Garang Asem Kudus,Steamed Sour-Spicy Chicken In Banana Leaf · Garang Asem Garang Asem Kudus · 1 bungkus · Jawa Tengah/Ayam · src:Recipe calc · conf:high
idn-gule-kambing,Gule Kambing,166.0,11.5,12.0,3.0,0.6,32,2.1,530,100,Olahan,Lauk Pauk,,120,Gulai Kambing Gulai Kambing Jawa Gule Wedus,Goat Curry · Gulai Kambing Gulai Kambing Jawa Gule Wedus · 1 porsi + kuah · Jawa Tengah/Kambing · src:Recipe calc · conf:high
idn-ikan-bandeng-presto,Ikan Bandeng Presto,195.0,21.0,11.5,0.5,0.0,380,2.0,320,100,Olahan,Lauk Pauk,,80,Bandeng Duri Lunak Bandeng Presto,Pressure-Cooked Milkfish · Bandeng Duri Lunak Bandeng Presto · 1 potong · Jawa Tengah/Ikan · src:NilaiGizi · conf:medium
idn-mangut-beong,Mangut Beong,151.0,15.5,8.5,3.0,0.5,30,1.3,510,100,Olahan,Lauk Pauk,,110,Beong Mangut Mangut Beong Magelang,Beong Catfish In Spicy Coconut Gravy · Beong Mangut Mangut Beong Magelang · 1 potong + kuah · Jawa Tengah/Ikan · src:Recipe calc · conf:low
idn-opor-telur,Opor Telur,178.0,10.5,13.5,4.5,0.5,48,1.6,390,100,Olahan,Lauk Pauk,,70,Opor Telur Ayam Telur Opor,Egg In Coconut Curry · Opor Telur Ayam Telur Opor · 1 butir + kuah · Jawa Tengah/Telur · src:Recipe calc · conf:medium
idn-oseng-oseng-tempe,Oseng-Oseng Tempe,191.0,11.0,11.0,12.0,2.6,90,2.2,520,100,Olahan,Lauk Pauk,,90,Oseng Tempe Tumis Tempe Kecap,Sweet-Spicy Tempeh Stir-Fry · Oseng Tempe Tumis Tempe Kecap · 1 porsi · Jawa Tengah/Tahu & Tempe · src:Recipe calc · conf:high
idn-rica-rica-entok,Rica-Rica Entok,198.0,18.0,12.5,3.5,0.6,20,2.6,540,100,Olahan,Lauk Pauk,,100,Entok Rica Rica Entok Jawa,Spicy Muscovy Duck · Entok Rica Rica Entok Jawa · 1 porsi · Jawa Tengah/Gulai & Kari · src:Recipe calc · conf:medium
idn-sambal-tumpang,Sambal Tumpang,145.0,8.0,9.0,8.0,2.4,90,2.0,470,100,Olahan,Lauk Pauk,,80,Lethok Sambel Tumpang Sayur Tumpang,Fermented Tempeh Coconut Sauce · Lethok Sambel Tumpang Sayur Tumpang · 1 sendok sayur · Jawa Tengah/Sambal · src:Recipe calc · conf:medium
idn-sate-buntel,Sate Buntel,267.0,17.0,21.0,2.5,0.3,20,2.4,520,100,Olahan,Lauk Pauk,,80,Sate Bungkus Sate Buntel Solo,Minced Mutton Parcel Satay · Sate Bungkus Sate Buntel Solo · 1 tusuk · Jawa Tengah/Sate · src:Recipe calc · conf:high
idn-sate-kambing-bumbu-kecap,Sate Kambing Bumbu Kecap,238.0,20.0,16.0,3.5,0.2,18,2.6,560,100,Olahan,Lauk Pauk,,90,Sate Kambing Sate Wedus,Goat Satay With Sweet Soy · Sate Kambing Sate Wedus · 5 tusuk · Jawa Tengah/Sate · src:Recipe calc · conf:high
idn-sate-kelinci,Sate Kelinci,197.0,22.0,11.0,2.5,0.2,18,2.2,430,100,Olahan,Lauk Pauk,,90,Sate Kelinci Jawa Sate Kelinci Lembang,Rabbit Satay · Sate Kelinci Jawa Sate Kelinci Lembang · 5 tusuk · Jawa Tengah/Sate · src:Recipe calc · conf:medium
idn-sate-kerbau-kudus,Sate Kerbau Kudus,200.0,27.0,8.5,3.5,0.2,16,3.0,420,100,Olahan,Lauk Pauk,,140,Sate Kebo Sate Kerbau,Kudus Water Buffalo Satay · Sate Kebo Sate Kerbau · 10 tusuk · Jawa Tengah/Sate · src:Recipe calc · conf:medium
idn-sate-kere,Sate Kere,175.0,8.0,10.5,12.0,2.5,80,2.0,420,100,Olahan,Lauk Pauk,,80,Sate Kere Solo Sate Tempe Gembus,Tempeh Gembus Satay · Sate Kere Solo Sate Tempe Gembus · 5 tusuk · Jawa Tengah/Sate · src:Recipe calc · conf:medium
idn-semur-daging-jawa,Semur Daging Jawa,189.0,16.0,11.0,6.5,0.4,22,2.6,560,100,Olahan,Lauk Pauk,,90,Semur Daging Semur Sapi Jawa,Javanese Sweet Soy Beef Stew · Semur Daging Semur Sapi Jawa · 1 potong + kuah · Jawa Tengah/Daging Sapi · src:Recipe calc · conf:high
idn-tahu-bacem,Tahu Bacem,165.0,10.0,9.0,11.0,1.4,150,2.2,460,100,Olahan,Lauk Pauk,,60,Bacem Tahu,Sweet Braised Tofu · Bacem Tahu · 2 potong · Jawa Tengah/Tahu & Tempe · src:Recipe calc · conf:high
idn-telur-asin-rebus,Telur Asin Rebus,195.0,13.6,13.6,1.4,0.0,120,3.0,1200,100,Olahan,Lauk Pauk,,65,Telur Asin Telur Bebek Asin,Boiled Salted Duck Egg · Telur Asin Telur Bebek Asin · 1 butir · Jawa Tengah/Telur · src:TKPI · conf:high
idn-telur-pindang,Telur Pindang,152.0,12.5,10.5,2.0,0.1,52,1.8,340,100,Olahan,Lauk Pauk,,55,Pindang Telur Telur Pindang Jawa,Spiced Braised Egg · Pindang Telur Telur Pindang Jawa · 1 butir · Jawa Tengah/Telur · src:Recipe calc · conf:high
idn-tempe-bacem,Tempe Bacem,225.0,15.0,9.5,20.0,4.0,120,2.6,480,100,Olahan,Lauk Pauk,,60,Bacem Tempe Tempe Besengek,Sweet Braised Tempeh · Bacem Tempe Tempe Besengek · 2 potong · Jawa Tengah/Tahu & Tempe · src:Recipe calc · conf:high
idn-terik-daging,Terik Daging,194.0,16.0,12.5,4.5,0.5,26,2.4,480,100,Olahan,Lauk Pauk,,90,Daging Terik Terik Sapi,Beef In Mild Coconut Gravy · Daging Terik Terik Sapi · 1 potong + kuah · Jawa Tengah/Daging Sapi · src:Recipe calc · conf:medium
idn-tumpang-koyor,Tumpang Koyor,164.0,9.5,11.5,5.5,1.6,70,1.8,540,100,Olahan,Lauk Pauk,,90,Koyor Tumpang Tumpang Koyor Salatiga,Beef Tendon Tumpang Stew · Koyor Tumpang Tumpang Koyor Salatiga · 1 sendok sayur · Jawa Tengah/Lauk Lain · src:Recipe calc · conf:medium
idn-wader-goreng,Wader Goreng,318.0,26.0,22.0,4.0,0.3,500,3.5,540,100,Olahan,Lauk Pauk,,60,Ikan Wader Goreng Wader Krispi,Crispy Fried Wader Fish · Ikan Wader Goreng Wader Krispi · 1 porsi · Jawa Tengah/Ikan · src:Recipe calc · conf:medium
idn-ayam-lodho,Ayam Lodho,206.0,16.0,14.0,4.0,0.6,26,1.4,490,100,Olahan,Lauk Pauk,,120,Ayam Lodho Tulungagung Lodho Ayam,Trenggalek Grilled Chicken In Coconut Curry · Ayam Lodho Tulungagung Lodho Ayam · 1 potong + kuah · Jawa Timur/Ayam · src:Recipe calc · conf:medium
idn-bebek-goreng-madura,Bebek Goreng Madura,317.0,22.0,25.0,1.0,0.1,18,2.6,520,100,Olahan,Lauk Pauk,,110,Bebek Goreng Sinjay Bebek Madura,Madurese Fried Duck · Bebek Goreng Sinjay Bebek Madura · 1 potong · Jawa Timur/Bebek & Unggas · src:Recipe calc · conf:high
idn-bebek-sinjay,Bebek Sinjay,307.0,23.0,23.0,2.0,0.3,20,2.6,560,100,Olahan,Lauk Pauk,,130,Bebek Sambal Pencit Bebek Sinjay Bangkalan,Bangkalan Fried Duck With Mango Sambal · Bebek Sambal Pencit Bebek Sinjay Bangkalan · 1 potong + sambal · Jawa Timur/Bebek & Unggas · src:Recipe calc · conf:medium
idn-iga-penyet,Iga Penyet,269.0,18.0,21.0,2.0,0.4,20,2.4,560,100,Olahan,Lauk Pauk,,130,Iga Sapi Penyet Penyet Iga,Smashed Fried Beef Ribs · Iga Sapi Penyet Penyet Iga · 1 potong · Jawa Timur/Daging Sapi · src:Recipe calc · conf:medium
idn-krengsengan-kambing,Krengsengan Kambing,213.0,15.0,15.0,4.5,0.4,24,2.4,560,100,Olahan,Lauk Pauk,,100,Krengsengan Krengsengan Daging,Sweet-Spiced Goat Stew · Krengsengan Krengsengan Daging · 1 porsi · Jawa Timur/Kambing · src:Recipe calc · conf:medium
idn-pecel-pitik,Pecel Pitik,207.0,18.0,13.0,4.5,1.6,50,1.8,420,100,Olahan,Lauk Pauk,,120,Pecel Pitik Banyuwangi Pitik Pecel,Osing Grilled Chicken With Grated Coconut · Pecel Pitik Banyuwangi Pitik Pecel · 1 porsi · Jawa Timur/Ayam · src:Recipe calc · conf:low
idn-rawon-daging,Rawon Daging,248.0,20.0,18.0,1.5,0.3,18,2.6,560,100,Olahan,Lauk Pauk,,90,Daging Rawon Rawon Daging Sapi,Keluak Beef In Thick Gravy · Daging Rawon Rawon Daging Sapi · 1 porsi daging · Jawa Timur/Daging Sapi · src:NilaiGizi · conf:high
idn-sate-ayam-madura,Sate Ayam Madura,225.0,19.5,14.8,4.9,0.9,22,1.4,355,100,Olahan,Lauk Pauk,,100,Sate Ayam Bumbu Kacang Sate Madura,Madurese Chicken Satay With Peanut Sauce · Sate Ayam Bumbu Kacang Sate Madura · 5 tusuk + bumbu · Jawa Timur/Sate · src:NilaiGizi · conf:high
idn-sate-ayam-ponorogo,Sate Ayam Ponorogo,213.0,21.0,13.0,3.0,0.3,16,1.2,470,100,Olahan,Lauk Pauk,,90,Sate Ayam Gule Sate Ponorogo,Ponorogo Chicken Satay · Sate Ayam Gule Sate Ponorogo · 5 tusuk · Jawa Timur/Sate · src:Recipe calc · conf:high
idn-sate-kelapa,Sate Kelapa,245.0,20.0,14.0,9.0,2.0,25,2.2,400,100,Olahan,Lauk Pauk,,140,Sate Kelapa Surabaya Sate Klopo,Coconut-Coated Beef Satay · Sate Kelapa Surabaya Sate Klopo · 10 tusuk · Jawa Timur/Sate · src:Recipe calc · conf:medium
idn-sate-kerang,Sate Kerang,133.0,15.0,5.0,7.0,0.3,90,12.0,520,100,Olahan,Lauk Pauk,,70,Sate Kerang Madura Sate Kerang Surabaya,Cockle Satay · Sate Kerang Madura Sate Kerang Surabaya · 5 tusuk · Jawa Timur/Sate · src:Recipe calc · conf:medium
idn-sate-komoh,Sate Komoh,210.0,24.0,12.0,1.5,0.1,16,2.8,450,100,Olahan,Lauk Pauk,,70,Sate Komoh Malang Sate Kotokan,Whole-Slab Beef Satay · Sate Komoh Malang Sate Kotokan · 1 tusuk · Jawa Timur/Sate · src:Recipe calc · conf:medium
idn-kepiting-soka-goreng,Kepiting Soka Goreng,247.0,16.0,15.0,12.0,0.6,180,2.0,600,100,Olahan,Lauk Pauk,,120,Kepiting Soka Soft Shell Crab Goreng,Deep-Fried Soft Shell Crab · Kepiting Soka Soft Shell Crab Goreng · 1 porsi · Kalimantan Barat/Seafood · src:Recipe calc · conf:medium
idn-ayam-masak-habang,Ayam Masak Habang,208.0,15.0,14.5,5.0,0.8,20,1.4,480,100,Olahan,Lauk Pauk,,120,Ayam Bumbu Habang Ayam Habang,Chicken Braised In Banjarese Red Chilli Paste · Ayam Bumbu Habang Ayam Habang · 1 potong · Kalimantan Selatan/Ayam · src:Recipe calc · conf:high
idn-gangan-paliat,Gangan Paliat,133.0,9.0,9.0,4.0,0.6,30,0.8,420,100,Olahan,Lauk Pauk,,200,Gangan Paliat Tanjung Ikan Paliat,Paliat Fish In Yellow Coconut Gravy · Gangan Paliat Tanjung Ikan Paliat · 1 porsi · Kalimantan Selatan/Ikan · src:Recipe calc · conf:medium
idn-haruan-bakar,Haruan Bakar,114.0,23.0,1.5,2.0,0.1,45,1.0,350,100,Olahan,Lauk Pauk,,120,Ikan Gabus Bakar Iwak Haruan Bakar,Grilled Snakehead Fish · Ikan Gabus Bakar Iwak Haruan Bakar · 1 ekor · Kalimantan Selatan/Ikan · src:Recipe calc · conf:high
idn-itik-masak-habang,Itik Masak Habang,247.0,14.0,19.0,5.0,0.8,18,2.4,470,100,Olahan,Lauk Pauk,,130,Bebek Habang Itik Habang,Duck Braised In Banjarese Red Chilli Paste · Bebek Habang Itik Habang · 1 potong · Kalimantan Selatan/Bebek & Unggas · src:Recipe calc · conf:medium
idn-iwak-pakasam,Iwak Pakasam,199.0,22.0,11.0,3.0,0.2,90,1.6,1400,100,Olahan,Lauk Pauk,,60,Ikan Pakasam Pakasam Goreng,Fried Banjarese Fermented Freshwater Fish · Ikan Pakasam Pakasam Goreng · 1 ekor · Kalimantan Selatan/Ikan · src:Recipe calc · conf:medium
idn-iwak-saluang-goreng,Iwak Saluang Goreng,326.0,26.0,22.0,6.0,0.3,450,2.5,500,100,Olahan,Lauk Pauk,,50,Ikan Saluang Krispi Saluang Goreng,Deep-Fried Whole Silver Rasbora · Ikan Saluang Krispi Saluang Goreng · 1 porsi · Kalimantan Selatan/Ikan · src:Recipe calc · conf:medium
idn-iwak-samu,Iwak Samu,192.0,20.0,10.0,5.5,0.5,80,1.5,1300,100,Olahan,Lauk Pauk,,60,Ikan Samu Samu Haruan,Fried Fermented Fish With Toasted Rice · Ikan Samu Samu Haruan · 1 ekor · Kalimantan Selatan/Ikan · src:Recipe calc · conf:medium
idn-mandai-goreng,Mandai Goreng,217.0,1.5,15.0,19.0,4.0,30,0.8,900,100,Olahan,Lauk Pauk,,60,Mandai Cempedak Mandai Goreng Banjar,Fried Fermented Cempedak Rind · Mandai Cempedak Mandai Goreng Banjar · 1 porsi · Kalimantan Selatan/Gorengan · src:Recipe calc · conf:medium
idn-patin-baubar,Patin Baubar,191.0,16.0,13.0,2.5,0.4,25,0.8,400,100,Olahan,Lauk Pauk,,150,Baubar Patin Ikan Patin Baubar,Catfish Baked In Banana Leaf With Coconut Milk · Baubar Patin Ikan Patin Baubar · 1 potong · Kalimantan Selatan/Ikan · src:Recipe calc · conf:medium
idn-sate-banjar,Sate Banjar,223.0,18.0,13.0,8.5,0.5,20,1.4,500,100,Olahan,Lauk Pauk,,100,Sate Ayam Banjar Sate Habang,Banjarese Chicken Satay With Sweet Red Sauce · Sate Ayam Banjar Sate Habang · 5 tusuk · Kalimantan Selatan/Sate · src:Recipe calc · conf:medium
idn-telur-masak-habang,Telur Masak Habang,194.0,10.0,14.0,7.0,0.8,45,1.8,450,100,Olahan,Lauk Pauk,,70,Hintalu Masak Habang Telur Habang,Egg In Banjarese Red Chilli Paste · Hintalu Masak Habang Telur Habang · 1 butir · Kalimantan Selatan/Telur · src:Recipe calc · conf:medium
idn-wadi-patin,Wadi Patin,236.0,19.0,16.0,4.0,0.4,60,1.4,1500,100,Olahan,Lauk Pauk,,60,Wadi Iwak Wadi Patin Goreng,Fried Dayak Fermented Catfish · Wadi Iwak Wadi Patin Goreng · 1 potong · Kalimantan Tengah/Ikan · src:Recipe calc · conf:medium
idn-ayam-cincane,Ayam Cincane,218.0,17.0,14.5,5.0,0.8,25,1.4,450,100,Olahan,Lauk Pauk,,130,Ayam Cincane Samarinda Cincane,Samarinda Red Braised Grilled Chicken · Ayam Cincane Samarinda Cincane · 1 potong · Kalimantan Timur/Ayam · src:Recipe calc · conf:medium
idn-gence-ruan,Gence Ruan,176.0,20.0,8.5,5.0,0.8,40,1.2,480,100,Olahan,Lauk Pauk,,130,Gence Haruan Ruan Gence,Kutai Grilled Snakehead With Chilli Relish · Gence Haruan Ruan Gence · 1 porsi · Kalimantan Timur/Ikan · src:Recipe calc · conf:medium
idn-rabo-ruan,Rabo Ruan,380.0,33.0,24.0,8.0,0.6,60,2.5,900,100,Olahan,Lauk Pauk,,25,Abon Haruan Kutai Rabo Ikan Ruan,Kutai Shredded Snakehead Floss · Abon Haruan Kutai Rabo Ikan Ruan · 2 sdm · Kalimantan Timur/Daging Sapi · src:Recipe calc · conf:medium
idn-sambal-gami-bawis,Sambal Gami Bawis,167.0,18.0,9.0,3.5,0.8,40,1.2,520,100,Olahan,Lauk Pauk,,150,Gami Bawis Sambal Gami Ikan,Bontang Hot-Pot Grilled Fish In Sambal · Gami Bawis Sambal Gami Ikan · 1 porsi · Kalimantan Timur/Ikan · src:Recipe calc · conf:medium
idn-sate-payau,Sate Payau,187.0,24.0,7.0,7.0,0.4,20,3.2,480,100,Olahan,Lauk Pauk,,100,Sate Payau Kutai Sate Rusa,Kutai Grilled Venison Satay · Sate Payau Kutai Sate Rusa · 5 tusuk · Kalimantan Timur/Sate · src:Recipe calc · conf:medium
idn-tumis-kapah,Tumis Kapah,109.0,12.0,5.0,4.0,0.5,60,6.0,500,100,Olahan,Lauk Pauk,,120,Kapah Tumis Kerang Kapah Tarakan,Tarakan Stir-Fried Clams · Kapah Tumis Kerang Kapah Tarakan · 1 porsi · Kalimantan Utara/Seafood · src:Recipe calc · conf:medium
idn-ikan-asar,Ikan Asar,187.0,30.0,7.0,1.0,0.0,30,1.8,450,100,Olahan,Lauk Pauk,,100,Cakalang Asar Ikan Komu Asar,Moluccan Smoked Skipjack Tuna · Cakalang Asar Ikan Komu Asar · 1 ekor · Maluku/Ikan · src:Recipe calc · conf:high
idn-ikan-kuah-kuning,Ikan Kuah Kuning,85.0,10.0,3.5,3.5,0.4,30,0.7,420,100,Olahan,Lauk Pauk,,250,Ikan Kuah Kunyit Kuah Kuning Ikan,Yellow Turmeric Fish Broth · Ikan Kuah Kunyit Kuah Kuning Ikan · 1 porsi · Maluku/Ikan · src:Recipe calc · conf:high
idn-ikan-kuah-pala-banda,Ikan Kuah Pala Banda,89.0,11.0,3.5,3.5,0.4,28,0.8,430,100,Olahan,Lauk Pauk,,250,Ikan Kuah Pala Kuah Pala Banda,Banda Nutmeg & Sour Fish Broth · Ikan Kuah Pala Kuah Pala Banda · 1 porsi · Maluku/Ikan · src:Recipe calc · conf:medium
idn-gohu-ikan,Gohu Ikan,205.0,20.0,13.0,2.0,0.6,25,1.2,400,100,Olahan,Lauk Pauk,,120,Gohu Ikan Ternate Sashimi Ternate,Ternate Raw Tuna With Hot Coconut Oil & Basil · Gohu Ikan Ternate Sashimi Ternate · 1 porsi · Maluku Utara/Ikan · src:Recipe calc · conf:medium
idn-ikan-garo-rica,Ikan Garo Rica,199.0,19.0,11.5,5.0,0.8,30,1.2,500,100,Olahan,Lauk Pauk,,130,Garo Rica Ikan Garo Rica Ternate,Ternate Fried Fish In Chilli Sauce · Garo Rica Ikan Garo Rica Ternate · 1 porsi · Maluku Utara/Ikan · src:Recipe calc · conf:medium
idn-abon-ayam,Abon Ayam,400.0,26.0,16.0,38.0,0.8,50,2.5,1100,100,Olahan,Lauk Pauk,,15,Abon Daging Ayam,Shredded Sweet Chicken Floss · Abon Daging Ayam · 2 sdm · Nasional/Ayam · src:NilaiGizi · conf:medium
idn-abon-sapi,Abon Sapi,380.0,25.0,14.0,39.0,1.0,60,3.5,1200,100,Olahan,Lauk Pauk,,15,Abon Daging Sapi,Shredded Sweet Beef Floss · Abon Daging Sapi · 2 sdm · Nasional/Daging Sapi · src:NilaiGizi · conf:medium
idn-ati-ampela-bumbu-kuning,Ati Ampela Bumbu Kuning,175.0,20.0,8.5,4.0,0.5,25,6.5,420,100,Olahan,Lauk Pauk,,60,Ati Ampela Kuning,Chicken Liver And Gizzard In Yellow Spice · Ati Ampela Kuning · 1 porsi · Nasional/Daging Sapi · src:Recipe calc · conf:medium
idn-ati-ampela-goreng,Ati Ampela Goreng,195.0,24.0,9.0,3.5,0.2,15,6.0,420,100,Olahan,Lauk Pauk,,60,Ati Ampela Goreng Kremes Jeroan Ayam Goreng,Fried Chicken Liver And Gizzard · Ati Ampela Goreng Kremes Jeroan Ayam Goreng · 2 set ati ampela · Nasional/Daging Sapi · src:Recipe calc · conf:medium
idn-ayam-bakar-bumbu-bali,Ayam Bakar Bumbu Bali,230.0,22.0,13.0,6.5,1.0,22,1.5,480,100,Olahan,Lauk Pauk,,120,Ayam Bakar Bali Ayam Panggang Bumbu Bali,Balinese-Spiced Grilled Chicken · Ayam Bakar Bali Ayam Panggang Bumbu Bali · 1 potong (1/4 ekor) · Nasional/Ayam · src:Recipe calc · conf:medium
idn-ayam-bakar-bumbu-rujak,Ayam Bakar Bumbu Rujak,235.0,21.5,13.5,7.5,1.2,24,1.5,450,100,Olahan,Lauk Pauk,,120,Ayam Panggang Bumbu Rujak,Grilled Chicken In Spicy Coconut Paste · Ayam Panggang Bumbu Rujak · 1 potong (1/4 ekor) · Nasional/Ayam · src:Recipe calc · conf:medium
idn-ayam-bakar-cabai-hijau,Ayam Bakar Cabai Hijau,230.0,23.0,13.0,5.0,1.2,22,1.4,440,100,Olahan,Lauk Pauk,,125,Ayam Bakar Cabe Ijo,Grilled Chicken With Green Chilli · Ayam Bakar Cabe Ijo · 1 potong (1/4 ekor) · Nasional/Ayam · src:Recipe calc · conf:medium
idn-ayam-bakar-madu,Ayam Bakar Madu,225.0,24.0,11.0,7.5,0.1,18,1.2,420,100,Olahan,Lauk Pauk,,120,Ayam Bakar Honey Ayam Panggang Madu,Honey-Glazed Grilled Chicken · Ayam Bakar Honey Ayam Panggang Madu · 1 potong (1/4 ekor) · Nasional/Ayam · src:Recipe calc · conf:high
idn-ayam-bakar-sambal-matah,Ayam Bakar Sambal Matah,250.0,23.0,15.5,4.0,1.0,20,1.3,450,100,Olahan,Lauk Pauk,,130,Ayam Sambal Matah,Grilled Chicken With Raw Shallot Lemongrass Sambal · Ayam Sambal Matah · 1 potong (1/4 ekor) · Nasional/Ayam · src:Recipe calc · conf:medium
idn-ayam-goreng-bumbu-kuning,Ayam Goreng Bumbu Kuning,260.0,25.0,16.0,3.5,0.4,18,1.4,450,100,Olahan,Lauk Pauk,,110,Ayam Goreng Kuning Ayam Ungkep Goreng,Turmeric Fried Chicken · Ayam Goreng Kuning Ayam Ungkep Goreng · 1 potong (1/4 ekor) · Nasional/Ayam · src:Recipe calc · conf:high
idn-ayam-goreng-serundeng,Ayam Goreng Serundeng,290.0,24.0,18.0,8.0,2.0,30,1.8,470,100,Olahan,Lauk Pauk,,120,Ayam Goreng Kelapa Ayam Serundeng,Fried Chicken With Spiced Grated Coconut · Ayam Goreng Kelapa Ayam Serundeng · 1 potong (1/4 ekor) · Nasional/Ayam · src:Recipe calc · conf:medium
idn-ayam-goreng-tepung,Ayam Goreng Tepung,290.0,21.0,18.0,11.0,0.5,25,1.5,550,100,Olahan,Lauk Pauk,,90,Ayam Crispy Fried Chicken Crispy,Battered Fried Chicken · Ayam Crispy Fried Chicken Crispy · 1 potong · Nasional/Ayam · src:Recipe calc · conf:high
idn-ayam-mentega,Ayam Mentega,197.0,13.5,13.0,6.5,0.5,25,1.0,560,100,Olahan,Lauk Pauk,,130,Ayam Saus Mentega,Butter Soy Chicken · Ayam Saus Mentega · 1 porsi · Nasional/Ayam · src:Recipe calc · conf:medium
idn-ayam-panggang-oven,Ayam Panggang Oven,205.0,26.0,10.5,1.0,0.1,15,1.1,380,100,Olahan,Lauk Pauk,,120,Ayam Oven Roast Chicken,Oven-Roasted Chicken · Ayam Oven Roast Chicken · 1 potong (1/4 ekor) · Nasional/Ayam · src:USDA analog · conf:high
idn-babat-rebus,Babat Rebus,94.0,12.0,4.0,2.0,0.0,69,0.7,68,100,Olahan,Lauk Pauk,,60,Babat Sapi Rebus Tripe,Boiled Beef Tripe · Babat Sapi Rebus Tripe · 1 porsi · Nasional/Daging Sapi · src:USDA analog · conf:high
idn-bakso-ikan-rebus,Bakso Ikan Rebus,110.0,9.0,2.5,12.5,0.3,30,0.6,620,100,Olahan,Lauk Pauk,,50,Bakso Ikan Fish Ball,Boiled Fish Balls · Bakso Ikan Fish Ball · 5 butir · Nasional/Ikan · src:FatSecret ID · conf:medium
idn-bebek-bakar,Bebek Bakar,300.0,22.0,22.0,3.5,0.3,15,2.5,430,100,Olahan,Lauk Pauk,,130,Bebek Bakar Kecap Bebek Panggang,Grilled Duck · Bebek Bakar Kecap Bebek Panggang · 1 potong (1/4 ekor) · Nasional/Bebek & Unggas · src:Recipe calc · conf:medium
idn-bebek-goreng-kremes,Bebek Goreng Kremes,340.0,23.0,24.0,8.5,0.5,22,2.6,500,100,Olahan,Lauk Pauk,,130,Bebek Goreng Crispy Bebek Kremes,Crispy Fried Duck With Crumbs · Bebek Goreng Crispy Bebek Kremes · 1 potong (1/4 ekor) · Nasional/Bebek & Unggas · src:Recipe calc · conf:medium
idn-bebek-panggang-cina,Bebek Panggang Cina,335.0,19.0,28.0,2.0,0.1,12,2.7,480,100,Olahan,Lauk Pauk,,100,Bebek Panggang Peranakan Bebek Peking,Chinese-Style Roast Duck · Bebek Panggang Peranakan Bebek Peking · 1 potong · Nasional/Bebek & Unggas · src:USDA analog · conf:medium
idn-bebek-rica-rica,Bebek Rica-Rica,290.0,21.0,21.0,4.5,1.0,20,2.4,480,100,Olahan,Lauk Pauk,,150,Bebek Rica,Spicy Duck Rica-Rica · Bebek Rica · 1 porsi · Nasional/Bebek & Unggas · src:Recipe calc · conf:medium
idn-burung-dara-goreng,Burung Dara Goreng,285.0,25.0,19.0,3.5,0.2,18,3.5,400,100,Olahan,Lauk Pauk,,150,Burung Dara Kremes Merpati Goreng,Fried Squab Pigeon · Burung Dara Kremes Merpati Goreng · 1 ekor · Nasional/Bebek & Unggas · src:Recipe calc · conf:medium
idn-burung-puyuh-goreng,Burung Puyuh Goreng,265.0,24.0,17.5,3.0,0.2,20,3.8,400,100,Olahan,Lauk Pauk,,90,Puyuh Goreng,Fried Quail · Puyuh Goreng · 1 ekor · Nasional/Bebek & Unggas · src:Recipe calc · conf:medium
idn-ceker-ayam-bakar,Ceker Ayam Bakar,260.0,21.0,18.0,3.5,0.1,80,0.9,420,100,Olahan,Lauk Pauk,,100,Ceker Bakar Ceker Panggang,Grilled Chicken Feet · Ceker Bakar Ceker Panggang · 5 buah · Nasional/Ayam · src:Recipe calc · conf:medium
idn-ceker-ayam-rebus,Ceker Ayam Rebus,215.0,19.4,14.6,0.2,0.0,88,0.9,67,100,Olahan,Lauk Pauk,,60,Ceker Rebus Kaki Ayam Rebus,Boiled Chicken Feet · Ceker Rebus Kaki Ayam Rebus · 3 buah · Nasional/Ayam · src:USDA analog · conf:high
idn-cumi-asin-cabe-hijau,Cumi Asin Cabe Hijau,245.0,30.0,12.0,4.0,0.8,60,2.0,1400,100,Olahan,Lauk Pauk,,80,Cumi Asin Cabai Hijau,Salted Squid With Green Chilli · Cumi Asin Cabai Hijau · 1 porsi · Nasional/Seafood · src:Recipe calc · conf:medium
idn-cumi-bakar,Cumi Bakar,130.0,20.0,3.5,4.0,0.1,35,0.9,440,100,Olahan,Lauk Pauk,,150,Cumi-Cumi Bakar Sotong Bakar,Grilled Squid · Cumi-Cumi Bakar Sotong Bakar · 1 porsi · Nasional/Seafood · src:Recipe calc · conf:medium
idn-cumi-rebus,Cumi Rebus,122.0,20.8,1.9,4.1,0.0,32,0.7,44,100,Olahan,Lauk Pauk,,80,Cumi-Cumi Rebus Sotong Rebus,Boiled Squid · Cumi-Cumi Rebus Sotong Rebus · 1 porsi · Nasional/Seafood · src:USDA analog · conf:high
idn-dada-ayam-panggang-tanpa-kulit,Dada Ayam Panggang Tanpa Kulit,165.0,31.0,3.6,0.0,0.0,15,1.0,74,100,Olahan,Lauk Pauk,,100,Dada Ayam Panggang Grilled Chicken Breast,Grilled Skinless Chicken Breast · Dada Ayam Panggang Grilled Chicken Breast · 1 potong sedang · Nasional/Ayam · src:USDA analog · conf:high
idn-dada-ayam-rebus-tanpa-kulit,Dada Ayam Rebus Tanpa Kulit,150.0,28.5,3.2,0.0,0.0,13,0.9,60,100,Olahan,Lauk Pauk,,100,Ayam Rebus Dada Dada Ayam Rebus,Boiled Skinless Chicken Breast · Ayam Rebus Dada Dada Ayam Rebus · 1 potong sedang · Nasional/Ayam · src:USDA analog · conf:high
idn-daging-kambing-rebus,Daging Kambing Rebus,148.0,26.0,3.5,0.0,0.0,16,3.5,80,100,Olahan,Lauk Pauk,,60,Daging Kambing Matang Kambing Rebus,Boiled Goat Meat · Daging Kambing Matang Kambing Rebus · 1 potong sedang · Nasional/Kambing · src:USDA analog · conf:high
idn-daging-sapi-giling-tumis,Daging Sapi Giling Tumis,254.0,25.7,16.0,0.5,0.0,20,2.5,75,100,Olahan,Lauk Pauk,,60,Daging Cincang Tumis Minced Beef,Cooked Ground Beef · Daging Cincang Tumis Minced Beef · 1 porsi · Nasional/Daging Sapi · src:USDA analog · conf:high
idn-daging-sapi-panggang,Daging Sapi Panggang,220.0,30.0,10.5,0.0,0.0,10,2.9,60,100,Olahan,Lauk Pauk,,100,Sapi Bakar Steak Sapi Panggang,Grilled Lean Beef · Sapi Bakar Steak Sapi Panggang · 1 potong · Nasional/Daging Sapi · src:USDA analog · conf:high
idn-daging-sapi-rebus,Daging Sapi Rebus,230.0,28.0,12.5,0.0,0.0,12,2.8,55,100,Olahan,Lauk Pauk,,60,Daging Rebus Sapi Rebus,Boiled Beef · Daging Rebus Sapi Rebus · 1 potong sedang · Nasional/Daging Sapi · src:USDA analog · conf:high
idn-entog-goreng,Entog Goreng,305.0,24.0,22.0,2.5,0.2,16,2.8,420,100,Olahan,Lauk Pauk,,120,Entok Goreng Menthok Goreng,Fried Muscovy Duck · Entok Goreng Menthok Goreng · 1 potong · Nasional/Bebek & Unggas · src:Recipe calc · conf:medium
idn-hati-ayam-rebus,Hati Ayam Rebus,167.0,24.5,6.5,0.9,0.0,11,11.6,76,100,Olahan,Lauk Pauk,,30,Ati Ayam Rebus,Boiled Chicken Liver · Ati Ayam Rebus · 1 potong · Nasional/Ayam · src:USDA analog · conf:high
idn-iga-babi-bakar,Iga Babi Bakar,310.0,22.0,22.0,6.0,0.2,25,1.2,520,100,Olahan,Lauk Pauk,,200,BBQ Pork Ribs Iga Babi Panggang,Grilled Pork Ribs · BBQ Pork Ribs Iga Babi Panggang · 1 porsi (3 potong) · Nasional/Babi · src:Recipe calc · conf:medium
idn-iga-bakar-madu,Iga Bakar Madu,290.0,21.0,20.0,6.5,0.1,18,2.4,480,100,Olahan,Lauk Pauk,,200,Iga Madu Iga Sapi Bakar Madu,Honey Grilled Beef Short Ribs · Iga Madu Iga Sapi Bakar Madu · 1 porsi (3 potong) · Nasional/Daging Sapi · src:Recipe calc · conf:medium
idn-iga-sapi-bakar,Iga Sapi Bakar,330.0,24.0,26.0,0.8,0.0,15,2.4,320,100,Olahan,Lauk Pauk,,120,Beef Short Ribs Iga Bakar,Grilled Beef Ribs · Beef Short Ribs Iga Bakar · 1 potong · Nasional/Daging Sapi · src:Recipe calc · conf:medium
idn-ikan-asam-manis,Ikan Asam Manis,195.0,16.0,9.0,12.0,0.6,35,1.0,520,100,Olahan,Lauk Pauk,,200,Ikan Goreng Asam Manis Ikan Saus Asam Manis,Sweet And Sour Fried Fish · Ikan Goreng Asam Manis Ikan Saus Asam Manis · 1 ekor sedang · Nasional/Ikan · src:Recipe calc · conf:medium
idn-ikan-bakar-bumbu-rujak,Ikan Bakar Bumbu Rujak,175.0,22.0,7.0,5.5,0.8,42,1.4,460,100,Olahan,Lauk Pauk,,180,Ikan Bumbu Rujak Bakar,Grilled Fish In Spicy Sweet Paste · Ikan Bumbu Rujak Bakar · 1 ekor sedang · Nasional/Ikan · src:Recipe calc · conf:medium
idn-ikan-bandeng-bakar,Ikan Bandeng Bakar,210.0,22.0,12.5,2.5,0.1,60,1.5,400,100,Olahan,Lauk Pauk,,180,Bandeng Bakar,Grilled Milkfish · Bandeng Bakar · 1 ekor sedang · Nasional/Ikan · src:Recipe calc · conf:medium
idn-ikan-baronang-bakar,Ikan Baronang Bakar,150.0,24.0,4.5,2.0,0.1,55,1.0,400,100,Olahan,Lauk Pauk,,170,Baronang Bakar,Grilled Rabbitfish · Baronang Bakar · 1 ekor sedang · Nasional/Ikan · src:Recipe calc · conf:medium
idn-ikan-bawal-bakar,Ikan Bawal Bakar,160.0,23.0,6.0,2.5,0.1,45,1.0,400,100,Olahan,Lauk Pauk,,170,Bawal Bakar,Grilled Pomfret · Bawal Bakar · 1 ekor sedang · Nasional/Ikan · src:Recipe calc · conf:medium
idn-ikan-bawal-goreng,Ikan Bawal Goreng,215.0,25.0,12.0,0.8,0.0,50,1.1,340,100,Olahan,Lauk Pauk,,150,Bawal Goreng,Fried Pomfret · Bawal Goreng · 1 ekor sedang · Nasional/Ikan · src:Recipe calc · conf:medium
idn-ikan-dori-goreng-tepung,Ikan Dori Goreng Tepung,230.0,14.0,12.5,15.5,0.5,20,0.6,470,100,Olahan,Lauk Pauk,,130,Dori Crispy Fillet Dori Goreng,Battered Fried Dory Fillet · Dori Crispy Fillet Dori Goreng · 1 porsi · Nasional/Ikan · src:Recipe calc · conf:medium
idn-ikan-kakap-bakar,Ikan Kakap Bakar,145.0,25.0,3.5,2.0,0.1,40,0.5,400,100,Olahan,Lauk Pauk,,150,Kakap Merah Bakar,Grilled Red Snapper · Kakap Merah Bakar · 1 potong · Nasional/Ikan · src:Recipe calc · conf:high
idn-ikan-kakap-goreng-tepung,Ikan Kakap Goreng Tepung,235.0,18.0,11.5,15.0,0.5,30,0.9,460,100,Olahan,Lauk Pauk,,130,Fillet Kakap Crispy Kakap Goreng Tepung,Battered Fried Snapper · Fillet Kakap Crispy Kakap Goreng Tepung · 1 porsi · Nasional/Ikan · src:Recipe calc · conf:medium
idn-ikan-kembung-bakar,Ikan Kembung Bakar,165.0,25.0,7.0,0.0,0.0,55,1.2,120,100,Olahan,Lauk Pauk,,90,Kembung Bakar,Grilled Indian Mackerel · Kembung Bakar · 1 ekor sedang · Nasional/Ikan · src:TKPI · conf:high
idn-ikan-kembung-goreng,Ikan Kembung Goreng,240.0,26.0,14.5,1.0,0.0,60,1.3,220,100,Olahan,Lauk Pauk,,80,Kembung Goreng,Fried Indian Mackerel · Kembung Goreng · 1 ekor sedang · Nasional/Ikan · src:Recipe calc · conf:high
idn-ikan-kerapu-bakar,Ikan Kerapu Bakar,140.0,25.0,3.0,2.0,0.1,35,0.6,390,100,Olahan,Lauk Pauk,,150,Kerapu Bakar,Grilled Grouper · Kerapu Bakar · 1 potong · Nasional/Ikan · src:Recipe calc · conf:medium
idn-ikan-lele-bakar,Ikan Lele Bakar,155.0,22.0,6.5,2.0,0.1,35,0.9,380,100,Olahan,Lauk Pauk,,150,Lele Bakar,Grilled Catfish · Lele Bakar · 1 ekor sedang · Nasional/Ikan · src:Recipe calc · conf:medium
idn-ikan-lele-goreng,Ikan Lele Goreng,230.0,22.0,15.0,1.0,0.0,50,1.0,180,100,Olahan,Lauk Pauk,,90,Lele Goreng Pecel Lele Ikan,Fried Catfish · Lele Goreng Pecel Lele Ikan · 1 ekor sedang · Nasional/Ikan · src:Recipe calc · conf:high
idn-ikan-nila-bakar,Ikan Nila Bakar,145.0,26.0,4.0,0.5,0.0,30,0.8,150,100,Olahan,Lauk Pauk,,120,Ikan Nila Panggang Nila Bakar,Grilled Tilapia · Ikan Nila Panggang Nila Bakar · 1 ekor sedang · Nasional/Ikan · src:USDA analog · conf:high
idn-ikan-nila-goreng,Ikan Nila Goreng,200.0,26.0,10.0,0.5,0.0,45,1.0,320,100,Olahan,Lauk Pauk,,150,Nila Goreng,Fried Tilapia · Nila Goreng · 1 ekor sedang · Nasional/Ikan · src:Recipe calc · conf:high
idn-ikan-pari-bakar,Ikan Pari Bakar,145.0,24.0,4.0,2.5,0.1,30,1.2,420,100,Olahan,Lauk Pauk,,150,Ikan Pe Bakar Pari Bakar,Grilled Stingray · Ikan Pe Bakar Pari Bakar · 1 potong · Nasional/Ikan · src:Recipe calc · conf:medium
idn-ikan-salmon-panggang,Ikan Salmon Panggang,220.0,25.0,12.5,1.0,0.0,15,0.5,320,100,Olahan,Lauk Pauk,,120,Salmon Bakar Salmon Panggang,Roasted Salmon · Salmon Bakar Salmon Panggang · 1 potong fillet · Nasional/Ikan · src:USDA analog · conf:high
idn-ikan-sarden-kaleng,Ikan Sarden Kaleng,185.0,17.0,10.5,5.0,0.4,240,2.0,450,100,Olahan,Lauk Pauk,,75,Sarden Kaleng Sardines Saus Tomat,Canned Sardines In Tomato Sauce · Sarden Kaleng Sardines Saus Tomat · 1/2 kaleng · Nasional/Ikan · src:FatSecret ID · conf:high
idn-ikan-selar-goreng,Ikan Selar Goreng,215.0,26.0,12.0,0.5,0.0,80,1.6,380,100,Olahan,Lauk Pauk,,120,Ikan Selar Kuning Goreng Selar Goreng,Fried Yellowstripe Scad · Ikan Selar Kuning Goreng Selar Goreng · 2 ekor · Nasional/Ikan · src:Recipe calc · conf:medium
idn-ikan-tenggiri-goreng,Ikan Tenggiri Goreng,210.0,27.0,11.0,0.5,0.0,35,1.1,340,100,Olahan,Lauk Pauk,,120,Tenggiri Goreng,Fried Spanish Mackerel · Tenggiri Goreng · 1 potong · Nasional/Ikan · src:Recipe calc · conf:medium
idn-ikan-teri-goreng,Ikan Teri Goreng,320.0,34.0,19.0,1.0,0.0,900,3.5,1600,100,Olahan,Lauk Pauk,,20,Teri Goreng Teri Medan Goreng,Fried Dried Anchovies · Teri Goreng Teri Medan Goreng · 2 sdm · Nasional/Ikan · src:TKPI · conf:medium
idn-ikan-tongkol-rebus,Ikan Tongkol Rebus,130.0,26.5,2.5,0.0,0.0,35,1.6,60,100,Olahan,Lauk Pauk,,80,Tongkol Kukus Tongkol Rebus,Boiled Little Tuna · Tongkol Kukus Tongkol Rebus · 1 potong sedang · Nasional/Ikan · src:TKPI · conf:high
idn-ikan-tuna-kaleng,Ikan Tuna Kaleng,116.0,25.5,0.8,0.0,0.0,11,1.3,320,100,Olahan,Lauk Pauk,,80,Tuna In Water Tuna Kaleng,Canned Tuna In Water · Tuna In Water Tuna Kaleng · 1/2 kaleng · Nasional/Ikan · src:USDA analog · conf:high
idn-kambing-guling,Kambing Guling,265.0,24.0,18.0,1.0,0.1,18,2.5,400,100,Olahan,Lauk Pauk,,120,Kambing Golek Kambing Guling Bakar,Spit-Roasted Whole Lamb · Kambing Golek Kambing Guling Bakar · 1 porsi · Nasional/Kambing · src:Recipe calc · conf:medium
idn-kepiting-lada-hitam,Kepiting Lada Hitam,135.0,15.0,6.0,5.0,0.6,70,1.0,700,100,Olahan,Lauk Pauk,,130,Kepiting Saus Lada Hitam,Black Pepper Crab · Kepiting Saus Lada Hitam · 1 ekor sedang · Nasional/Seafood · src:Recipe calc · conf:medium
idn-kepiting-rebus,Kepiting Rebus,100.0,19.0,1.5,2.0,0.0,90,0.8,400,100,Olahan,Lauk Pauk,,100,Kepiting Kukus Rajungan Rebus,Boiled Crab · Kepiting Kukus Rajungan Rebus · 1 ekor sedang · Nasional/Seafood · src:TKPI · conf:high
idn-kepiting-saus-padang,Kepiting Saus Padang,130.0,14.0,5.5,6.5,0.7,70,1.0,680,100,Olahan,Lauk Pauk,,130,Kepiting Padang Kepiting Saos Padang,Crab In Padang Chilli Sauce · Kepiting Padang Kepiting Saos Padang · 1 ekor sedang · Nasional/Seafood · src:Recipe calc · conf:medium
idn-kerang-hijau-rebus,Kerang Hijau Rebus,150.0,20.0,4.0,6.5,0.0,40,6.0,300,100,Olahan,Lauk Pauk,,80,Green Mussel Kerang Rebus,Boiled Green Mussels · Green Mussel Kerang Rebus · 1 porsi · Nasional/Seafood · src:USDA analog · conf:medium
idn-kerang-hijau-saus-padang,Kerang Hijau Saus Padang,145.0,14.0,6.5,8.0,0.8,70,4.5,620,100,Olahan,Lauk Pauk,,150,Kerang Hijau Padang Kerang Saos Padang,Green Mussels In Padang Sauce · Kerang Hijau Padang Kerang Saos Padang · 1 porsi · Nasional/Seafood · src:Recipe calc · conf:medium
idn-koloke-ayam,Koloke Ayam,218.0,11.0,10.5,20.0,0.7,25,0.9,480,100,Olahan,Lauk Pauk,,140,Ayam Koloke Kuluyuk Ayam,Sweet And Sour Battered Chicken · Ayam Koloke Kuluyuk Ayam · 1 porsi · Nasional/Ayam · src:Recipe calc · conf:medium
idn-kornet-sapi,Kornet Sapi,160.0,12.0,9.0,8.0,0.0,15,2.0,950,100,Olahan,Lauk Pauk,,40,Corned Beef Kaleng,Corned Beef · Corned Beef Kaleng · 2 sdm · Nasional/Daging Sapi · src:USDA analog · conf:high
idn-kulit-ayam-goreng,Kulit Ayam Goreng,480.0,20.0,42.0,5.0,0.2,20,1.5,250,100,Olahan,Lauk Pauk,,30,Kulit Ayam Krispi Goreng,Deep-Fried Chicken Skin · Kulit Ayam Krispi Goreng · 1 porsi kecil · Nasional/Ayam · src:USDA analog · conf:medium
idn-lobster-bakar,Lobster Bakar,145.0,21.0,5.5,1.5,0.0,60,0.5,480,100,Olahan,Lauk Pauk,,120,Lobster Panggang Udang Barong Bakar,Grilled Lobster · Lobster Panggang Udang Barong Bakar · 1 ekor kecil · Nasional/Seafood · src:USDA analog · conf:medium
idn-paha-ayam-goreng-berkulit,Paha Ayam Goreng Berkulit,260.0,24.0,17.5,1.5,0.1,15,1.4,300,100,Olahan,Lauk Pauk,,90,Ayam Goreng Paha Paha Ayam Goreng,Fried Chicken Thigh With Skin · Ayam Goreng Paha Paha Ayam Goreng · 1 potong · Nasional/Ayam · src:Recipe calc · conf:high
idn-paha-ayam-rebus-tanpa-kulit,Paha Ayam Rebus Tanpa Kulit,209.0,26.0,10.9,0.0,0.0,12,1.3,88,100,Olahan,Lauk Pauk,,80,Paha Ayam Rebus,Boiled Skinless Chicken Thigh · Paha Ayam Rebus · 1 potong · Nasional/Ayam · src:USDA analog · conf:high
idn-sate-ati-ampela,Sate Ati Ampela,165.0,24.0,5.5,4.0,0.1,12,5.5,450,100,Olahan,Lauk Pauk,,120,Sate Ati Ampela Ayam Sate Jeroan Ayam,Chicken Liver And Gizzard Satay · Sate Ati Ampela Ayam Sate Jeroan Ayam · 10 tusuk · Nasional/Sate · src:Recipe calc · conf:medium
idn-sate-ayam-bumbu-kecap,Sate Ayam Bumbu Kecap,195.0,24.5,8.5,5.5,0.2,15,1.3,480,100,Olahan,Lauk Pauk,,130,Sate Ayam Kecap Sate Ayam Manis,Chicken Satay In Sweet Soy Marinade · Sate Ayam Kecap Sate Ayam Manis · 10 tusuk (tanpa bumbu kacang) · Nasional/Sate · src:Recipe calc · conf:high
idn-sate-ayam-bumbu-kuning,Sate Ayam Bumbu Kuning,190.0,25.0,9.0,2.0,0.3,16,1.2,400,100,Olahan,Lauk Pauk,,130,Sate Ayam Kunyit,Turmeric-Marinated Chicken Satay · Sate Ayam Kunyit · 10 tusuk (tanpa bumbu kacang) · Nasional/Sate · src:Recipe calc · conf:medium
idn-sate-ayam-bumbu-rujak,Sate Ayam Bumbu Rujak,215.0,22.0,11.0,7.0,0.8,20,1.4,430,100,Olahan,Lauk Pauk,,130,Sate Ayam Rujak,Chicken Satay In Spicy Coconut Spice Paste · Sate Ayam Rujak · 10 tusuk · Nasional/Sate · src:Recipe calc · conf:medium
idn-sate-ayam-kampung,Sate Ayam Kampung,175.0,27.0,6.5,2.5,0.1,15,1.5,400,100,Olahan,Lauk Pauk,,130,Sate Ayam Jawa Sate Pitik,Free-Range Chicken Satay · Sate Ayam Jawa Sate Pitik · 10 tusuk (tanpa bumbu kacang) · Nasional/Sate · src:Recipe calc · conf:medium
idn-sate-ayam-taichan,Sate Ayam Taichan,165.0,27.0,5.5,0.5,0.0,12,1.0,420,100,Olahan,Lauk Pauk,,120,Sate Ayam Taican Sate Taichan,Taichan Chicken Satay · Sate Ayam Taican Sate Taichan · 10 tusuk (tanpa sambal) · Nasional/Sate · src:Recipe calc · conf:high
idn-sate-babat,Sate Babat,150.0,16.0,7.0,4.5,0.1,60,1.0,480,100,Olahan,Lauk Pauk,,130,Sate Babat Sapi,Grilled Beef Tripe Satay · Sate Babat Sapi · 10 tusuk · Nasional/Sate · src:Recipe calc · conf:medium
idn-sate-babi,Sate Babi,250.0,24.0,14.5,5.5,0.1,12,1.0,480,100,Olahan,Lauk Pauk,,140,Sate B2 Sate Babi Kecap,Pork Satay · Sate B2 Sate Babi Kecap · 10 tusuk · Nasional/Sate · src:Recipe calc · conf:medium
idn-sate-cumi,Sate Cumi,115.0,19.0,2.0,4.0,0.0,35,0.9,420,100,Olahan,Lauk Pauk,,120,Sate Cumi-Cumi Sate Sotong,Grilled Squid Satay · Sate Cumi-Cumi Sate Sotong · 6 tusuk · Nasional/Sate · src:Recipe calc · conf:medium
idn-sate-ikan-tenggiri,Sate Ikan Tenggiri,155.0,24.0,5.0,3.0,0.1,30,1.0,400,100,Olahan,Lauk Pauk,,120,Sate Tenggiri,Spanish Mackerel Satay · Sate Tenggiri · 6 tusuk · Nasional/Sate · src:Recipe calc · conf:medium
idn-sate-jamur,Sate Jamur,95.0,4.0,3.5,12.0,2.5,20,1.2,380,100,Olahan,Lauk Pauk,,100,Sate Jamur Tiram Sate Vegetarian,Mushroom Satay · Sate Jamur Tiram Sate Vegetarian · 10 tusuk · Nasional/Sate · src:Recipe calc · conf:medium
idn-sate-kambing-muda,Sate Kambing Muda,210.0,25.0,11.0,2.5,0.1,15,2.8,380,100,Olahan,Lauk Pauk,,150,Sate Cempe Sate Kambing,Young Goat Satay · Sate Cempe Sate Kambing · 10 tusuk · Nasional/Sate · src:Recipe calc · conf:high
idn-sate-kikil,Sate Kikil,190.0,20.0,10.0,4.0,0.1,25,1.0,450,100,Olahan,Lauk Pauk,,130,Sate Kikil Sapi,Grilled Beef Tendon Satay · Sate Kikil Sapi · 10 tusuk · Nasional/Sate · src:Recipe calc · conf:medium
idn-sate-kulit-ayam,Sate Kulit Ayam,380.0,20.0,32.0,3.0,0.1,12,1.0,480,100,Olahan,Lauk Pauk,,100,Sate Kulit Sate Kulit Ayam Bakar,Chicken Skin Satay · Sate Kulit Sate Kulit Ayam Bakar · 10 tusuk · Nasional/Sate · src:Recipe calc · conf:medium
idn-sate-sapi,Sate Sapi,205.0,26.0,9.5,3.5,0.1,14,2.6,420,100,Olahan,Lauk Pauk,,140,Sate Daging Sapi Sate Sapi Bumbu Kecap,Beef Satay · Sate Daging Sapi Sate Sapi Bumbu Kecap · 10 tusuk · Nasional/Sate · src:Recipe calc · conf:high
idn-sate-tahu,Sate Tahu,145.0,11.0,8.5,6.5,1.0,180,2.0,400,100,Olahan,Lauk Pauk,,110,Sate Tahu Bakar,Tofu Satay · Sate Tahu Bakar · 5 tusuk · Nasional/Sate · src:Recipe calc · conf:medium
idn-sate-tempe,Sate Tempe,210.0,15.0,10.0,15.0,4.0,90,2.2,420,100,Olahan,Lauk Pauk,,100,Sate Tempe Bacem Sate Tempe Bakar,Tempeh Satay · Sate Tempe Bacem Sate Tempe Bakar · 5 tusuk · Nasional/Sate · src:Recipe calc · conf:medium
idn-sate-torpedo,Sate Torpedo,160.0,22.0,6.5,2.5,0.1,12,1.8,380,100,Olahan,Lauk Pauk,,100,Sate Torpedo Kambing,Grilled Goat Testicle Satay · Sate Torpedo Kambing · 5 tusuk · Nasional/Sate · src:Estimate · conf:low
idn-sate-udang,Sate Udang,110.0,22.0,1.5,2.0,0.0,60,1.5,450,100,Olahan,Lauk Pauk,,120,Sate Udang Bakar,Grilled Shrimp Satay · Sate Udang Bakar · 6 tusuk · Nasional/Sate · src:Recipe calc · conf:medium
idn-sayap-ayam-bakar-madu,Sayap Ayam Bakar Madu,245.0,23.0,14.0,6.5,0.1,18,1.1,450,100,Olahan,Lauk Pauk,,90,Chicken Wing Bakar Sayap Bakar Madu,Honey Grilled Chicken Wings · Chicken Wing Bakar Sayap Bakar Madu · 2 potong sayap · Nasional/Ayam · src:Recipe calc · conf:medium
idn-sayap-ayam-goreng,Sayap Ayam Goreng,320.0,27.0,22.0,2.5,0.1,18,1.3,320,100,Olahan,Lauk Pauk,,70,Ayam Goreng Sayap Chicken Wing,Fried Chicken Wings · Ayam Goreng Sayap Chicken Wing · 2 potong · Nasional/Ayam · src:USDA analog · conf:high
idn-sosis-ayam,Sosis Ayam,230.0,13.0,17.0,6.5,0.2,20,1.0,800,100,Olahan,Lauk Pauk,,50,Sosis Daging Ayam,Chicken Sausage · Sosis Daging Ayam · 1 buah · Nasional/Ayam · src:FatSecret ID · conf:medium
idn-steak-daging-sapi-sirloin,Steak Daging Sapi Sirloin,230.0,27.0,13.0,0.5,0.0,12,2.6,380,100,Olahan,Lauk Pauk,,150,Sirloin Steak Steak Sapi,Grilled Sirloin Beef Steak · Sirloin Steak Steak Sapi · 1 potong · Nasional/Daging Sapi · src:USDA analog · conf:high
idn-tahu-putih-rebus,Tahu Putih Rebus,78.0,8.5,4.7,1.9,0.4,200,2.7,5,100,Olahan,Lauk Pauk,,50,Tahu Kukus Tahu Rebus,Boiled Plain White Tofu · Tahu Kukus Tahu Rebus · 1 potong sedang · Nasional/Tahu & Tempe · src:TKPI · conf:high
idn-telur-ayam-rebus,Telur Ayam Rebus,155.0,12.6,10.6,1.1,0.0,50,1.2,124,100,Olahan,Lauk Pauk,,55,Telur Ayam Matang Telur Rebus,Boiled Chicken Egg · Telur Ayam Matang Telur Rebus · 1 butir · Nasional/Telur · src:USDA analog · conf:high
idn-telur-ceplok-goreng,Telur Ceplok Goreng,196.0,13.6,15.3,0.8,0.0,62,1.8,207,100,Olahan,Lauk Pauk,,50,Telur Ceplok Telur Mata Sapi,Fried Egg Sunny Side Up · Telur Ceplok Telur Mata Sapi · 1 butir · Nasional/Telur · src:USDA analog · conf:high
idn-telur-orak-arik,Telur Orak-Arik,168.0,11.0,12.8,2.2,0.3,55,1.4,230,100,Olahan,Lauk Pauk,,70,Scrambled Egg Telur Orak Arik,Scrambled Egg · Scrambled Egg Telur Orak Arik · 1 porsi · Nasional/Telur · src:Recipe calc · conf:high
idn-telur-puyuh-rebus,Telur Puyuh Rebus,158.0,13.0,11.1,0.4,0.0,64,3.7,141,100,Olahan,Lauk Pauk,,50,Telur Burung Puyuh Rebus,Boiled Quail Eggs · Telur Burung Puyuh Rebus · 5 butir · Nasional/Bebek & Unggas · src:USDA analog · conf:high
idn-tempe-kukus,Tempe Kukus,201.0,20.8,8.8,13.5,1.4,155,4.0,9,100,Olahan,Lauk Pauk,,50,Tempe Polos Tempe Rebus,Steamed Tempeh · Tempe Polos Tempe Rebus · 1 potong sedang · Nasional/Tahu & Tempe · src:TKPI · conf:high
idn-tempe-orek-kering,Tempe Orek Kering,290.0,14.0,16.0,23.0,2.5,110,2.8,480,100,Olahan,Lauk Pauk,,60,Kering Tempe Orek Tempe,Dry Sweet Stir-Fried Tempeh · Kering Tempe Orek Tempe · 1 porsi · Nasional/Tahu & Tempe · src:Recipe calc · conf:medium
idn-tongkol-balado,Tongkol Balado,185.0,23.0,8.5,4.0,0.8,30,1.8,520,100,Olahan,Lauk Pauk,,100,Ikan Tongkol Balado Tongkol Sambal Balado,Skipjack Tuna In Chilli Sauce · Ikan Tongkol Balado Tongkol Sambal Balado · 1 potong · Nasional/Ikan · src:Recipe calc · conf:medium
idn-udang-asam-manis,Udang Asam Manis,155.0,15.0,5.5,11.0,0.6,50,1.2,560,100,Olahan,Lauk Pauk,,150,Udang Saus Asam Manis,Sweet And Sour Prawns · Udang Saus Asam Manis · 1 porsi · Nasional/Seafood · src:Recipe calc · conf:medium
idn-udang-bakar,Udang Bakar,125.0,22.0,2.5,3.0,0.1,65,1.6,480,100,Olahan,Lauk Pauk,,120,Udang Panggang,Grilled Prawns · Udang Panggang · 1 porsi (6 ekor) · Nasional/Seafood · src:Recipe calc · conf:high
idn-udang-goreng,Udang Goreng,190.0,22.0,10.0,2.0,0.1,80,1.0,250,100,Olahan,Lauk Pauk,,60,Udang Goreng Bawang,Pan-Fried Shrimp · Udang Goreng Bawang · 5 ekor sedang · Nasional/Seafood · src:Recipe calc · conf:medium
idn-udang-rebus,Udang Rebus,99.0,24.0,0.3,0.2,0.0,70,0.5,111,100,Olahan,Lauk Pauk,,60,Udang Kukus Udang Matang,Boiled Shrimp · Udang Kukus Udang Matang · 5 ekor sedang · Nasional/Seafood · src:USDA analog · conf:high
idn-udang-saus-mentega,Udang Saus Mentega,175.0,17.0,9.5,5.0,0.3,55,1.3,620,100,Olahan,Lauk Pauk,,150,Udang Mentega Udang Saos Mentega,Butter Sauce Prawns · Udang Mentega Udang Saos Mentega · 1 porsi · Nasional/Seafood · src:Recipe calc · conf:medium
idn-usus-ayam-goreng,Usus Ayam Goreng,350.0,18.0,29.0,3.5,0.2,25,2.5,350,100,Olahan,Lauk Pauk,,50,Usus Goreng Usus Krispi,Fried Chicken Intestine · Usus Goreng Usus Krispi · 1 porsi · Nasional/Ayam · src:Recipe calc · conf:medium
idn-gecok,Gecok,230.0,16.0,16.0,5.5,2.0,35,2.6,460,100,Olahan,Lauk Pauk,,120,Gecok Daging Gecok Sumbawa,Sumbawa Minced Beef With Grated Coconut · Gecok Daging Gecok Sumbawa · 1 porsi · Nusa Tenggara Barat/Daging Sapi · src:Recipe calc · conf:low
idn-sate-ampet,Sate Ampet,210.0,17.0,13.0,6.0,1.0,20,3.0,540,100,Olahan,Lauk Pauk,,100,Sate Ampat Sate Ampet Lombok,Lombok Beef Offal Satay With Spicy Sauce · Sate Ampat Sate Ampet Lombok · 1 porsi · Nusa Tenggara Barat/Sate · src:Recipe calc · conf:low
idn-sate-pusut,Sate Pusut,250.0,16.0,18.0,5.0,1.5,30,1.8,450,100,Olahan,Lauk Pauk,,80,Sate Pusut Lombok Sate Pusut Sapi,Sasak Minced Meat & Coconut Satay · Sate Pusut Lombok Sate Pusut Sapi · 1 porsi · Nusa Tenggara Barat/Sate · src:Recipe calc · conf:medium
idn-sate-rembiga,Sate Rembiga,245.0,22.0,14.0,7.0,0.5,20,2.8,620,100,Olahan,Lauk Pauk,,130,Sate Rembiga Mataram Sate Rembige,Lombok Sweet Spicy Beef Satay · Sate Rembiga Mataram Sate Rembige · 1 porsi (10 tusuk) · Nusa Tenggara Barat/Sate · src:Recipe calc · conf:medium
idn-sate-tanjung,Sate Tanjung,195.0,18.0,12.0,4.0,1.0,35,1.2,430,100,Olahan,Lauk Pauk,,80,Sate Ikan Tanjung Sate Tanjung Lombok,North Lombok Fish Satay In Coconut Spice · Sate Ikan Tanjung Sate Tanjung Lombok · 1 porsi · Nusa Tenggara Barat/Sate · src:Recipe calc · conf:medium
idn-karmanaci,Karmanaci,265.0,24.0,17.0,4.0,0.5,18,3.0,560,100,Olahan,Lauk Pauk,,120,Daging Karmanaci Karmanaci Rote,Rote Spiced Fried Beef · Daging Karmanaci Karmanaci Rote · 1 porsi · Nusa Tenggara Timur/Daging Sapi · src:Recipe calc · conf:low
idn-lawar-ikan-ntt,Lawar Ikan NTT,145.0,16.0,7.5,3.0,1.2,35,1.2,380,100,Olahan,Lauk Pauk,,100,Lawar Ikan Flores Lawar Ikan Sumba,Sumbanese Lime-Cured Raw Fish With Coconut · Lawar Ikan Flores Lawar Ikan Sumba · 1 porsi · Nusa Tenggara Timur/Ikan · src:Recipe calc · conf:low
idn-pelepah-manuk,Pelepah Manuk,190.0,17.0,12.5,3.0,0.8,20,1.4,450,100,Olahan,Lauk Pauk,,150,Ayam Pelepah Manuk Pelepah Manuk Flores,Flores Spicy Braised Chicken · Ayam Pelepah Manuk Pelepah Manuk Flores · 1 porsi · Nusa Tenggara Timur/Ayam · src:Recipe calc · conf:low
idn-se-i-babi,Se'i Babi,285.0,22.0,21.5,1.0,0.0,12,1.2,700,100,Olahan,Lauk Pauk,,100,Daging Se'i Babi Sei Babi,Kupang Smoked Pork · Daging Se'i Babi Sei Babi · 1 porsi · Nusa Tenggara Timur/Babi · src:Recipe calc · conf:medium
idn-se-i-sapi,Se'i Sapi,215.0,28.0,11.0,1.0,0.0,15,3.0,720,100,Olahan,Lauk Pauk,,100,Daging Se'i Sapi Sei Sapi,Kupang Smoked Beef · Daging Se'i Sapi Sei Sapi · 1 porsi · Nusa Tenggara Timur/Daging Sapi · src:Recipe calc · conf:medium
idn-se-i-sapi-sambal-luat,Se'i Sapi Sambal Luat,205.0,24.0,11.0,3.0,0.6,20,2.8,780,100,Olahan,Lauk Pauk,,150,Se'i Sapi Lu'at Sei Sapi Sambal Lu'at,Smoked Beef With Timorese Chilli Lime Sambal · Se'i Sapi Lu'at Sei Sapi Sambal Lu'at · 1 porsi · Nusa Tenggara Timur/Daging Sapi · src:Recipe calc · conf:medium
idn-aunu-senebre,Aunu Senebre,193.0,13.0,13.0,6.0,3.0,200,2.5,550,100,Olahan,Lauk Pauk,,100,Aunu Senebre Papua Aunu Teri Daun Pepaya,"Papuan Anchovy, Papaya Leaf & Coconut Steam · Aunu Senebre Papua Aunu Teri Daun Pepaya · 1 porsi · Papua/Ikan · src:Recipe calc · conf:medium"
idn-barapen,Barapen,229.0,15.0,17.0,4.0,0.8,20,1.4,250,100,Olahan,Lauk Pauk,,180,Bakar Batu Barapen Papua,Papuan Hot-Stone Pit-Roasted Pork · Bakar Batu Barapen Papua · 1 porsi · Papua/Babi · src:Recipe calc · conf:medium
idn-sate-ulat-sagu,Sate Ulat Sagu,296.0,8.5,26.0,6.5,0.5,35,1.8,300,100,Olahan,Lauk Pauk,,60,Sate Koo Sate Ulat Sagu Papua,Grilled Sago Grub Satay · Sate Koo Sate Ulat Sagu Papua · 5 tusuk · Papua/Sate · src:Recipe calc · conf:medium
idn-udang-selingkuh,Udang Selingkuh,103.0,21.0,1.5,1.0,0.1,70,1.5,300,100,Olahan,Lauk Pauk,,90,Udang Capit Wamena Udang Selingkuh Wamena,Wamena Freshwater Clawed Prawn · Udang Capit Wamena Udang Selingkuh Wamena · 1 ekor · Papua/Seafood · src:Recipe calc · conf:medium
idn-ulat-sagu,Ulat Sagu,241.0,5.8,21.6,5.8,0.5,30,1.5,50,100,Olahan,Lauk Pauk,,40,Koo Ulat Sagu Segar,Fresh Sago Grubs · Koo Ulat Sagu Segar · 5 ekor · Papua/Serealia & Umbi · src:NilaiGizi · conf:high
idn-ikan-bakar-manokwari,Ikan Bakar Manokwari,163.0,22.0,7.0,3.0,0.8,35,1.4,480,100,Olahan,Lauk Pauk,,200,Ikan Bakar Papua Ikan Bakar Sambal Manokwari,Manokwari Grilled Fish With Raw Chilli Sambal · Ikan Bakar Papua Ikan Bakar Sambal Manokwari · 1 ekor · Papua Barat/Ikan · src:Recipe calc · conf:medium
idn-asam-pedas-ikan-patin,Asam Pedas Ikan Patin,95.0,12.5,3.5,4.0,1.0,30,1.0,450,100,Olahan,Lauk Pauk,,220,Asam Padeh Patin Riau Asam Pedas Patin,Sour & Spicy Catfish Stew · Asam Padeh Patin Riau Asam Pedas Patin · 1 porsi · Riau/Ikan · src:Recipe calc · conf:high
idn-gulai-belacan-riau,Gulai Belacan Riau,130.0,11.0,8.0,4.5,1.2,50,1.2,560,100,Olahan,Lauk Pauk,,180,Gulai Belacan Gulai Belacan Udang,Riau Prawn Curry With Shrimp Paste · Gulai Belacan Gulai Belacan Udang · 1 porsi · Riau/Seafood · src:Recipe calc · conf:medium
idn-gulai-ikan-patin,Gulai Ikan Patin,145.0,12.0,9.5,3.5,0.9,35,1.1,420,100,Olahan,Lauk Pauk,,200,Gulai Ikan Patin Santan Gulai Patin Riau,Riau Catfish Coconut Curry · Gulai Ikan Patin Santan Gulai Patin Riau · 1 porsi · Riau/Ikan · src:Recipe calc · conf:high
idn-ikan-salai,Ikan Salai,235.0,38.0,8.0,1.0,0.0,60,2.2,420,100,Olahan,Lauk Pauk,,60,Ikan Asap Riau Salai Ikan Patin,Smoked Freshwater Fish · Ikan Asap Riau Salai Ikan Patin · 1 potong · Riau/Ikan · src:Recipe calc · conf:medium
idn-ikan-bakar-parape,Ikan Bakar Parape,175.0,21.0,8.0,4.0,0.3,35,1.2,520,100,Olahan,Lauk Pauk,,200,Ikan Bakar Rica Parape Ikan Parape,Makassarese Grilled Fish In Sweet Coconut Soy · Ikan Bakar Rica Parape Ikan Parape · 1 ekor · Sulawesi Selatan/Ikan · src:Recipe calc · conf:medium
idn-konro-bakar,Konro Bakar,245.0,17.0,17.0,6.0,1.2,30,2.6,520,100,Olahan,Lauk Pauk,,200,Iga Bakar Konro Konro Bakar Karebosi,Grilled Beef Ribs With Peanut Sauce · Iga Bakar Konro Konro Bakar Karebosi · 1 porsi · Sulawesi Selatan/Daging Sapi · src:Recipe calc · conf:high
idn-nasu-palekko,Nasu Palekko,215.0,16.0,15.0,4.0,0.8,25,2.4,520,100,Olahan,Lauk Pauk,,150,Nasu Palekko Bebek Nasu Palekko Sidrap,Bugis Spicy Minced Duck · Nasu Palekko Bebek Nasu Palekko Sidrap · 1 porsi · Sulawesi Selatan/Bebek & Unggas · src:Recipe calc · conf:medium
idn-pa-piong-bau,Pa'piong Bau,235.0,15.0,18.0,3.5,1.5,40,2.0,400,100,Olahan,Lauk Pauk,,180,Pa'piong Bo'bo Bau Papiong Babi,Torajan Pork Cooked In Bamboo · Pa'piong Bo'bo Bau Papiong Babi · 1 porsi · Sulawesi Selatan/Babi · src:Recipe calc · conf:medium
idn-pa-piong-manuk,Pa'piong Manuk,175.0,16.0,11.0,3.0,1.5,40,1.6,390,100,Olahan,Lauk Pauk,,180,Pa'piong Manuk Toraja Papiong Ayam,Torajan Chicken Cooked In Bamboo · Pa'piong Manuk Toraja Papiong Ayam · 1 porsi · Sulawesi Selatan/Ayam · src:Recipe calc · conf:medium
idn-pallu-ce-la,Pallu Ce'la,145.0,22.0,6.0,0.5,0.0,40,1.4,950,100,Olahan,Lauk Pauk,,80,Ikan Pallu Ce'la Pallu Cella,Makassarese Salt-Boiled Turmeric Fish · Ikan Pallu Ce'la Pallu Cella · 1 potong · Sulawesi Selatan/Ikan · src:Recipe calc · conf:medium
idn-pallumara-ikan,Pallumara Ikan,85.0,10.0,3.5,3.0,0.4,30,1.0,420,100,Olahan,Lauk Pauk,,250,Pallu Mara Bandeng Palumara,Makassarese Sour Yellow Fish Broth · Pallu Mara Bandeng Palumara · 1 porsi · Sulawesi Selatan/Ikan · src:Recipe calc · conf:high
idn-pantollo-pamarrasan-babi,Pantollo Pamarrasan Babi,250.0,15.0,19.0,4.5,1.5,25,2.4,460,100,Olahan,Lauk Pauk,,150,Pamarrasan Pantollo Pamarrasan,Torajan Pork In Black Keluak Sauce · Pamarrasan Pantollo Pamarrasan · 1 porsi · Sulawesi Selatan/Babi · src:Recipe calc · conf:medium
idn-abon-cakalang,Abon Cakalang,390.0,35.0,18.0,20.0,1.0,50,3.0,900,100,Olahan,Lauk Pauk,,20,Abon Ikan Cakalang,Skipjack Floss · Abon Ikan Cakalang · 2 sendok makan · Sulawesi Utara/Ikan · src:Recipe calc · conf:medium
idn-ayam-bakar-rica,Ayam Bakar Rica,212.0,22.0,12.5,3.0,0.6,22,1.2,470,100,Olahan,Lauk Pauk,,120,Ayam Bakar Manado,Grilled Chicken With Chili Paste · Ayam Bakar Manado · 1 potong · Sulawesi Utara/Ayam · src:Recipe calc · conf:high
idn-ayam-garo-rica,Ayam Garo Rica,180.0,16.5,11.0,4.0,0.9,24,1.2,470,100,Olahan,Lauk Pauk,,120,Garo Rica Ayam,Stir-Fried Chicken In Chili · Garo Rica Ayam · 1 porsi · Sulawesi Utara/Ayam · src:Recipe calc · conf:high
idn-ayam-isi-bambu,Ayam Isi Bambu,178.0,17.0,11.0,3.2,0.9,25,1.2,400,100,Olahan,Lauk Pauk,,150,Ayam Bambu Minahasa Ayam Bulu,Chicken Cooked In Bamboo · Ayam Bambu Minahasa Ayam Bulu · 1 porsi · Sulawesi Utara/Ayam · src:Recipe calc · conf:medium
idn-ayam-tuturuga,Ayam Tuturuga,190.0,13.5,14.0,3.5,1.0,25,1.2,420,100,Olahan,Lauk Pauk,,170,Tuturuga Ayam,Chicken In Coconut Turmeric Curry · Tuturuga Ayam · 1 porsi · Sulawesi Utara/Ayam · src:Recipe calc · conf:high
idn-ayam-woku-belanga,Ayam Woku Belanga,165.0,14.5,10.5,3.5,0.9,26,1.1,450,100,Olahan,Lauk Pauk,,170,Ayam Woku Woku Ayam,Chicken In Woku Spice Broth · Ayam Woku Woku Ayam · 1 porsi · Sulawesi Utara/Ayam · src:Recipe calc · conf:high
idn-babi-putar,Babi Putar,300.0,22.0,23.0,0.5,0.0,15,1.2,380,100,Olahan,Lauk Pauk,,100,Babi Guling Manado Babi Panggang Putar,Spit-Roasted Pork · Babi Guling Manado Babi Panggang Putar · 1 potong · Sulawesi Utara/Babi · src:Recipe calc · conf:medium
idn-cakalang-bakar,Cakalang Bakar,160.0,28.5,4.5,0.5,0.1,32,1.7,340,100,Olahan,Lauk Pauk,,120,Ikan Cakalang Bakar,Grilled Fresh Skipjack · Ikan Cakalang Bakar · 1 potong · Sulawesi Utara/Ikan · src:Recipe calc · conf:high
idn-cakalang-fufu,Cakalang Fufu,170.0,33.0,4.0,0.0,0.0,40,2.2,480,100,Olahan,Lauk Pauk,,80,Cakalang Asap Cakalang Asar Fufu Ikan Fufu,Smoked Skipjack Tuna · Cakalang Asap Cakalang Asar Fufu Ikan Fufu · 1 potong sedang · Sulawesi Utara/Ikan · src:TKPI · conf:high
idn-cakalang-fufu-goreng,Cakalang Fufu Goreng,230.0,32.0,11.0,0.5,0.0,40,2.2,500,100,Olahan,Lauk Pauk,,70,Fufu Goreng,Fried Smoked Skipjack · Fufu Goreng · 1 potong sedang · Sulawesi Utara/Ikan · src:Recipe calc · conf:medium
idn-cakalang-fufu-suwir-rica,Cakalang Fufu Suwir Rica,214.0,22.1,13.2,1.8,0.6,30,1.9,600,100,Olahan,Lauk Pauk,,90,Cakalang Suwir Rica Fufu Rica,Shredded Smoked Skipjack In Chili · Cakalang Suwir Rica Fufu Rica · 1 porsi · Sulawesi Utara/Ikan · src:Recipe calc · conf:high
idn-cakalang-saus,Cakalang Saus,195.0,20.0,9.5,6.5,0.6,28,1.6,520,100,Olahan,Lauk Pauk,,100,Cakalang Asam Manis Pedas Cakalang Saus Manado,Skipjack In Sweet Spicy Sauce · Cakalang Asam Manis Pedas Cakalang Saus Manado · 1 porsi · Sulawesi Utara/Ikan · src:Recipe calc · conf:medium
idn-cumi-rica-rica,Cumi Rica-Rica,148.0,15.0,7.5,5.0,0.8,35,1.0,470,100,Olahan,Lauk Pauk,,110,Rica-Rica Cumi,Squid In Hot Chili Paste · Rica-Rica Cumi · 1 porsi · Sulawesi Utara/Seafood · src:Recipe calc · conf:medium
idn-ikan-bakar-dabu-dabu,Ikan Bakar Dabu-Dabu,168.0,25.0,6.5,3.5,0.8,32,1.4,400,100,Olahan,Lauk Pauk,,160,Ikan Bakar Dabu Dabu Manado,Grilled Fish With Fresh Chili Relish · Ikan Bakar Dabu Dabu Manado · 1 ekor sedang · Sulawesi Utara/Ikan · src:Recipe calc · conf:high
idn-ikan-bakar-rica,Ikan Bakar Rica,175.0,26.0,6.5,3.0,0.6,35,1.5,420,100,Olahan,Lauk Pauk,,150,Ikan Bakar Manado Ikan Bakar Rica-Rica,Grilled Fish With Chili Paste · Ikan Bakar Manado Ikan Bakar Rica-Rica · 1 ekor sedang · Sulawesi Utara/Ikan · src:Recipe calc · conf:high
idn-ikan-malalugis-bakar,Ikan Malalugis Bakar,165.0,27.5,5.5,0.6,0.1,60,2.1,350,100,Olahan,Lauk Pauk,,90,Layang Bakar Manado,Grilled Round Scad · Layang Bakar Manado · 1 ekor · Sulawesi Utara/Ikan · src:Recipe calc · conf:medium
idn-ikan-rica-rica,Ikan Rica-Rica,150.0,18.5,7.0,3.4,0.8,28,1.3,460,100,Olahan,Lauk Pauk,,120,Rica-Rica Ikan,Fish In Hot Chili Paste · Rica-Rica Ikan · 1 porsi · Sulawesi Utara/Ikan · src:Recipe calc · conf:high
idn-ikan-tuna-bakar,Ikan Tuna Bakar,158.0,29.0,4.0,0.5,0.1,15,1.5,320,100,Olahan,Lauk Pauk,,120,Tuna Bakar Manado,Grilled Tuna · Tuna Bakar Manado · 1 potong · Sulawesi Utara/Ikan · src:Recipe calc · conf:high
idn-ikan-woku-daun,Ikan Woku Daun,158.0,19.0,8.0,3.0,0.9,35,1.2,440,100,Olahan,Lauk Pauk,,120,Ikan Woku Kering Woku Daun Ikan,Fish Woku Wrapped In Leaves · Ikan Woku Kering Woku Daun Ikan · 1 bungkus · Sulawesi Utara/Ikan · src:Recipe calc · conf:medium
idn-pampis-cakalang,Pampis Cakalang,258.0,21.4,16.7,4.7,2.4,30,2.0,520,100,Olahan,Lauk Pauk,,80,Pampis Pampis Ikan Cakalang,Skipjack Sauteed With Coconut And Chili · Pampis Pampis Ikan Cakalang · 1 porsi · Sulawesi Utara/Ikan · src:Recipe calc · conf:high
idn-pampis-tongkol,Pampis Tongkol,245.0,20.5,15.5,4.8,2.3,32,2.2,500,100,Olahan,Lauk Pauk,,80,Pampis Deho,Little Tuna Sauteed With Coconut And Chili · Pampis Deho · 1 porsi · Sulawesi Utara/Ikan · src:Recipe calc · conf:high
idn-paniki,Paniki,200.0,17.0,13.5,3.5,1.0,30,2.5,400,100,Olahan,Lauk Pauk,,120,Kelelawar Santan Paniki Manado,Fruit Bat In Coconut Milk · Kelelawar Santan Paniki Manado · 1 porsi · Sulawesi Utara/Lauk Lain · src:Recipe calc · conf:low
idn-ragey,Ragey,285.0,20.0,21.5,3.0,0.4,18,1.3,480,100,Olahan,Lauk Pauk,,100,Ragey Manado Sate Ragey,Minahasan Grilled Pork Satay · Ragey Manado Sate Ragey · 3 tusuk · Sulawesi Utara/Sate · src:Recipe calc · conf:medium
idn-sate-kolombi,Sate Kolombi,145.0,17.0,6.0,5.5,0.7,120,3.5,480,100,Olahan,Lauk Pauk,,80,Sate Keong Manado,Freshwater Snail Satay · Sate Keong Manado · 5 tusuk · Sulawesi Utara/Sate · src:Recipe calc · conf:low
idn-tikus-hutan-rica,Tikus Hutan Rica,185.0,20.0,10.5,3.2,0.8,22,2.8,420,100,Olahan,Lauk Pauk,,120,RW Tikus Tikus Hutan Rica-Rica,Forest Rat In Chili Paste · RW Tikus Tikus Hutan Rica-Rica · 1 porsi · Sulawesi Utara/Daging Sapi · src:Recipe calc · conf:low
idn-tinorangsak,Tinorangsak,250.0,19.5,17.5,4.0,0.9,22,3.5,480,100,Olahan,Lauk Pauk,,120,Tinorangsak Babi Tinoransak,Minahasan Spiced Pork · Tinorangsak Babi Tinoransak · 1 porsi · Sulawesi Utara/Babi · src:Recipe calc · conf:medium
idn-tongkol-fufu,Tongkol Fufu,162.0,32.0,3.5,0.0,0.0,45,2.4,470,100,Olahan,Lauk Pauk,,80,Deho Fufu Tongkol Asap,Smoked Little Tuna · Deho Fufu Tongkol Asap · 1 potong sedang · Sulawesi Utara/Ikan · src:Recipe calc · conf:medium
idn-tuturuga-ikan,Tuturuga Ikan,165.0,13.0,11.0,3.6,1.0,28,1.0,420,100,Olahan,Lauk Pauk,,170,Ikan Tuturuga,Fish In Coconut Turmeric Curry · Ikan Tuturuga · 1 porsi · Sulawesi Utara/Ikan · src:Recipe calc · conf:medium
idn-udang-woku,Udang Woku,132.0,14.5,6.5,4.0,0.9,60,1.4,470,100,Olahan,Lauk Pauk,,110,Woku Udang,Prawn In Woku Spice · Woku Udang · 1 porsi · Sulawesi Utara/Seafood · src:Recipe calc · conf:medium
idn-asam-padeh-baung,Asam Padeh Baung,161.0,17.0,9.0,3.0,0.7,32,1.2,420,100,Olahan,Lauk Pauk,,130,Asam Padeh Ikan Baung Asam Pedas Baung,Sour Spicy Baung Catfish · Asam Padeh Ikan Baung Asam Pedas Baung · 1 potong + kuah · Sumatera Barat/Gulai & Kari · src:Recipe calc · conf:medium
idn-asam-padeh-daging,Asam Padeh Daging,191.0,19.0,11.0,4.0,0.9,26,3.0,450,100,Olahan,Lauk Pauk,,110,Asam Padeh Dagiang Asam Pedas Daging Padang,Sour Spicy Beef · Asam Padeh Dagiang Asam Pedas Daging Padang · 1 porsi · Sumatera Barat/Daging Sapi · src:Recipe calc · conf:medium
idn-asam-padeh-tongkol,Asam Padeh Tongkol,148.0,20.0,6.0,3.5,0.8,30,1.7,430,100,Olahan,Lauk Pauk,,120,Asam Padeh Ikan Asam Padeh Ikan Tongkol Asam Padeh Kakap Asam Pedas Tongkol Padang,Sour Spicy Little Tuna · Asam Padeh Ikan Asam Padeh Ikan Tongkol Asam Padeh Kakap Asam Pedas Tongkol Padang · 1 potong + kuah · Sumatera Barat/Ikan · src:Recipe calc · conf:high
idn-ayam-lado-mudo,Ayam Lado Mudo,249.5,23.0,15.5,4.5,1.4,26,1.5,490,100,Olahan,Lauk Pauk,,100,Ayam Cabe Hijau Padang Ayam Lado Ijo,Chicken In Green Chili · Ayam Cabe Hijau Padang Ayam Lado Ijo · 1 potong · Sumatera Barat/Ayam · src:Recipe calc · conf:high
idn-cumi-hitam-padang,Cumi Hitam Padang,165.0,16.0,9.0,5.0,0.6,38,1.4,520,100,Olahan,Lauk Pauk,,90,Cumi Tinta Hitam Gulai Cumi Hitam Gulai Cumi Padang,Squid In Black Ink Padang Style · Cumi Tinta Hitam Gulai Cumi Hitam Gulai Cumi Padang · 1 porsi · Sumatera Barat/Seafood · src:Recipe calc · conf:medium
idn-dendeng-lambok,Dendeng Lambok,272.0,26.0,16.0,6.0,1.6,32,3.8,540,100,Olahan,Lauk Pauk,,70,Dendeng Basah Padang Dendeng Lambuak,Soft Wet Dendeng With Chili · Dendeng Basah Padang Dendeng Lambuak · 1 porsi · Sumatera Barat/Daging Sapi · src:Recipe calc · conf:medium
idn-gulai-babat,Gulai Babat,184.0,16.0,12.0,3.0,0.6,60,1.1,460,100,Olahan,Lauk Pauk,,100,Gulai Babat Padang Gulai Paruik,Beef Tripe Curry · Gulai Babat Padang Gulai Paruik · 1 porsi + kuah · Sumatera Barat/Daging Sapi · src:Recipe calc · conf:medium
idn-gulai-cincang,Gulai Cincang,232.0,18.0,16.0,4.0,0.8,32,3.0,490,100,Olahan,Lauk Pauk,,120,Gulai Cancang Gulai Cincang Kapau,Minang Beef And Offal Curry · Gulai Cancang Gulai Cincang Kapau · 1 porsi + kuah · Sumatera Barat/Gulai & Kari · src:Recipe calc · conf:high
idn-gulai-gajeboh,Gulai Gajeboh,356.0,9.0,34.0,3.5,0.7,26,1.6,450,100,Olahan,Lauk Pauk,,90,Gajeboh Gulai Gajebo Gulai Sandung Lamur,Fatty Beef Brisket Curry · Gajeboh Gulai Gajebo Gulai Sandung Lamur · 1 potong + kuah · Sumatera Barat/Gulai & Kari · src:Recipe calc · conf:medium
idn-gulai-ikan-tongkol,Gulai Ikan Tongkol,163.0,17.0,9.0,3.5,0.6,35,1.6,430,100,Olahan,Lauk Pauk,,110,Gulai Ikan Kembung Gulai Ikan Tuno Gulai Lauak Gulai Tongkol Padang,Little Tuna Curry · Gulai Ikan Kembung Gulai Ikan Tuno Gulai Lauak Gulai Tongkol Padang · 1 potong + kuah · Sumatera Barat/Ikan · src:Recipe calc · conf:high
idn-gulai-itiak,Gulai Itiak,259.0,18.0,19.0,4.0,0.8,28,2.8,470,100,Olahan,Lauk Pauk,,110,Gulai Bebek Padang Gulai Itiak Minang,Duck Curry Padang Style · Gulai Bebek Padang Gulai Itiak Minang · 1 potong + kuah · Sumatera Barat/Bebek & Unggas · src:Recipe calc · conf:medium
idn-gulai-kambing-padang,Gulai Kambing Padang,230.5,17.0,16.5,3.5,0.8,30,2.6,470,100,Olahan,Lauk Pauk,,110,Gulai Kambiang Gulai Kambing Minang,Padang Goat Curry · Gulai Kambiang Gulai Kambing Minang · 1 porsi + kuah · Sumatera Barat/Kambing · src:Recipe calc · conf:medium
idn-gulai-kepala-ikan-kakap,Gulai Kepala Ikan Kakap,162.0,14.0,10.0,4.0,0.8,60,1.4,440,100,Olahan,Lauk Pauk,,150,Gulai Kapalo Lauak Gulai Kepala Kakap Padang,Red Snapper Head Curry · Gulai Kapalo Lauak Gulai Kepala Kakap Padang · 1 porsi · Sumatera Barat/Ikan · src:Recipe calc · conf:high
idn-gulai-kikil,Gulai Kikil,210.8,19.0,14.0,2.2,0.4,30,1.2,480,100,Olahan,Lauk Pauk,,100,Gulai Tunjang Kikil Kikil Gulai Padang Kikil Padang,Beef Tendon Curry · Gulai Tunjang Kikil Kikil Gulai Padang Kikil Padang · 1 porsi + kuah · Sumatera Barat/Daging Sapi · src:Recipe calc · conf:high
idn-gulai-limpa,Gulai Limpa,178.5,18.0,10.5,3.0,0.6,22,8.0,460,100,Olahan,Lauk Pauk,,90,Gulai Limpo Limpa Gulai Padang,Beef Spleen Curry · Gulai Limpo Limpa Gulai Padang · 1 potong + kuah · Sumatera Barat/Gulai & Kari · src:Recipe calc · conf:medium
idn-gulai-tambusu,Gulai Tambusu,214.0,12.5,16.0,5.0,0.7,55,1.8,470,100,Olahan,Lauk Pauk,,90,Gulai Tambunsu Tambunsu Usus Isi Telur,Curried Stuffed Beef Intestine · Gulai Tambunsu Tambunsu Usus Isi Telur · 1 potong + kuah · Sumatera Barat/Gulai & Kari · src:Recipe calc · conf:medium
idn-gulai-telur,Gulai Telur,168.5,11.0,12.5,3.0,0.5,55,1.8,420,100,Olahan,Lauk Pauk,,80,Gulai Talua Talua Bulek Gulai Telur Bulat Gulai Telur Gulai Padang,Egg Curry Padang Style · Gulai Talua Talua Bulek Gulai Telur Bulat Gulai Telur Gulai Padang · 1 butir + kuah · Sumatera Barat/Telur · src:Recipe calc · conf:medium
idn-gulai-usus,Gulai Usus,194.0,14.0,14.0,3.0,0.6,28,1.6,470,100,Olahan,Lauk Pauk,,100,Gulai Isi Parut Gulai Usus Sapi,Beef Intestine Curry · Gulai Isi Parut Gulai Usus Sapi · 1 porsi + kuah · Sumatera Barat/Gulai & Kari · src:Recipe calc · conf:medium
idn-ikan-balado,Ikan Balado,213.0,19.0,13.0,5.0,1.4,45,1.6,520,100,Olahan,Lauk Pauk,,90,Ikan Lado Merah Padang Lauak Balado,Fish In Red Chili Sambal · Ikan Lado Merah Padang Lauak Balado · 1 ekor · Sumatera Barat/Ikan · src:Recipe calc · conf:high
idn-ikan-bilih-goreng,Ikan Bilih Goreng,340.0,38.0,20.0,2.0,0.3,1200,5.0,780,100,Olahan,Lauk Pauk,,40,Bilih Goreng Ikan Bilih Balado Ikan Bilih Singkarak,Fried Bilih Lake Fish · Bilih Goreng Ikan Bilih Balado Ikan Bilih Singkarak · 1 porsi kecil · Sumatera Barat/Ikan · src:Recipe calc · conf:medium
idn-itiak-lado-mudo,Itiak Lado Mudo,278.0,20.0,20.0,4.5,1.4,24,3.0,520,100,Olahan,Lauk Pauk,,100,Bebek Cabe Hijau Padang Bebek Lado Mudo Itiak Lado Ijo,Duck In Green Chili · Bebek Cabe Hijau Padang Bebek Lado Mudo Itiak Lado Ijo · 1 potong · Sumatera Barat/Bebek & Unggas · src:Recipe calc · conf:medium
idn-jengkol-balado,Jengkol Balado,207.0,8.0,11.0,19.0,5.5,45,2.0,480,100,Olahan,Lauk Pauk,,70,Gulai Jariang Jariang Balado Jengkol Lado Merah,Dogfruit In Red Chili Sambal · Gulai Jariang Jariang Balado Jengkol Lado Merah · 1 porsi · Sumatera Barat/Lauk Lain · src:Recipe calc · conf:medium
idn-kalio-daging,Kalio Daging,232.0,17.0,16.0,5.0,1.2,30,2.6,430,100,Olahan,Lauk Pauk,,90,Ayam Kalio Kalio Ayam Kalio Sapi Randang Kalio Rendang Basah,Wet-Stage Beef Rendang · Ayam Kalio Kalio Ayam Kalio Sapi Randang Kalio Rendang Basah · 1 potong + kuah · Sumatera Barat/Daging Sapi · src:Recipe calc · conf:high
idn-kentang-balado,Kentang Balado,170.0,2.5,8.0,22.0,2.4,20,0.9,400,100,Olahan,Lauk Pauk,,60,Kantang Balado Kentang Sambal Padang,Potato In Red Chili Sambal · Kantang Balado Kentang Sambal Padang · 1 porsi · Sumatera Barat/Serealia & Umbi · src:Recipe calc · conf:high
idn-kentang-balado-kering,Kentang Balado Kering,370.0,4.0,18.0,48.0,3.6,30,1.4,520,100,Olahan,Lauk Pauk,,30,Kantang Karing Balado Kering Kentang Padang,Crisp Potato Matchsticks In Chili · Kantang Karing Balado Kering Kentang Padang · 2 sendok makan · Sumatera Barat/Serealia & Umbi · src:Recipe calc · conf:medium
idn-kikil-cabe-hijau,Kikil Cabe Hijau,209.0,20.0,13.0,3.0,1.0,32,1.4,520,100,Olahan,Lauk Pauk,,90,Kikil Lado Ijo Tunjang Lado Mudo,Beef Tendon In Green Chili · Kikil Lado Ijo Tunjang Lado Mudo · 1 porsi · Sumatera Barat/Daging Sapi · src:Recipe calc · conf:medium
idn-paru-goreng-padang,Paru Goreng Padang,302.0,28.0,20.0,2.5,0.5,22,6.2,560,100,Olahan,Lauk Pauk,,50,Dendeng Paru Paru Balado Kering Paru Goreng Paru Karing,Padang Fried Beef Lung · Dendeng Paru Paru Balado Kering Paru Goreng Paru Karing · 1 potong · Sumatera Barat/Daging Sapi · src:Recipe calc · conf:medium
idn-rendang-ayam,Rendang Ayam,243.3,19.5,16.5,4.2,1.1,28,1.9,450,100,Olahan,Lauk Pauk,,80,Randang Ayam Randang Runtiah Rendang Ayam Padang Rendang Suwir Ayam,Chicken Rendang · Randang Ayam Randang Runtiah Rendang Ayam Padang Rendang Suwir Ayam · 1 potong · Sumatera Barat/Ayam · src:Recipe calc · conf:high
idn-rendang-belut,Rendang Belut,248.0,22.0,16.0,4.0,1.1,38,2.4,480,100,Olahan,Lauk Pauk,,60,Baluik Goreng Belut Padang Randang Baluik Rendang Baluik,Eel Rendang · Baluik Goreng Belut Padang Randang Baluik Rendang Baluik · 1 porsi · Sumatera Barat/Ikan · src:Recipe calc · conf:medium
idn-rendang-daging-kering,Rendang Daging Kering,322.0,26.0,22.0,5.0,1.5,40,4.0,560,100,Olahan,Lauk Pauk,,60,Randang Karing Rendang Hitam Rendang Kering,Dry-Cooked Beef Rendang · Randang Karing Rendang Hitam Rendang Kering · 1 potong sedang · Sumatera Barat/Daging Sapi · src:Recipe calc · conf:high
idn-rendang-daging-sapi,Rendang Daging Sapi,193.0,22.6,7.9,7.8,1.2,32,3.2,470,100,Olahan,Lauk Pauk,,70,Randang Daging Rendang Padang Rendang Sapi,Beef Rendang · Randang Daging Rendang Padang Rendang Sapi · 1 potong sedang · Sumatera Barat/Daging Sapi · src:TKPI · conf:high
idn-rendang-jengkol,Rendang Jengkol,214.0,8.5,12.0,18.0,5.5,45,2.0,430,100,Olahan,Lauk Pauk,,80,Randang Jariang Rendang Jariang Rendang Jengkol Padang,Dogfruit Rendang · Randang Jariang Rendang Jariang Rendang Jengkol Padang · 1 porsi · Sumatera Barat/Daging Sapi · src:Recipe calc · conf:medium
idn-rendang-lokan,Rendang Lokan,226.5,18.0,14.5,6.0,1.4,70,6.0,520,100,Olahan,Lauk Pauk,,70,Randang Lokan Rendang Kerang Padang,Clam Rendang · Randang Lokan Rendang Kerang Padang · 1 porsi · Sumatera Barat/Daging Sapi · src:Recipe calc · conf:medium
idn-rendang-paru,Rendang Paru,247.0,24.0,15.0,4.0,1.2,26,5.5,520,100,Olahan,Lauk Pauk,,55,Randang Paru Rendang Paru Sapi,Beef Lung Rendang · Randang Paru Rendang Paru Sapi · 1 potong · Sumatera Barat/Daging Sapi · src:Recipe calc · conf:medium
idn-rendang-telur,Rendang Telur,352.0,15.0,28.0,10.0,1.8,65,3.0,620,100,Olahan,Lauk Pauk,,45,Randang Talua Rendang Telur Payakumbuh,Crispy Egg Rendang · Randang Talua Rendang Telur Payakumbuh · 2 keping · Sumatera Barat/Daging Sapi · src:Recipe calc · conf:medium
idn-tahu-balado-padang,Tahu Balado Padang,198.0,11.0,14.0,7.0,1.8,180,2.4,430,100,Olahan,Lauk Pauk,,60,Tahu Balado Minang Tahu Lado Merah,Fried Tofu In Chili Sambal · Tahu Balado Minang Tahu Lado Merah · 2 potong · Sumatera Barat/Tahu & Tempe · src:Recipe calc · conf:medium
idn-teri-balado,Teri Balado,266.0,28.0,14.0,7.0,2.0,900,3.5,1600,100,Olahan,Lauk Pauk,,30,Ikan Teri Balado Maco Balado,Anchovy In Red Chili Sambal · Ikan Teri Balado Maco Balado · 2 sendok makan · Sumatera Barat/Ikan · src:Recipe calc · conf:medium
idn-udang-balado,Udang Balado,186.0,18.0,10.0,6.0,1.6,70,1.8,620,100,Olahan,Lauk Pauk,,70,Udang Balado Padang Udang Lado Merah,Prawn In Red Chili Sambal · Udang Balado Padang Udang Lado Merah · 1 porsi · Sumatera Barat/Seafood · src:Recipe calc · conf:high
idn-malbi-daging,Malbi Daging,230.0,17.0,15.0,6.5,0.5,25,2.6,520,100,Olahan,Lauk Pauk,,100,Daging Malbi Malbi Palembang,Palembang Sweet Soy Braised Beef · Daging Malbi Malbi Palembang · 1 porsi · Sumatera Selatan/Daging Sapi · src:Recipe calc · conf:medium
idn-arsik-ikan-mas,Arsik Ikan Mas,145.0,16.0,7.0,4.5,1.4,60,1.6,400,100,Olahan,Lauk Pauk,,180,Dekke Arsik Ikan Mas Arsik,Batak Spiced Braised Carp With Andaliman · Dekke Arsik Ikan Mas Arsik · 1 potong · Sumatera Utara/Ikan · src:Recipe calc · conf:high
idn-ayam-cipera,Ayam Cipera,155.0,13.0,8.5,7.0,1.5,25,1.4,400,100,Olahan,Lauk Pauk,,200,Cipera Gulai Cipera,Karo Chicken With Ground Roasted Corn · Cipera Gulai Cipera · 1 porsi · Sumatera Utara/Ayam · src:Recipe calc · conf:medium
idn-babi-panggang-karo,Babi Panggang Karo,320.0,20.0,26.0,1.5,0.2,12,1.2,380,100,Olahan,Lauk Pauk,,120,BPK Babi Panggang,Karo Roast Pork · BPK Babi Panggang · 1 porsi · Sumatera Utara/Babi · src:Recipe calc · conf:high
idn-dali-ni-horbo,Dali Ni Horbo,145.0,11.0,10.0,3.0,0.0,260,0.3,220,100,Olahan,Lauk Pauk,,80,Bagot Ni Horbo Keju Batak,Batak Buffalo Milk Curd · Bagot Ni Horbo Keju Batak · 1 potong · Sumatera Utara/Susu & Lainnya · src:Recipe calc · conf:medium
idn-ikan-mas-na-tinombur,Ikan Mas Na Tinombur,185.0,20.0,10.5,3.0,1.0,60,1.8,480,100,Olahan,Lauk Pauk,,180,Dengke Na Tinombur Ikan Bakar Tinombur,Grilled Carp With Tinombur Sambal · Dengke Na Tinombur Ikan Bakar Tinombur · 1 potong · Sumatera Utara/Ikan · src:Recipe calc · conf:medium
idn-kidu-kidu,Kidu-Kidu,275.0,15.0,22.5,2.5,0.6,18,2.0,470,100,Olahan,Lauk Pauk,,100,Kidu Kidu Karo Sosis Karo,Karo Pork Sausage · Kidu Kidu Karo Sosis Karo · 1 potong · Sumatera Utara/Babi · src:Recipe calc · conf:low
idn-naniura,Naniura,135.0,18.0,5.5,3.0,1.0,45,1.4,350,100,Olahan,Lauk Pauk,,120,Dengke Naniura Ikan Naniura,Batak Lime-Cured Raw Carp · Dengke Naniura Ikan Naniura · 1 porsi · Sumatera Utara/Ikan · src:Recipe calc · conf:medium
idn-saksang-babi,Saksang Babi,265.0,16.0,21.0,3.0,1.0,20,2.8,460,100,Olahan,Lauk Pauk,,150,Saksang B2 Sangsang Babi,Batak Minced Pork In Blood & Spices · Saksang B2 Sangsang Babi · 1 porsi · Sumatera Utara/Babi · src:Recipe calc · conf:medium
idn-saksang-daging-sapi,Saksang Daging Sapi,205.0,18.0,13.5,3.5,1.0,20,3.0,450,100,Olahan,Lauk Pauk,,150,Saksang Lembu Sangsang Sapi,Batak Minced Beef In Spices · Saksang Lembu Sangsang Sapi · 1 porsi · Sumatera Utara/Daging Sapi · src:Recipe calc · conf:medium
idn-sambal-teri-kacang-medan,Sambal Teri Kacang Medan,330.0,16.0,20.0,21.0,3.5,250,3.5,900,100,Olahan,Lauk Pauk,,40,Sambal Teri Medan Teri Kacang Balado,Anchovy & Peanut Chilli Fry · Sambal Teri Medan Teri Kacang Balado · 2 sdm · Sumatera Utara/Ikan · src:Recipe calc · conf:medium
idn-sate-kerang-medan,Sate Kerang Medan,165.0,17.0,5.0,12.0,0.8,60,12.0,620,100,Olahan,Lauk Pauk,,60,Kerang Bumbu Medan Sate Kerang,Medan Sweet-Spiced Cockle Skewers · Kerang Bumbu Medan Sate Kerang · 1 porsi · Sumatera Utara/Sate · src:Recipe calc · conf:medium
idn-tasak-telu,Tasak Telu,175.0,14.0,11.5,4.0,1.6,40,1.6,420,100,Olahan,Lauk Pauk,,200,Cincang Bohan Tasak Telu Karo,Karo Three-Way Chicken With Coconut · Cincang Bohan Tasak Telu Karo · 1 porsi · Sumatera Utara/Ayam · src:Recipe calc · conf:low
idn-teri-medan-goreng,Teri Medan Goreng,380.0,40.0,22.0,4.0,0.3,900,4.0,1500,100,Olahan,Lauk Pauk,,30,Ikan Teri Medan Goreng Teri Nasi Goreng,Fried Medan Anchovies · Ikan Teri Medan Goreng Teri Nasi Goreng · 1 sdm · Sumatera Utara/Ikan · src:TKPI · conf:medium
idn-kari-kambing-aceh,Kari Kambing Aceh,175.0,12.0,12.5,4.0,0.9,30,2.2,450,100,Olahan,Makanan Utama,,200,Gulai Kambing Aceh Kari Kameng,Acehnese Goat Curry · Gulai Kambing Aceh Kari Kameng · 1 porsi · Aceh/Kambing · src:Recipe calc · conf:medium
idn-kuah-beulangong,Kuah Beulangong,135.0,7.5,9.0,5.5,1.6,30,1.5,420,100,Olahan,Makanan Utama,,250,Kuah Belanga Kuah Beulangong Nangka,Acehnese Beef & Jackfruit Curry · Kuah Belanga Kuah Beulangong Nangka · 1 porsi · Aceh/Soto & Sup · src:Recipe calc · conf:medium
idn-mie-aceh-goreng-ayam,Mie Aceh Goreng Ayam,185.0,7.0,7.5,22.0,1.2,24,1.4,510,100,Olahan,Makanan Utama,,300,Mi Aceh Goreng Ayam,Acehnese Fried Noodles With Chicken · Mi Aceh Goreng Ayam · 1 piring · Aceh/Ayam · src:Recipe calc · conf:high
idn-mie-aceh-goreng-daging,Mie Aceh Goreng Daging,190.0,7.5,8.0,21.5,1.2,25,1.6,520,100,Olahan,Makanan Utama,,300,Mi Aceh Goreng Sapi Mie Aceh Daging,Acehnese Fried Noodles With Beef · Mi Aceh Goreng Sapi Mie Aceh Daging · 1 piring · Aceh/Daging Sapi · src:Recipe calc · conf:high
idn-mie-aceh-kuah-udang,Mie Aceh Kuah Udang,118.0,6.0,4.0,14.0,1.0,30,1.2,480,100,Olahan,Makanan Utama,,350,Mi Aceh Kuah Mie Aceh Berkuah,Acehnese Noodle Soup With Prawn · Mi Aceh Kuah Mie Aceh Berkuah · 1 mangkok · Aceh/Seafood · src:Recipe calc · conf:high
idn-mie-aceh-tumis-kepiting,Mie Aceh Tumis Kepiting,150.0,8.0,6.0,16.5,1.1,45,1.5,540,100,Olahan,Makanan Utama,,320,Mi Aceh Tumis Mie Aceh Kepiting,Acehnese Semi-Dry Noodles With Crab · Mi Aceh Tumis Mie Aceh Kepiting · 1 piring · Aceh/Seafood · src:Recipe calc · conf:medium
idn-mie-caluk,Mie Caluk,175.0,6.0,6.5,23.0,1.8,35,1.5,430,100,Olahan,Makanan Utama,,250,Mi Caluk Mie Caluk Sigli,Acehnese Noodles With Peanut Sauce · Mi Caluk Mie Caluk Sigli · 1 piring · Aceh/Mie & Bihun · src:Recipe calc · conf:medium
idn-roti-canai-kari-kambing,Roti Canai Kari Kambing,285.0,8.0,15.5,28.0,1.5,45,1.8,460,100,Olahan,Makanan Utama,,180,Roti Canai Aceh Roti Cane Kari,Flatbread With Goat Curry · Roti Canai Aceh Roti Cane Kari · 1 porsi · Aceh/Roti & Pastry · src:Recipe calc · conf:medium
idn-nasi-babi-guling,Nasi Babi Guling,214.0,10.2,10.1,20.0,1.2,20,1.4,460,100,Olahan,Makanan Utama,,250,Nasi Babi Guling Bali Nasi Be Guling,Rice Plate With Balinese Roast Pork · Nasi Babi Guling Bali Nasi Be Guling · 1 porsi · Bali/Babi · src:FatSecret ID · conf:high
idn-nasi-jinggo,Nasi Jinggo,200.0,6.0,6.5,29.0,1.2,22,1.2,400,100,Olahan,Makanan Utama,,120,Nasi Jenggo Sego Jinggo,Balinese Small Banana-Leaf Rice Packet · Nasi Jenggo Sego Jinggo · 1 bungkus · Bali/Nasi · src:Recipe calc · conf:medium
idn-tipat-cantok,Tipat Cantok,145.0,5.0,6.5,17.0,2.0,40,1.2,380,100,Olahan,Makanan Utama,,250,Ketupat Cantok Tipat Cantog,Balinese Rice Cake & Vegetables With Peanut Sauce · Ketupat Cantok Tipat Cantog · 1 porsi · Bali/Nasi · src:Recipe calc · conf:medium
idn-laksa-tangerang,Laksa Tangerang,120.0,5.2,6.8,10.0,1.2,36,1.1,430,100,Olahan,Makanan Utama,,350,Laksa Banten Laksa Tangerang Kacang Hijau,Tangerang Laksa With Mung Bean · Laksa Banten Laksa Tangerang Kacang Hijau · 1 mangkok · Banten/Mie & Bihun · src:Recipe calc · conf:medium
idn-nasi-sumsum-banten,Nasi Sumsum Banten,205.0,6.5,8.5,26.0,0.8,25,1.2,380,100,Olahan,Makanan Utama,,200,Nasi Sumsum Serang Sega Sumsum,Banten Grilled Bone-Marrow Rice · Nasi Sumsum Serang Sega Sumsum · 1 bungkus · Banten/Nasi · src:Recipe calc · conf:low
idn-gulai-kemba-ang,Gulai Kemba'ang,175.0,12.0,12.5,4.0,0.9,28,2.0,450,100,Olahan,Makanan Utama,,200,Gulai Kemba Ang Gulai Kembaang,Bengkulu Beef Rib Curry · Gulai Kemba Ang Gulai Kembaang · 1 porsi · Bengkulu/Gulai & Kari · src:Recipe calc · conf:low
idn-bakmi-jawa-godog,Bakmi Jawa Godog,125.0,5.5,4.5,15.5,1.0,20,1.1,560,100,Olahan,Makanan Utama,,300,Bakmi Godhog Mie Godog Jawa Mie Rebus Jawa,Javanese Boiled Noodles · Bakmi Godhog Mie Godog Jawa Mie Rebus Jawa · 1 piring · DI Yogyakarta/Mie & Bihun · src:Recipe calc · conf:high
idn-bakmi-jawa-goreng,Bakmi Jawa Goreng,206.0,8.5,7.0,27.5,1.5,32,1.6,640,100,Olahan,Makanan Utama,,300,Bakmi Godog Goreng Mie Jawa Goreng,Javanese Wok-Fried Egg Noodles · Bakmi Godog Goreng Mie Jawa Goreng · 1 piring · DI Yogyakarta/Mie & Bihun · src:Recipe calc · conf:medium
idn-nasi-gudeg-komplit,Nasi Gudeg Komplit,194.0,6.5,7.0,26.5,1.8,40,1.4,520,100,Olahan,Makanan Utama,,330,Gudeg Komplit Nasi Gudeg,Complete Gudeg Rice Plate · Gudeg Komplit Nasi Gudeg · 1 porsi · DI Yogyakarta/Nasi · src:Recipe calc · conf:medium
idn-nasi-kucing,Nasi Kucing,165.0,5.0,5.0,25.0,0.8,26,1.0,380,100,Olahan,Makanan Utama,,100,Nasi Angkringan Sego Kucing,Small Wrapped Rice Portion · Nasi Angkringan Sego Kucing · 1 bungkus · DI Yogyakarta/Nasi · src:Recipe calc · conf:high
idn-bubur-ayam-jakarta,Bubur Ayam Jakarta,105.0,4.5,3.5,14.0,0.5,20,0.6,420,100,Olahan,Makanan Utama,,350,Bubur Ayam Betawi Bubur Ayam Komplit,Jakarta Chicken Rice Porridge · Bubur Ayam Betawi Bubur Ayam Komplit · 1 mangkok · DKI Jakarta/Ayam · src:Recipe calc · conf:high
idn-gado-gado-betawi,Gado-Gado Betawi,137.0,6.0,8.0,10.0,2.5,70,1.5,360,100,Olahan,Makanan Utama,,300,Gado Gado Siram Gado-Gado Jakarta,Betawi Vegetable Salad In Peanut Sauce · Gado Gado Siram Gado-Gado Jakarta · 1 porsi · DKI Jakarta/Sayur · src:Recipe calc · conf:high
idn-kerak-telor,Kerak Telor,245.0,11.0,13.5,20.0,1.5,60,2.2,380,100,Olahan,Makanan Utama,,120,Kerak Telor Betawi Kerak Telur,Betawi Sticky Rice & Egg Crust · Kerak Telor Betawi Kerak Telur · 1 buah · DKI Jakarta/Hidangan Utama · src:Recipe calc · conf:high
idn-laksa-betawi,Laksa Betawi,118.0,5.0,7.0,9.0,0.8,35,1.0,430,100,Olahan,Makanan Utama,,350,Laksa Betawi Kuah Santan Laksa Jakarta,Betawi Coconut Rice-Noodle Laksa · Laksa Betawi Kuah Santan Laksa Jakarta · 1 mangkok · DKI Jakarta/Mie & Bihun · src:Recipe calc · conf:medium
idn-lontong-sayur-betawi,Lontong Sayur Betawi,118.0,3.0,5.5,14.0,1.2,40,0.8,380,100,Olahan,Makanan Utama,,350,Ketupat Sayur Betawi Lontong Sayur,Rice Cake In Coconut Chayote Stew · Ketupat Sayur Betawi Lontong Sayur · 1 piring · DKI Jakarta/Nasi · src:Recipe calc · conf:high
idn-mie-kangkung,Mie Kangkung,110.0,4.5,3.5,15.0,1.3,40,1.2,560,100,Olahan,Makanan Utama,,350,Mi Kangkung Mie Kangkung Jakarta,Noodle Soup With Water Spinach · Mi Kangkung Mie Kangkung Jakarta · 1 mangkok · DKI Jakarta/Mie & Bihun · src:Recipe calc · conf:medium
idn-nasi-bungkus-warteg,Nasi Bungkus Warteg,186.0,6.5,6.5,25.5,1.3,30,1.3,450,100,Olahan,Makanan Utama,,300,Nasi Bungkus Nasi Warteg,Warteg Wrapped Rice Meal · Nasi Bungkus Nasi Warteg · 1 bungkus · DKI Jakarta/Nasi · src:Recipe calc · conf:medium
idn-nasi-goreng-gila,Nasi Goreng Gila,195.0,8.0,8.0,22.5,1.0,28,1.5,560,100,Olahan,Makanan Utama,,330,Nasgor Gila,Crazy Fried Rice With Mixed Meats · Nasgor Gila · 1 piring · DKI Jakarta/Nasi · src:Recipe calc · conf:medium
idn-nasi-kebuli,Nasi Kebuli,205.0,8.0,8.5,24.5,0.8,22,1.2,400,100,Olahan,Makanan Utama,,250,Nasi Kebuli Betawi Nasi Kebuli Kambing,Arab-Betawi Spiced Goat Rice · Nasi Kebuli Betawi Nasi Kebuli Kambing · 1 piring · DKI Jakarta/Nasi · src:Recipe calc · conf:medium
idn-nasi-orek-tempe-warteg,Nasi Orek Tempe Warteg,188.0,6.5,6.0,27.0,1.6,40,1.4,470,100,Olahan,Makanan Utama,,280,Nasi Orek Tempe Nasi Tempe Orek,Warteg Rice With Sweet Tempeh Stir-Fry · Nasi Orek Tempe Nasi Tempe Orek · 1 piring · DKI Jakarta/Tahu & Tempe · src:Recipe calc · conf:medium
idn-nasi-semur-ayam,Nasi Semur Ayam,178.0,8.0,5.5,24.5,0.9,28,1.2,520,100,Olahan,Makanan Utama,,330,Nasi Semur Ayam Betawi,Rice With Sweet Soy Braised Chicken · Nasi Semur Ayam Betawi · 1 piring · DKI Jakarta/Ayam · src:Recipe calc · conf:medium
idn-nasi-telur-warteg,Nasi Telur Warteg,200.0,7.0,8.0,25.0,0.8,30,1.4,430,100,Olahan,Makanan Utama,,280,Nasi Telur Ceplok Warteg Nasi Telur Dadar,Warteg Rice With Fried Egg · Nasi Telur Ceplok Warteg Nasi Telur Dadar · 1 piring · DKI Jakarta/Telur · src:Recipe calc · conf:medium
idn-nasi-ulam-betawi,Nasi Ulam Betawi,190.0,5.0,6.5,28.0,1.2,30,0.9,320,100,Olahan,Makanan Utama,,220,Nasi Ulam Nasi Ulam Kering,Betawi Herbed Rice With Serundeng · Nasi Ulam Nasi Ulam Kering · 1 porsi · DKI Jakarta/Nasi · src:Recipe calc · conf:medium
idn-soto-betawi-santan,Soto Betawi Santan,118.0,6.5,8.5,4.0,0.4,30,1.0,420,100,Olahan,Makanan Utama,,350,Soto Betawi Soto Betawi Kuah Santan,Betawi Beef Soup With Coconut Milk · Soto Betawi Soto Betawi Kuah Santan · 1 mangkok · DKI Jakarta/Soto & Sup · src:Recipe calc · conf:high
idn-soto-betawi-susu,Soto Betawi Susu,105.0,6.8,7.0,4.2,0.3,60,0.9,430,100,Olahan,Makanan Utama,,350,Soto Betawi Kuah Susu Soto Betawi Putih,Betawi Beef Soup With Milk · Soto Betawi Kuah Susu Soto Betawi Putih · 1 mangkok · DKI Jakarta/Soto & Sup · src:Recipe calc · conf:high
idn-soto-tangkar,Soto Tangkar,112.0,7.0,8.0,3.0,0.4,28,1.4,450,100,Olahan,Makanan Utama,,350,Sop Tangkar Soto Tangkar Betawi,Betawi Beef Rib Soto · Sop Tangkar Soto Tangkar Betawi · 1 mangkok · DKI Jakarta/Soto & Sup · src:Recipe calc · conf:medium
idn-ilabulo,Ilabulo,166.0,5.5,6.0,22.5,0.8,20,0.8,380,100,Olahan,Makanan Utama,,100,Ilabulo Gorontalo,Steamed Sago And Chicken Cake · Ilabulo Gorontalo · 1 bungkus · Gorontalo/Serealia & Umbi · src:Recipe calc · conf:medium
idn-onyop,Onyop,104.0,0.3,0.1,25.5,0.5,8,0.5,8,100,Olahan,Makanan Utama,,200,Bubur Sagu Gorontalo Onyop Gorontalo,Gorontalo Sago Porridge · Bubur Sagu Gorontalo Onyop Gorontalo · 1 porsi · Gorontalo/Bubur · src:Recipe calc · conf:medium
idn-nasi-minyak-jambi,Nasi Minyak Jambi,210.0,4.0,7.5,31.0,0.7,20,0.7,350,100,Olahan,Makanan Utama,,200,Nasi Minyak Nasi Samin Jambi,Jambi Ghee-Spiced Rice · Nasi Minyak Nasi Samin Jambi · 1 piring · Jambi/Nasi · src:Recipe calc · conf:medium
idn-bubur-ayam-cirebon,Bubur Ayam Cirebon,95.0,4.0,3.0,13.0,0.4,18,0.5,400,100,Olahan,Makanan Utama,,350,Bubur Ayam Kuah Bening Cirebon,Cirebon Chicken Rice Porridge · Bubur Ayam Kuah Bening Cirebon · 1 mangkok · Jawa Barat/Ayam · src:Recipe calc · conf:medium
idn-bubur-ayam-sunda,Bubur Ayam Sunda,78.0,3.5,2.5,10.5,0.3,15,0.5,350,100,Olahan,Makanan Utama,,350,Bubur Ayam Bandung Bubur Ayam Cianjur,Sundanese Chicken Rice Porridge · Bubur Ayam Bandung Bubur Ayam Cianjur · 1 mangkok · Jawa Barat/Ayam · src:Recipe calc · conf:high
idn-docang,Docang,96.0,4.5,4.0,10.5,2.0,70,1.6,400,100,Olahan,Makanan Utama,,300,Docang Cirebon Dodok Kacang,Cirebon Lontong With Oncom Broth · Docang Cirebon Dodok Kacang · 1 mangkok · Jawa Barat/Nasi · src:Recipe calc · conf:medium
idn-doclang,Doclang,148.0,4.5,7.5,16.0,1.6,55,1.2,360,100,Olahan,Makanan Utama,,280,Doclang Bogor Doclang Pak Odik,Bogor Rice Dumpling With Peanut Sauce · Doclang Bogor Doclang Pak Odik · 1 piring · Jawa Barat/Sayur · src:Recipe calc · conf:medium
idn-empal-gentong,Empal Gentong,146.0,10.0,10.0,4.0,0.5,28,1.8,520,100,Olahan,Makanan Utama,,300,Empal Gentong Cirebon Empal Gentong Sapi Gentong Cirebon,Cirebon Beef Coconut Soup · Empal Gentong Cirebon Empal Gentong Sapi Gentong Cirebon · 1 mangkok · Jawa Barat/Daging Sapi · src:Recipe calc · conf:medium
idn-kupat-tahu-bogor,Kupat Tahu Bogor,143.0,5.5,7.0,15.0,1.5,80,1.4,380,100,Olahan,Makanan Utama,,300,Ketupat Tahu Bogor Kupat Tahu,Rice Cake & Tofu In Sweet Peanut Sauce · Ketupat Tahu Bogor Kupat Tahu · 1 piring · Jawa Barat/Tahu & Tempe · src:Recipe calc · conf:medium
idn-laksa-bogor,Laksa Bogor,112.0,4.5,6.5,9.5,0.9,38,1.0,420,100,Olahan,Makanan Utama,,350,Laksa Bogor Oncom Laksa Kuah Oncom,Bogor Laksa With Oncom · Laksa Bogor Oncom Laksa Kuah Oncom · 1 mangkok · Jawa Barat/Mie & Bihun · src:Recipe calc · conf:medium
idn-lotek-bandung,Lotek Bandung,133.0,5.8,8.0,9.5,2.8,78,1.6,320,100,Olahan,Makanan Utama,,250,Lotek Lotek Atah Lotek Sunda,Sundanese Boiled Vegetable Salad With Peanut Sauce · Lotek Lotek Atah Lotek Sunda · 1 piring · Jawa Barat/Sayur · src:Recipe calc · conf:high
idn-mie-koclok-cirebon,Mie Koclok Cirebon,118.0,5.5,5.0,12.5,0.7,40,0.9,450,100,Olahan,Makanan Utama,,320,Mi Koclok Mie Koclok,Cirebon Creamy Chicken Noodle · Mi Koclok Mie Koclok · 1 mangkok · Jawa Barat/Mie & Bihun · src:Recipe calc · conf:medium
idn-mie-kocok-bandung,Mie Kocok Bandung,102.0,6.0,4.2,10.0,0.7,24,1.1,470,100,Olahan,Makanan Utama,,350,Mi Kocok Mie Kocok Kaki Sapi,Bandung Beef Tendon Noodle Soup · Mi Kocok Mie Kocok Kaki Sapi · 1 mangkok · Jawa Barat/Mie & Bihun · src:Recipe calc · conf:high
idn-mie-yamin-asin,Mie Yamin Asin,198.0,8.5,8.0,23.0,1.2,25,1.5,680,100,Olahan,Makanan Utama,,250,Mi Yamin Asin Yamin Asin,Savoury Egg Noodles With Chicken · Mi Yamin Asin Yamin Asin · 1 porsi · Jawa Barat/Mie & Bihun · src:Recipe calc · conf:medium
idn-mie-yamin-manis,Mie Yamin Manis,212.0,8.5,8.0,26.5,1.2,25,1.5,620,100,Olahan,Makanan Utama,,250,Mi Yamin Manis Yamin Manis Bogor,Sweet Soy Egg Noodles With Chicken · Mi Yamin Manis Yamin Manis Bogor · 1 porsi · Jawa Barat/Mie & Bihun · src:Recipe calc · conf:medium
idn-nasi-bakar,Nasi Bakar,182.0,6.5,5.5,27.0,1.0,28,1.0,340,100,Olahan,Makanan Utama,,200,Nasi Bakar Ayam Nasi Bakar Sunda,Grilled Banana-Leaf Rice Parcel · Nasi Bakar Ayam Nasi Bakar Sunda · 1 bungkus · Jawa Barat/Nasi · src:Recipe calc · conf:medium
idn-nasi-jamblang,Nasi Jamblang,178.0,6.0,6.5,24.0,1.0,28,1.3,520,100,Olahan,Makanan Utama,,250,Nasi Jamblang Cirebon Sega Jamblang,Cirebon Teak-Leaf Wrapped Rice · Nasi Jamblang Cirebon Sega Jamblang · 1 porsi · Jawa Barat/Nasi · src:Recipe calc · conf:medium
idn-nasi-lengko,Nasi Lengko,172.0,6.5,6.5,22.0,2.0,80,1.8,420,100,Olahan,Makanan Utama,,280,Nasi Lengko Cirebon Sega Lengko,Cirebon Rice With Tofu Tempeh & Peanut Sauce · Nasi Lengko Cirebon Sega Lengko · 1 piring · Jawa Barat/Nasi · src:Recipe calc · conf:medium
idn-nasi-liwet-sunda,Nasi Liwet Sunda,172.0,4.5,4.5,28.5,0.8,30,0.9,310,100,Olahan,Makanan Utama,,220,Liwet Sunda Nasi Liwet Bakar,Sundanese Pot Rice With Anchovy · Liwet Sunda Nasi Liwet Bakar · 1 porsi · Jawa Barat/Nasi · src:Recipe calc · conf:medium
idn-nasi-timbel,Nasi Timbel,165.0,3.0,0.5,37.0,0.6,12,0.4,5,100,Olahan,Makanan Utama,,200,Nasi Timbel Sunda Timbel,Banana-Leaf Wrapped Rice · Nasi Timbel Sunda Timbel · 1 bungkus · Jawa Barat/Nasi · src:TKPI · conf:high
idn-nasi-tutug-oncom,Nasi Tutug Oncom,178.0,6.0,4.0,29.5,1.8,45,1.5,260,100,Olahan,Makanan Utama,,200,Nasi TO T.O. Tutug Oncom,Rice Mashed With Fermented Oncom · Nasi TO T.O. Tutug Oncom · 1 porsi · Jawa Barat/Tahu & Tempe · src:Recipe calc · conf:high
idn-soto-bandung,Soto Bandung,58.0,5.5,3.0,2.5,0.5,20,0.9,400,100,Olahan,Makanan Utama,,320,Soto Bandung Lobak Soto Lobak,Bandung Clear Beef & Radish Soup · Soto Bandung Lobak Soto Lobak · 1 mangkok · Jawa Barat/Soto & Sup · src:Recipe calc · conf:high
idn-soto-kuning-bogor,Soto Kuning Bogor,121.0,7.5,8.5,3.5,0.5,30,1.5,440,100,Olahan,Makanan Utama,,350,Soto Kuning Soto Kuning Jalan Suryakencana,Bogor Yellow Coconut Soto · Soto Kuning Soto Kuning Jalan Suryakencana · 1 mangkok · Jawa Barat/Soto & Sup · src:Recipe calc · conf:medium
idn-soto-mie-bogor,Soto Mie Bogor,96.0,5.5,4.0,9.5,0.6,22,1.0,460,100,Olahan,Makanan Utama,,350,Soto Mi Bogor Soto Mie,Bogor Noodle Soto With Risol · Soto Mi Bogor Soto Mie · 1 mangkok · Jawa Barat/Mie & Bihun · src:Recipe calc · conf:high
idn-toge-goreng-bogor,Toge Goreng Bogor,96.0,4.5,3.5,11.5,1.8,55,1.2,400,100,Olahan,Makanan Utama,,280,Tauge Goreng Bogor Toge Goreng,Bogor Bean Sprouts In Oncom Sauce · Tauge Goreng Bogor Toge Goreng · 1 piring · Jawa Barat/Sayur · src:Recipe calc · conf:medium
idn-kupat-tahu-magelang,Kupat Tahu Magelang,136.0,5.5,6.5,14.0,1.5,70,1.2,420,100,Olahan,Makanan Utama,,300,Ketupat Tahu Magelang Kupat Tahu,Magelang Rice Cake With Tofu And Peanut Sauce · Ketupat Tahu Magelang Kupat Tahu · 1 porsi · Jawa Tengah/Tahu & Tempe · src:Recipe calc · conf:medium
idn-mie-ayam-jawa,Mie Ayam Jawa,166.0,8.0,5.5,21.0,1.2,24,1.3,620,100,Olahan,Makanan Utama,,300,Bakmi Ayam Mi Ayam Mie Ayam,Javanese Chicken Noodles · Bakmi Ayam Mi Ayam Mie Ayam · 1 mangkok · Jawa Tengah/Ayam · src:Recipe calc · conf:high
idn-mie-nyemek,Mie Nyemek,154.0,6.5,5.0,21.0,1.2,28,1.2,580,100,Olahan,Makanan Utama,,320,Bakmi Nyemek Mi Nyemek,Semi-Dry Saucy Noodles · Bakmi Nyemek Mi Nyemek · 1 piring · Jawa Tengah/Mie & Bihun · src:Recipe calc · conf:medium
idn-nasi-bakmoy,Nasi Bakmoy,146.0,6.0,4.5,20.5,0.7,35,1.0,480,100,Olahan,Makanan Utama,,350,Bakmoy Nasi Bakmoi,Rice With Braised Tofu And Meat Broth · Bakmoy Nasi Bakmoi · 1 mangkok · Jawa Tengah/Nasi · src:Recipe calc · conf:medium
idn-nasi-gandul,Nasi Gandul,150.0,7.0,5.5,18.0,0.5,22,1.2,450,100,Olahan,Makanan Utama,,320,Nasi Gandul Pati Sego Gandul,Pati Beef Rice In Coconut Broth · Nasi Gandul Pati Sego Gandul · 1 piring · Jawa Tengah/Nasi · src:Recipe calc · conf:medium
idn-nasi-goreng-babat,Nasi Goreng Babat,188.0,7.5,7.5,22.5,0.8,30,1.6,520,100,Olahan,Makanan Utama,,320,Nasgor Babat,Fried Rice With Beef Tripe · Nasgor Babat · 1 piring · Jawa Tengah/Daging Sapi · src:Recipe calc · conf:medium
idn-nasi-goreng-jawa,Nasi Goreng Jawa,188.0,6.0,7.5,24.0,1.0,24,1.2,620,100,Olahan,Makanan Utama,,280,Nasi Goreng Mercon Sego Goreng Jawa,Javanese Fried Rice · Nasi Goreng Mercon Sego Goreng Jawa · 1 piring · Jawa Tengah/Nasi · src:Recipe calc · conf:high
idn-nasi-goreng-mawut,Nasi Goreng Mawut,188.0,7.0,7.0,24.5,1.0,26,1.4,500,100,Olahan,Makanan Utama,,330,Nasgor Mawut Nasi Goreng Magelangan,Fried Rice Mixed With Noodles · Nasgor Mawut Nasi Goreng Magelangan · 1 piring · Jawa Tengah/Nasi · src:Recipe calc · conf:medium
idn-nasi-grombyang,Nasi Grombyang,131.0,7.5,5.0,14.0,0.6,26,1.4,440,100,Olahan,Makanan Utama,,320,Nasi Grombyang Pemalang Sego Grombyang,Pemalang Beef Soup Rice · Nasi Grombyang Pemalang Sego Grombyang · 1 mangkok · Jawa Tengah/Nasi · src:Recipe calc · conf:medium
idn-nasi-liwet-solo,Nasi Liwet Solo,176.0,4.5,6.5,25.0,0.6,22,0.8,330,100,Olahan,Makanan Utama,,250,Nasi Liwet Keprabon Sego Liwet,Solo Savoury Coconut Rice · Nasi Liwet Keprabon Sego Liwet · 1 pincuk · Jawa Tengah/Nasi · src:Recipe calc · conf:high
idn-nasi-megono,Nasi Megono,167.0,4.5,5.5,25.0,2.2,44,1.3,340,100,Olahan,Makanan Utama,,250,Megono Pekalongan Sego Megono,Pekalongan Rice With Young Jackfruit · Megono Pekalongan Sego Megono · 1 piring · Jawa Tengah/Nasi · src:Recipe calc · conf:medium
idn-pangsit-mie,Pangsit Mie,181.0,8.5,6.5,22.0,1.2,24,1.4,640,100,Olahan,Makanan Utama,,300,Bakmi Pangsit Mie Pangsit,Noodles With Wonton · Bakmi Pangsit Mie Pangsit · 1 mangkok · Jawa Tengah/Mie & Bihun · src:Recipe calc · conf:medium
idn-soto-ayam-bening,Soto Ayam Bening,54.0,5.5,2.2,3.0,0.4,18,0.6,390,100,Olahan,Makanan Utama,,330,Soto Ayam Kuah Bening Soto Bening,Clear Chicken Soto · Soto Ayam Kuah Bening Soto Bening · 1 mangkok · Jawa Tengah/Ayam · src:Recipe calc · conf:high
idn-soto-babat,Soto Babat,78.0,8.0,4.5,1.5,0.2,22,1.2,470,100,Olahan,Makanan Utama,,320,Soto Babat Jeroan Soto Iso,Tripe Soto · Soto Babat Jeroan Soto Iso · 1 mangkok · Jawa Tengah/Daging Sapi · src:Recipe calc · conf:medium
idn-soto-daging-sapi-jawa,Soto Daging Sapi Jawa,77.0,7.0,4.5,2.0,0.3,18,1.4,460,100,Olahan,Makanan Utama,,330,Soto Daging Soto Sapi Jawa,Javanese Beef Soto · Soto Daging Soto Sapi Jawa · 1 mangkok · Jawa Tengah/Daging Sapi · src:Recipe calc · conf:high
idn-soto-kudus-ayam,Soto Kudus Ayam,63.0,5.5,3.0,3.5,0.4,22,0.7,410,100,Olahan,Makanan Utama,,300,Soto Ayam Kudus Soto Kudus,Kudus Chicken Soto · Soto Ayam Kudus Soto Kudus · 1 mangkok kecil · Jawa Tengah/Ayam · src:Recipe calc · conf:high
idn-soto-kwali-solo,Soto Kwali Solo,67.0,6.5,3.2,3.0,0.4,20,1.3,440,100,Olahan,Makanan Utama,,280,Soto Daging Kwali Soto Kwali Soto Solo,Solo Clay-Pot Beef Soto · Soto Daging Kwali Soto Kwali Soto Solo · 1 mangkok kecil · Jawa Tengah/Soto & Sup · src:Recipe calc · conf:high
idn-soto-semarang,Soto Semarang,61.0,5.0,2.8,4.0,0.4,20,0.6,400,100,Olahan,Makanan Utama,,320,Soto Ayam Semarang Soto Bangkong,Semarang Clear Soto · Soto Ayam Semarang Soto Bangkong · 1 mangkok · Jawa Tengah/Soto & Sup · src:Recipe calc · conf:high
idn-soto-sokaraja,Soto Sokaraja,105.0,6.0,5.5,8.0,1.0,34,1.1,470,100,Olahan,Makanan Utama,,330,Sroto Banyumas Sroto Sokaraja,Sokaraja Soto With Peanut Sauce · Sroto Banyumas Sroto Sokaraja · 1 mangkok · Jawa Tengah/Soto & Sup · src:Recipe calc · conf:medium
idn-tengkleng-kambing,Tengkleng Kambing,120.0,10.0,8.0,2.0,0.4,30,2.0,500,100,Olahan,Makanan Utama,,300,Tengkleng Klewer Tengkleng Solo,Goat Bone Soup · Tengkleng Klewer Tengkleng Solo · 1 mangkok · Jawa Tengah/Kambing · src:Recipe calc · conf:high
idn-bakso-malang,Bakso Malang,122.0,7.5,5.5,10.5,0.8,26,1.2,620,100,Olahan,Makanan Utama,,350,Bakso Malang Komplit Bakwan Malang,Malang Meatball Soup With Dumplings · Bakso Malang Komplit Bakwan Malang · 1 mangkok · Jawa Timur/Bakso · src:Recipe calc · conf:high
idn-cwie-mie-malang,Cwie Mie Malang,177.0,8.5,6.5,21.0,1.2,26,1.4,600,100,Olahan,Makanan Utama,,250,Cwie Mie Cwimie,Malang Minced Chicken Noodles · Cwie Mie Cwimie · 1 porsi · Jawa Timur/Mie & Bihun · src:Recipe calc · conf:medium
idn-lontong-balap,Lontong Balap,96.0,4.5,3.5,11.5,1.4,55,1.2,480,100,Olahan,Makanan Utama,,320,Lontong Balap Surabaya,Surabaya Rice Cake With Bean Sprouts & Lentho · Lontong Balap Surabaya · 1 porsi · Jawa Timur/Nasi · src:Recipe calc · conf:medium
idn-lontong-kupang,Lontong Kupang,89.0,5.5,2.5,11.0,0.8,150,4.5,620,100,Olahan,Makanan Utama,,320,Kupang Lontong Lontong Kupang Sidoarjo,Rice Cake With Tiny Clams · Kupang Lontong Lontong Kupang Sidoarjo · 1 porsi · Jawa Timur/Nasi · src:Recipe calc · conf:medium
idn-mie-gacoan-pedas,Mie Gacoan Pedas,203.0,7.0,7.5,27.0,1.3,25,1.4,700,100,Olahan,Makanan Utama,,220,Mie Gacoan Mie Level Pedas,Spicy Gacoan-Style Noodles · Mie Gacoan Mie Level Pedas · 1 porsi · Jawa Timur/Mie & Bihun · src:Recipe calc · conf:medium
idn-mie-setan,Mie Setan,200.0,7.0,7.0,27.5,1.3,25,1.4,720,100,Olahan,Makanan Utama,,220,Mie Iblis Mie Setan Pedas,Devil Spicy Dry Noodles · Mie Iblis Mie Setan Pedas · 1 porsi · Jawa Timur/Mie & Bihun · src:Recipe calc · conf:medium
idn-nasi-ayam-penyet,Nasi Ayam Penyet,200.0,10.0,8.0,22.5,1.2,28,1.3,520,100,Olahan,Makanan Utama,,330,Nasi Penyet Ayam,Rice With Smashed Fried Chicken · Nasi Penyet Ayam · 1 piring · Jawa Timur/Ayam · src:Recipe calc · conf:high
idn-nasi-cumi-surabaya,Nasi Cumi Surabaya,192.0,8.5,6.5,25.0,0.9,30,1.5,550,100,Olahan,Makanan Utama,,320,Nasi Cumi Hitam Sego Cumi,Surabaya Rice With Black Squid · Nasi Cumi Hitam Sego Cumi · 1 piring · Jawa Timur/Seafood · src:Recipe calc · conf:medium
idn-nasi-lele-penyet,Nasi Lele Penyet,196.0,9.0,7.5,23.5,1.2,35,1.2,450,100,Olahan,Makanan Utama,,320,Nasi Lele Sambal Nasi Pecel Lele,Rice With Smashed Fried Catfish · Nasi Lele Sambal Nasi Pecel Lele · 1 piring · Jawa Timur/Ikan · src:Recipe calc · conf:medium
idn-nasi-pecel-madiun,Nasi Pecel Madiun,159.0,5.5,5.5,22.0,2.4,70,1.9,380,100,Olahan,Makanan Utama,,300,Nasi Pecel Pecel Madiun Sego Pecel,Madiun Rice With Peanut-Sauce Vegetables · Nasi Pecel Pecel Madiun Sego Pecel · 1 piring · Jawa Timur/Nasi · src:Recipe calc · conf:high
idn-pecel-rawon,Pecel Rawon,137.0,7.5,7.0,11.0,2.2,55,1.9,480,100,Olahan,Makanan Utama,,350,Pecel Rawon Banyuwangi Rawon Pecel,Pecel With Rawon Broth · Pecel Rawon Banyuwangi Rawon Pecel · 1 piring · Jawa Timur/Soto & Sup · src:Recipe calc · conf:medium
idn-rujak-soto,Rujak Soto,97.0,6.0,5.0,7.0,1.6,60,1.8,470,100,Olahan,Makanan Utama,,350,Rujak Soto Banyuwangi Soto Rujak,Banyuwangi Soto & Rujak Mix · Rujak Soto Banyuwangi Soto Rujak · 1 piring · Jawa Timur/Soto & Sup · src:Recipe calc · conf:medium
idn-sega-tempong,Sega Tempong,157.0,7.0,5.5,20.0,1.6,34,1.3,540,100,Olahan,Makanan Utama,,300,Nasi Tempong Sego Tempong Banyuwangi,Banyuwangi Rice With Fiery Sambal · Nasi Tempong Sego Tempong Banyuwangi · 1 piring · Jawa Timur/Nasi · src:Recipe calc · conf:medium
idn-sego-sambel,Sego Sambel,176.0,6.5,6.0,24.0,1.0,26,1.2,560,100,Olahan,Makanan Utama,,280,Nasi Sambel Sego Sambel Mak Yeye,Rice With Chili Sambal & Side · Nasi Sambel Sego Sambel Mak Yeye · 1 piring · Jawa Timur/Nasi · src:Recipe calc · conf:medium
idn-soto-ayam-lamongan,Soto Ayam Lamongan,68.0,6.0,3.5,3.0,0.4,24,0.7,430,100,Olahan,Makanan Utama,,350,Soto Ayam Koya Soto Lamongan,Lamongan Chicken Soto With Koya · Soto Ayam Koya Soto Lamongan · 1 mangkok · Jawa Timur/Ayam · src:Recipe calc · conf:high
idn-tahu-campur-lamongan,Tahu Campur Lamongan,112.0,6.5,5.5,9.0,1.4,60,1.4,520,100,Olahan,Makanan Utama,,350,Tahu Campur Tahu Campur Surabaya,Lamongan Beef & Tofu Soup With Petis · Tahu Campur Tahu Campur Surabaya · 1 mangkok · Jawa Timur/Tahu & Tempe · src:Recipe calc · conf:medium
idn-tahu-tek,Tahu Tek,155.0,8.5,9.0,10.0,1.6,120,1.8,540,100,Olahan,Makanan Utama,,250,Tahu Tek-Tek Tahu Telur Petis,Fried Tofu With Petis Peanut Sauce · Tahu Tek-Tek Tahu Telur Petis · 1 porsi · Jawa Timur/Tahu & Tempe · src:Recipe calc · conf:medium
idn-tahu-telur-surabaya,Tahu Telur Surabaya,177.0,10.0,11.0,9.5,1.2,120,2.0,520,100,Olahan,Makanan Utama,,250,Tahu Telor Tahu Telur Petis,Tofu Omelette With Peanut Petis Sauce · Tahu Telor Tahu Telur Petis · 1 porsi · Jawa Timur/Telur · src:Recipe calc · conf:medium
idn-bubur-ikan-pontianak,Bubur Ikan Pontianak,84.0,5.5,2.0,11.0,0.4,20,0.5,350,100,Olahan,Makanan Utama,,350,Bubur Ikan Kakap Bubur Ikan Kalbar,Pontianak Fish Rice Porridge · Bubur Ikan Kakap Bubur Ikan Kalbar · 1 mangkok · Kalimantan Barat/Ikan · src:Recipe calc · conf:medium
idn-bubur-pedas-sambas,Bubur Pedas Sambas,76.0,2.5,2.5,11.0,1.5,40,1.0,330,100,Olahan,Makanan Utama,,300,Bubbur Paddas Bubur Pedas Melayu,Sambas Toasted Rice & Vegetable Porridge · Bubbur Paddas Bubur Pedas Melayu · 1 mangkok · Kalimantan Barat/Bubur · src:Recipe calc · conf:medium
idn-lontong-orari,Lontong Orari,134.0,6.0,6.5,13.0,0.6,25,0.9,420,100,Olahan,Makanan Utama,,350,Lontong Banjar Lontong Orari Banjarmasin,Banjarese Triangular Lontong With Habang Sides · Lontong Banjar Lontong Orari Banjarmasin · 1 porsi · Kalimantan Selatan/Nasi · src:Recipe calc · conf:medium
idn-nasi-itik-gambut,Nasi Itik Gambut,196.0,8.0,8.0,23.0,0.8,20,1.2,400,100,Olahan,Makanan Utama,,250,Nasi Bebek Gambut Nasi Itik Banjar,Gambut Steamed Rice With Habang Duck · Nasi Bebek Gambut Nasi Itik Banjar · 1 bungkus · Kalimantan Selatan/Bebek & Unggas · src:Recipe calc · conf:medium
idn-nasi-kuning-banjar,Nasi Kuning Banjar,168.0,3.0,4.0,30.0,0.6,15,0.6,250,100,Olahan,Makanan Utama,,200,Nasi Kuning Banjarmasin Nasi Kuning Habang,Banjarese Turmeric Coconut Rice · Nasi Kuning Banjarmasin Nasi Kuning Habang · 1 porsi · Kalimantan Selatan/Nasi · src:Recipe calc · conf:high
idn-soto-banjar,Soto Banjar,124.0,6.5,9.5,3.2,0.2,28,0.8,400,100,Olahan,Makanan Utama,,300,Soto Banjar Limau Kuit Sotobanjar,Banjarese Spiced Chicken Soup · Soto Banjar Limau Kuit Sotobanjar · 1 mangkok · Kalimantan Selatan/Soto & Sup · src:Recipe calc · conf:high
idn-nasi-bekepor,Nasi Bekepor,183.0,4.5,5.0,30.0,0.8,20,0.8,320,100,Olahan,Makanan Utama,,200,Nasi Bekepor Kutai Nasi Kepor,Kutai Pot-Cooked Rice With Salted Fish & Lemon Basil · Nasi Bekepor Kutai Nasi Kepor · 1 porsi · Kalimantan Timur/Nasi · src:Recipe calc · conf:medium
idn-nasi-subut,Nasi Subut,155.0,3.0,0.8,34.0,1.8,15,0.8,180,100,Olahan,Makanan Utama,,200,Nasi Subut Tarakan Nasi Ubi Ungu Tidung,Tidung Purple Sweet Potato Rice With Corn · Nasi Subut Tarakan Nasi Ubi Ungu Tidung · 1 porsi · Kalimantan Utara/Nasi · src:Recipe calc · conf:medium
idn-lempah-kuning,Lempah Kuning,75.0,9.5,2.0,4.5,0.9,25,0.8,450,100,Olahan,Makanan Utama,,300,Gangan Bangka Lempah Kuning Ikan,Bangka Yellow Fish & Pineapple Soup · Gangan Bangka Lempah Kuning Ikan · 1 mangkok · Kepulauan Bangka Belitung/Ikan · src:Recipe calc · conf:medium
idn-mie-bangka,Mie Bangka,165.0,7.5,6.0,20.0,1.0,25,1.2,520,100,Olahan,Makanan Utama,,300,Bakmi Bangka Mi Bangka,Bangka Noodles With Chicken & Mushroom · Bakmi Bangka Mi Bangka · 1 mangkok · Kepulauan Bangka Belitung/Mie & Bihun · src:Recipe calc · conf:high
idn-mie-koba,Mie Koba,140.0,6.5,4.0,20.0,0.8,25,1.0,480,100,Olahan,Makanan Utama,,300,Mi Koba Mie Koba Koba,Bangka Noodles In Sweet Fish Broth · Mi Koba Mie Koba Koba · 1 mangkok · Kepulauan Bangka Belitung/Mie & Bihun · src:Recipe calc · conf:medium
idn-pantiaw,Pantiaw,130.0,5.5,3.0,20.0,0.7,25,0.8,480,100,Olahan,Makanan Utama,,250,Kwetiau Pantiaw Pantiaw Bangka,Bangka Flat Rice Noodles With Fish Broth · Kwetiau Pantiaw Pantiaw Bangka · 1 porsi · Kepulauan Bangka Belitung/Mie & Bihun · src:Recipe calc · conf:low
idn-nasi-lemak,Nasi Lemak,197.0,5.5,7.5,27.0,1.2,30,1.2,420,100,Olahan,Makanan Utama,,300,Nasi Lemak Melayu,Coconut Milk Rice Plate · Nasi Lemak Melayu · 1 piring · Kepulauan Riau/Nasi · src:Recipe calc · conf:medium
idn-seruit,Seruit,145.0,14.0,7.0,6.5,1.5,45,1.4,600,100,Olahan,Makanan Utama,,150,Ikan Seruit Seruit Lampung,Lampung Grilled Fish Mashed With Sambal · Ikan Seruit Seruit Lampung · 1 porsi · Lampung/Ikan · src:Recipe calc · conf:medium
idn-kasbi-rebus,Kasbi Rebus,150.0,1.2,0.3,35.5,1.8,25,0.5,10,100,Olahan,Makanan Utama,,150,Kasbi Rebus Ambon Ubi Kayu Rebus Maluku,Boiled Cassava · Kasbi Rebus Ambon Ubi Kayu Rebus Maluku · 1 potong · Maluku/Serealia & Umbi · src:TKPI · conf:high
idn-nasi-lapola,Nasi Lapola,185.0,5.0,5.5,29.0,2.5,25,1.0,220,100,Olahan,Makanan Utama,,200,Lapola Nasi Lapola Maluku,Moluccan Rice With Cowpeas & Grated Coconut · Lapola Nasi Lapola Maluku · 1 porsi · Maluku/Nasi · src:Recipe calc · conf:medium
idn-bakso-kuah-komplit,Bakso Kuah Komplit,98.0,6.5,4.0,9.0,0.6,25,1.0,620,100,Olahan,Makanan Utama,,400,Bakso Komplit Bakso Kuah,Complete Meatball Soup Bowl · Bakso Komplit Bakso Kuah · 1 mangkok · Nasional/Bakso · src:Recipe calc · conf:high
idn-bakso-urat-kuah-komplit,Bakso Urat Kuah Komplit,106.0,7.5,5.0,8.0,0.6,25,1.2,640,100,Olahan,Makanan Utama,,400,Bakso Urat Komplit Bakso Urat Kuah,Complete Tendon Meatball Soup Bowl · Bakso Urat Komplit Bakso Urat Kuah · 1 mangkok · Nasional/Bakso · src:Recipe calc · conf:medium
idn-bihun-goreng-seafood,Bihun Goreng Seafood,194.0,7.5,6.0,27.0,1.0,40,1.1,640,100,Olahan,Makanan Utama,,300,Bihun Seafood Goreng,Seafood Fried Rice Vermicelli · Bihun Seafood Goreng · 1 piring · Nasional/Seafood · src:Recipe calc · conf:medium
idn-bihun-kuah-ayam,Bihun Kuah Ayam,105.0,4.5,3.0,15.0,0.6,20,0.7,540,100,Olahan,Makanan Utama,,380,Bihun Kuah Sup Bihun Ayam,Chicken Rice Vermicelli Soup · Bihun Kuah Sup Bihun Ayam · 1 mangkok · Nasional/Ayam · src:Recipe calc · conf:medium
idn-bubur-ayam-kuah-kuning,Bubur Ayam Kuah Kuning,104.0,4.2,3.8,13.5,0.5,22,0.6,440,100,Olahan,Makanan Utama,,400,Bubur Ayam Kuah Santan Bubur Ayam Kuning,Chicken Porridge With Yellow Coconut Broth · Bubur Ayam Kuah Santan Bubur Ayam Kuning · 1 mangkok · Nasional/Ayam · src:Recipe calc · conf:medium
idn-bubur-ayam-spesial-telur,Bubur Ayam Spesial Telur,121.0,5.5,4.8,14.0,0.5,25,0.8,450,100,Olahan,Makanan Utama,,400,Bubur Ayam Plus Telur Bubur Ayam Telur,Chicken Porridge With Egg · Bubur Ayam Plus Telur Bubur Ayam Telur · 1 mangkok · Nasional/Ayam · src:Recipe calc · conf:medium
idn-ifumie-seafood,Ifumie Seafood,155.0,7.0,6.0,18.0,0.9,35,1.2,620,100,Olahan,Makanan Utama,,350,I Fu Mie Seafood Ifu Mie,Crispy Fried Noodle With Seafood Gravy · I Fu Mie Seafood Ifu Mie · 1 piring · Nasional/Seafood · src:Recipe calc · conf:medium
idn-kwetiau-goreng-seafood,Kwetiau Goreng Seafood,200.0,8.0,6.5,27.5,1.0,40,1.3,680,100,Olahan,Makanan Utama,,320,Kwetiau Seafood Goreng,Seafood Fried Flat Rice Noodles · Kwetiau Seafood Goreng · 1 piring · Nasional/Seafood · src:Recipe calc · conf:medium
idn-kwetiau-kuah-seafood,Kwetiau Kuah Seafood,100.0,5.5,3.0,12.5,0.7,35,0.9,600,100,Olahan,Makanan Utama,,400,Kwetiau Kuah Kwetiau Sup Seafood,Seafood Flat Rice Noodle Soup · Kwetiau Kuah Kwetiau Sup Seafood · 1 mangkok · Nasional/Seafood · src:Recipe calc · conf:medium
idn-kwetiau-sapi,Kwetiau Sapi,209.0,8.5,7.5,27.0,1.0,25,1.8,660,100,Olahan,Makanan Utama,,320,Kwetiau Daging Kwetiau Goreng Sapi,Beef Fried Flat Rice Noodles · Kwetiau Daging Kwetiau Goreng Sapi · 1 piring · Nasional/Daging Sapi · src:Recipe calc · conf:medium
idn-lomie,Lomie,135.0,6.5,4.5,17.0,1.0,30,1.2,640,100,Olahan,Makanan Utama,,380,Lo Mie Lomi,Thick Gravy Noodles · Lo Mie Lomi · 1 mangkok · Nasional/Mie & Bihun · src:Recipe calc · conf:medium
idn-lontong-opor-ayam,Lontong Opor Ayam,130.0,5.5,6.0,13.5,1.0,35,1.0,460,100,Olahan,Makanan Utama,,350,Ketupat Opor Ayam Lontong Opor,Rice Cake With Chicken In Coconut Sauce · Ketupat Opor Ayam Lontong Opor · 1 piring · Nasional/Ayam · src:Recipe calc · conf:high
idn-mie-ayam-bakso,Mie Ayam Bakso,138.0,6.5,5.8,14.5,1.0,25,1.2,620,100,Olahan,Makanan Utama,,380,Mi Ayam Bakso Mie Ayam Plus Bakso,Chicken Noodles With Meatballs · Mi Ayam Bakso Mie Ayam Plus Bakso · 1 mangkok · Nasional/Ayam · src:Recipe calc · conf:high
idn-mie-ayam-ceker,Mie Ayam Ceker,140.0,7.0,6.5,13.8,0.9,30,1.2,620,100,Olahan,Makanan Utama,,400,Mi Ayam Ceker,Chicken Noodles With Chicken Feet · Mi Ayam Ceker · 1 mangkok · Nasional/Ayam · src:Recipe calc · conf:medium
idn-mie-ayam-jamur,Mie Ayam Jamur,132.0,6.0,5.5,14.5,1.2,24,1.1,600,100,Olahan,Makanan Utama,,380,Mi Ayam Jamur,Chicken Noodles With Mushroom · Mi Ayam Jamur · 1 mangkok · Nasional/Ayam · src:Recipe calc · conf:high
idn-mie-ayam-pangsit,Mie Ayam Pangsit,145.0,6.8,6.3,15.0,1.0,25,1.2,640,100,Olahan,Makanan Utama,,380,Mi Ayam Pangsit Mie Pangsit Ayam,Chicken Noodles With Wontons · Mi Ayam Pangsit Mie Pangsit Ayam · 1 mangkok · Nasional/Ayam · src:Recipe calc · conf:high
idn-mie-dok-dok,Mie Dok Dok,136.0,5.5,4.5,18.5,1.1,26,1.1,560,100,Olahan,Makanan Utama,,350,Mi Dokdok Mie Dok-Dok,Street Cart Noodle Soup · Mi Dokdok Mie Dok-Dok · 1 mangkok · Nasional/Mie & Bihun · src:Recipe calc · conf:medium
idn-mie-goreng-ayam,Mie Goreng Ayam,200.0,8.0,6.5,27.5,1.4,30,1.4,620,100,Olahan,Makanan Utama,,300,Mi Goreng Ayam,Chicken Fried Noodles · Mi Goreng Ayam · 1 piring · Nasional/Ayam · src:Recipe calc · conf:medium
idn-mie-goreng-jawa,Mie Goreng Jawa,202.0,8.0,6.5,28.0,1.5,30,1.5,620,100,Olahan,Makanan Utama,,300,Mi Goreng Jawa Mie Goreng,Javanese Fried Noodles · Mi Goreng Jawa Mie Goreng · 1 piring · Nasional/Mie & Bihun · src:FatSecret ID · conf:high
idn-mie-goreng-sayur,Mie Goreng Sayur,183.0,5.5,5.5,28.0,2.0,35,1.4,580,100,Olahan,Makanan Utama,,300,Mi Goreng Sayur Mie Goreng Vegetarian,Vegetable Fried Noodles · Mi Goreng Sayur Mie Goreng Vegetarian · 1 piring · Nasional/Mie & Bihun · src:Recipe calc · conf:medium
idn-mie-goreng-seafood,Mie Goreng Seafood,194.0,8.5,6.0,26.5,1.4,40,1.4,640,100,Olahan,Makanan Utama,,320,Mi Goreng Seafood Mie Goreng Udang Cumi,Seafood Fried Noodles · Mi Goreng Seafood Mie Goreng Udang Cumi · 1 piring · Nasional/Seafood · src:Recipe calc · conf:medium
idn-mie-instan-goreng-jumbo,Mie Instan Goreng Jumbo,218.0,7.0,9.5,26.5,1.2,20,1.5,850,100,Olahan,Makanan Utama,,260,Indomie Goreng Jumbo Mie Goreng Jumbo,Jumbo Instant Fried Noodles · Indomie Goreng Jumbo Mie Goreng Jumbo · 1 porsi · Nasional/Mie & Bihun · src:FatSecret ID · conf:high
idn-mie-instan-goreng-kornet,Mie Instan Goreng Kornet,225.0,8.0,10.5,25.0,1.1,22,1.6,900,100,Olahan,Makanan Utama,,270,Indomie Goreng Kornet,Instant Fried Noodles With Corned Beef · Indomie Goreng Kornet · 1 porsi · Nasional/Mie & Bihun · src:Recipe calc · conf:medium
idn-mie-instan-goreng-telur,Mie Instan Goreng Telur,214.0,7.5,9.5,25.0,1.2,30,1.6,780,100,Olahan,Makanan Utama,,250,Indomie Goreng Telur Mie Goreng Instan Telur,Instant Fried Noodles With Egg · Indomie Goreng Telur Mie Goreng Instan Telur · 1 porsi · Nasional/Telur · src:Recipe calc · conf:high
idn-mie-instan-kuah-telur,Mie Instan Kuah Telur,130.0,5.0,6.0,14.0,0.7,25,1.0,750,100,Olahan,Makanan Utama,,400,Indomie Kuah Telur Mie Instan Rebus Telur,Instant Noodle Soup With Egg · Indomie Kuah Telur Mie Instan Rebus Telur · 1 mangkok · Nasional/Telur · src:Recipe calc · conf:high
idn-mie-rebus-jawa,Mie Rebus Jawa,128.0,5.5,4.0,17.5,1.0,25,1.0,520,100,Olahan,Makanan Utama,,350,Bakmi Rebus Mi Rebus Jawa,Javanese Boiled Noodle Soup · Bakmi Rebus Mi Rebus Jawa · 1 mangkok · Nasional/Mie & Bihun · src:Recipe calc · conf:high
idn-mie-tek-tek-goreng,Mie Tek-Tek Goreng,200.0,7.5,6.5,28.0,1.4,30,1.5,660,100,Olahan,Makanan Utama,,300,Mi Tektek Goreng Mie Tek Tek,Street Cart Fried Noodles · Mi Tektek Goreng Mie Tek Tek · 1 piring · Nasional/Mie & Bihun · src:Recipe calc · conf:medium
idn-nasi-ayam-bakar-komplit,Nasi Ayam Bakar Komplit,193.0,9.5,6.5,24.5,1.2,28,1.3,500,100,Olahan,Makanan Utama,,330,Nasi Ayam Bakar,Rice With Grilled Chicken And Sides · Nasi Ayam Bakar · 1 piring · Nasional/Ayam · src:Recipe calc · conf:high
idn-nasi-ayam-geprek,Nasi Ayam Geprek,205.0,10.0,8.5,22.0,1.0,25,1.2,560,100,Olahan,Makanan Utama,,320,Ayam Geprek Nasi Nasi Geprek,Rice With Smashed Crispy Chicken · Ayam Geprek Nasi Nasi Geprek · 1 piring · Nasional/Ayam · src:Recipe calc · conf:high
idn-nasi-ayam-goreng-lalapan,Nasi Ayam Goreng Lalapan,205.0,10.0,8.5,22.5,1.4,28,1.3,430,100,Olahan,Makanan Utama,,330,Nasi Ayam Goreng Sambal Nasi Ayam Lalapan,Rice With Fried Chicken And Raw Vegetables · Nasi Ayam Goreng Sambal Nasi Ayam Lalapan · 1 piring · Nasional/Ayam · src:Recipe calc · conf:high
idn-nasi-ayam-katsu,Nasi Ayam Katsu,206.0,9.5,8.0,24.0,0.9,25,1.1,520,100,Olahan,Makanan Utama,,330,Nasi Chicken Katsu Nasi Katsu,Rice With Chicken Katsu · Nasi Chicken Katsu Nasi Katsu · 1 piring · Nasional/Ayam · src:Recipe calc · conf:medium
idn-nasi-ayam-kremes,Nasi Ayam Kremes,216.0,9.5,9.5,23.5,1.0,28,1.3,450,100,Olahan,Makanan Utama,,330,Nasi Ayam Kremes Komplit,Rice With Crispy-Flake Fried Chicken · Nasi Ayam Kremes Komplit · 1 piring · Nasional/Ayam · src:Recipe calc · conf:medium
idn-nasi-bakar-ayam-suwir,Nasi Bakar Ayam Suwir,180.0,6.5,5.5,26.0,1.0,30,1.1,420,100,Olahan,Makanan Utama,,250,Nasi Bakar Ayam Nasi Bakar Suwir,Grilled Banana-Leaf Rice With Shredded Chicken · Nasi Bakar Ayam Nasi Bakar Suwir · 1 bungkus · Nasional/Ayam · src:Recipe calc · conf:medium
idn-nasi-bakar-teri-kemangi,Nasi Bakar Teri Kemangi,178.0,6.5,5.0,26.5,1.1,70,1.3,520,100,Olahan,Makanan Utama,,250,Nasi Bakar Teri,Grilled Banana-Leaf Rice With Anchovy And Basil · Nasi Bakar Teri · 1 bungkus · Nasional/Ikan · src:Recipe calc · conf:medium
idn-nasi-bebek-sambal-hijau,Nasi Bebek Sambal Hijau,223.0,10.0,10.5,22.5,1.2,30,1.6,500,100,Olahan,Makanan Utama,,330,Nasi Bebek Cabe Ijo Nasi Bebek Goreng,Rice With Fried Duck And Green Chilli Sambal · Nasi Bebek Cabe Ijo Nasi Bebek Goreng · 1 piring · Nasional/Bebek & Unggas · src:Recipe calc · conf:medium
idn-nasi-biryani-ayam,Nasi Biryani Ayam,205.0,9.0,8.0,24.5,1.2,30,1.4,470,100,Olahan,Makanan Utama,,350,Nasi Beriani Ayam Nasi Briyani,Indonesian-Style Chicken Biryani · Nasi Beriani Ayam Nasi Briyani · 1 piring · Nasional/Ayam · src:Recipe calc · conf:medium
idn-nasi-campur,Nasi Campur,186.0,7.5,6.5,24.5,1.3,35,1.4,420,100,Olahan,Makanan Utama,,350,Nasi Campur Warung Nasi Rames Campur,Mixed Rice Plate · Nasi Campur Warung Nasi Rames Campur · 1 piring · Nasional/Nasi · src:Recipe calc · conf:medium
idn-nasi-goreng-ati-ampela,Nasi Goreng Ati Ampela,182.0,8.0,6.5,23.0,0.8,25,3.0,500,100,Olahan,Makanan Utama,,320,Nasgor Ati Ampela,Fried Rice With Chicken Liver And Gizzard · Nasgor Ati Ampela · 1 piring · Nasional/Nasi · src:Recipe calc · conf:medium
idn-nasi-goreng-ayam,Nasi Goreng Ayam,176.0,7.0,6.0,23.5,0.8,22,1.0,450,100,Olahan,Makanan Utama,,300,Nasgor Ayam,Chicken Fried Rice · Nasgor Ayam · 1 piring · Nasional/Ayam · src:Recipe calc · conf:high
idn-nasi-goreng-bakso,Nasi Goreng Bakso,185.0,6.5,7.0,24.0,0.8,25,1.2,540,100,Olahan,Makanan Utama,,320,Nasgor Bakso,Meatball Fried Rice · Nasgor Bakso · 1 piring · Nasional/Nasi · src:Recipe calc · conf:medium
idn-nasi-goreng-hongkong,Nasi Goreng Hongkong,184.0,7.5,6.5,24.0,0.9,25,1.2,520,100,Olahan,Makanan Utama,,320,Nasgor Hongkong Nasi Goreng Hong Kong,Hong Kong Style Fried Rice · Nasgor Hongkong Nasi Goreng Hong Kong · 1 piring · Nasional/Nasi · src:Recipe calc · conf:medium
idn-nasi-goreng-ikan-asin,Nasi Goreng Ikan Asin,180.0,7.0,6.5,23.5,0.8,45,1.2,700,100,Olahan,Makanan Utama,,300,Nasgor Ikan Asin,Salted Fish Fried Rice · Nasgor Ikan Asin · 1 piring · Nasional/Ikan · src:Recipe calc · conf:medium
idn-nasi-goreng-kampung,Nasi Goreng Kampung,168.0,5.0,5.5,24.0,0.8,20,1.0,420,100,Olahan,Makanan Utama,,300,Nasgor Kampung Nasi Goreng Biasa,Village-Style Fried Rice · Nasgor Kampung Nasi Goreng Biasa · 1 piring · Nasional/Nasi · src:FatSecret ID · conf:high
idn-nasi-goreng-kecap,Nasi Goreng Kecap,174.0,5.0,5.5,26.0,0.7,22,1.1,520,100,Olahan,Makanan Utama,,300,Nasgor Kecap Nasi Goreng Manis,Sweet Soy Fried Rice · Nasgor Kecap Nasi Goreng Manis · 1 piring · Nasional/Nasi · src:Recipe calc · conf:medium
idn-nasi-goreng-pete,Nasi Goreng Pete,180.0,6.5,6.5,24.0,1.6,25,1.2,460,100,Olahan,Makanan Utama,,300,Nasgor Pete Nasi Goreng Petai,Fried Rice With Stink Beans · Nasgor Pete Nasi Goreng Petai · 1 piring · Nasional/Nasi · src:Recipe calc · conf:medium
idn-nasi-goreng-rendang,Nasi Goreng Rendang,205.0,8.5,9.0,22.5,1.0,30,1.8,520,100,Olahan,Makanan Utama,,320,Nasgor Rendang,Rendang Fried Rice · Nasgor Rendang · 1 piring · Nasional/Daging Sapi · src:Recipe calc · conf:medium
idn-nasi-goreng-salted-egg,Nasi Goreng Salted Egg,205.0,7.0,9.5,23.0,0.7,40,1.3,620,100,Olahan,Makanan Utama,,300,Nasgor Telur Asin Nasi Goreng Telur Asin,Salted Egg Fried Rice · Nasgor Telur Asin Nasi Goreng Telur Asin · 1 piring · Nasional/Nasi · src:Recipe calc · conf:medium
idn-nasi-goreng-sayur,Nasi Goreng Sayur,160.0,4.5,5.0,24.5,1.5,25,1.0,400,100,Olahan,Makanan Utama,,300,Nasgor Sayur Nasi Goreng Vegetarian,Vegetable Fried Rice · Nasgor Sayur Nasi Goreng Vegetarian · 1 piring · Nasional/Nasi · src:Recipe calc · conf:medium
idn-nasi-goreng-sosis,Nasi Goreng Sosis,195.0,6.5,8.5,23.0,0.7,25,1.1,560,100,Olahan,Makanan Utama,,300,Nasgor Sosis,Sausage Fried Rice · Nasgor Sosis · 1 piring · Nasional/Nasi · src:Recipe calc · conf:medium
idn-nasi-goreng-spesial,Nasi Goreng Spesial,190.0,7.5,7.5,23.0,0.9,28,1.3,480,100,Olahan,Makanan Utama,,320,Nasgor Spesial Nasi Goreng Komplit,Special Fried Rice With Egg And Chicken · Nasgor Spesial Nasi Goreng Komplit · 1 piring · Nasional/Nasi · src:Recipe calc · conf:high
idn-nasi-goreng-terasi,Nasi Goreng Terasi,172.0,5.5,6.0,24.0,0.8,30,1.1,560,100,Olahan,Makanan Utama,,300,Nasgor Terasi,Shrimp Paste Fried Rice · Nasgor Terasi · 1 piring · Nasional/Nasi · src:Recipe calc · conf:medium
idn-nasi-hainan-ayam,Nasi Hainan Ayam,195.0,9.0,7.0,24.0,0.6,20,1.0,480,100,Olahan,Makanan Utama,,350,Hainanese Chicken Rice Nasi Ayam Hainan,Hainanese Chicken Rice · Hainanese Chicken Rice Nasi Ayam Hainan · 1 piring · Nasional/Ayam · src:Recipe calc · conf:medium
idn-nasi-ikan-goreng-sambal,Nasi Ikan Goreng Sambal,188.0,9.5,6.5,23.0,1.1,45,1.2,470,100,Olahan,Makanan Utama,,320,Nasi Ikan Goreng Nasi Ikan Sambal,Rice With Fried Fish And Sambal · Nasi Ikan Goreng Nasi Ikan Sambal · 1 piring · Nasional/Ikan · src:Recipe calc · conf:medium
idn-nasi-kari-katsu,Nasi Kari Katsu,202.0,8.5,8.0,24.5,1.2,30,1.2,480,100,Olahan,Makanan Utama,,350,Katsu Curry Rice Nasi Katsu Kari,Rice With Katsu And Japanese Curry · Katsu Curry Rice Nasi Katsu Kari · 1 piring · Nasional/Ayam · src:Recipe calc · conf:medium
idn-nasi-kuning-komplit,Nasi Kuning Komplit,192.0,7.0,7.0,25.5,1.1,35,1.3,430,100,Olahan,Makanan Utama,,300,Nasi Kuning Lengkap Sego Kuning,Complete Yellow Turmeric Rice Plate · Nasi Kuning Lengkap Sego Kuning · 1 piring · Nasional/Nasi · src:Recipe calc · conf:medium
idn-nasi-mandhi-kambing,Nasi Mandhi Kambing,210.0,9.5,8.5,24.0,1.0,30,1.8,460,100,Olahan,Makanan Utama,,350,Nasi Mandhi Nasi Mandi,Goat Mandi Rice · Nasi Mandhi Nasi Mandi · 1 piring · Nasional/Kambing · src:Recipe calc · conf:medium
idn-nasi-rendang,Nasi Rendang,214.0,8.5,9.5,24.0,1.2,35,1.9,480,100,Olahan,Makanan Utama,,330,Nasi Rendang Sapi,Rice With Beef Rendang · Nasi Rendang Sapi · 1 piring · Nasional/Daging Sapi · src:Recipe calc · conf:medium
idn-pangsit-kuah,Pangsit Kuah,95.0,5.0,3.5,10.5,0.5,20,0.7,620,100,Olahan,Makanan Utama,,300,Pangsit Rebus Kuah Sup Pangsit,Wonton Soup · Pangsit Rebus Kuah Sup Pangsit · 1 mangkok · Nasional/Bakso · src:Recipe calc · conf:medium
idn-bebalung,Bebalung,110.0,10.0,6.5,3.0,0.5,20,1.6,460,100,Olahan,Makanan Utama,,300,Bebalung Sapi Sop Bebalung Lombok,Lombok Beef Rib Soup With Chilli & Galangal · Bebalung Sapi Sop Bebalung Lombok · 1 mangkok · Nusa Tenggara Barat/Soto & Sup · src:Recipe calc · conf:medium
idn-nasi-balap-puyung,Nasi Balap Puyung,205.0,8.0,7.0,27.0,1.5,30,1.4,480,100,Olahan,Makanan Utama,,300,Nasi Balap Inaq Esun Nasi Puyung,Lombok Rice With Spicy Shredded Chicken · Nasi Balap Inaq Esun Nasi Puyung · 1 porsi · Nusa Tenggara Barat/Nasi · src:Recipe calc · conf:medium
idn-sate-bulayak,Sate Bulayak,200.0,14.0,11.0,11.0,1.2,30,2.2,520,100,Olahan,Makanan Utama,,150,Bulayak Sate Bulayak Lombok,Lombok Satay With Peanut Sauce & Coiled Rice Cake · Bulayak Sate Bulayak Lombok · 1 porsi · Nusa Tenggara Barat/Sate · src:Recipe calc · conf:medium
idn-sate-ikan-tanjung-kuah,Sate Ikan Tanjung Kuah,120.0,11.0,7.0,3.5,0.8,30,1.0,420,100,Olahan,Makanan Utama,,200,Sate Ikan Kuah Lombok Sate Tanjung Berkuah,Tanjung Fish Satay With Coconut Broth · Sate Ikan Kuah Lombok Sate Tanjung Berkuah · 1 porsi · Nusa Tenggara Barat/Sate · src:Recipe calc · conf:low
idn-sepat-sumbawa,Sepat Sumbawa,70.0,9.0,1.5,4.5,1.0,30,0.9,400,100,Olahan,Makanan Utama,,250,Sepat Sepat Ikan Sumbawa,Sumbawa Grilled Fish In Sour Mango Broth · Sepat Sepat Ikan Sumbawa · 1 mangkok · Nusa Tenggara Barat/Ikan · src:Recipe calc · conf:medium
idn-singang,Singang,80.0,10.0,2.5,4.0,0.8,30,1.0,420,100,Olahan,Makanan Utama,,250,Ikan Singang Singang Sumbawa,Sumbawa Yellow Sour Fish Soup · Ikan Singang Singang Sumbawa · 1 mangkok · Nusa Tenggara Barat/Ikan · src:Recipe calc · conf:medium
idn-ikan-kuah-asam-kupang,Ikan Kuah Asam Kupang,75.0,10.0,1.8,4.0,0.8,30,0.9,400,100,Olahan,Makanan Utama,,300,Ikan Kuah Asam Kuah Asam Kupang,Kupang Sour Fish Soup · Ikan Kuah Asam Kuah Asam Kupang · 1 mangkok · Nusa Tenggara Timur/Ikan · src:Recipe calc · conf:medium
idn-jagung-bose,Jagung Bose,115.0,4.0,3.5,17.5,3.0,30,1.2,120,100,Olahan,Makanan Utama,,250,Bose Jagung Bose NTT,Timorese Corn & Beans In Coconut Milk · Bose Jagung Bose NTT · 1 porsi · Nusa Tenggara Timur/Serealia & Umbi · src:Recipe calc · conf:medium
idn-kolo,Kolo,160.0,3.0,1.5,34.0,0.6,12,0.5,180,100,Olahan,Makanan Utama,,150,Kolo Flores Nasi Bambu Kolo,Manggarai Rice Cooked In Bamboo · Kolo Flores Nasi Bambu Kolo · 1 batang · Nusa Tenggara Timur/Nasi · src:Recipe calc · conf:medium
idn-sup-ikan-flores,Sup Ikan Flores,70.0,9.5,1.5,4.0,0.8,30,0.9,390,100,Olahan,Makanan Utama,,300,Sop Ikan Kuah Belimbing Sup Ikan Maumere,Flores Sour Fish Soup With Star Fruit · Sop Ikan Kuah Belimbing Sup Ikan Maumere · 1 mangkok · Nusa Tenggara Timur/Ikan · src:Recipe calc · conf:medium
idn-aunu-sagu,Aunu Sagu,267.0,1.2,10.0,43.0,3.5,20,0.8,40,100,Olahan,Makanan Utama,,80,Aunu Sagu Papua Sagu Aunu,Steamed Sago With Grated Coconut · Aunu Sagu Papua Sagu Aunu · 1 porsi · Papua/Serealia & Umbi · src:Recipe calc · conf:medium
idn-nasi-bambu-papua,Nasi Bambu Papua,173.0,4.0,4.5,29.0,0.8,20,0.8,300,100,Olahan,Makanan Utama,,200,Nasi Bakar Bambu Papua Nasi Bulu,Rice Cooked In Bamboo Tube · Nasi Bakar Bambu Papua Nasi Bulu · 1 porsi · Papua/Nasi · src:Recipe calc · conf:low
idn-petatas-bakar,Petatas Bakar,130.0,1.8,0.3,30.0,3.0,30,0.7,25,100,Olahan,Makanan Utama,,150,Petatas Papua Ubi Bakar Papua,Roasted Papuan Sweet Potato · Petatas Papua Ubi Bakar Papua · 1 buah · Papua/Serealia & Umbi · src:Recipe calc · conf:high
idn-sagu-bakar,Sagu Bakar,325.0,2.0,5.0,68.0,3.5,30,1.0,30,100,Olahan,Makanan Utama,,70,Sagu Bakar Papua Sagu Panggang,Baked Sago Block With Coconut & Kenari · Sagu Bakar Papua Sagu Panggang · 1 potong · Papua/Serealia & Umbi · src:Recipe calc · conf:medium
idn-papeda-bungkus,Papeda Bungkus,145.0,0.5,0.3,35.0,1.5,15,0.5,20,100,Olahan,Makanan Utama,,120,Papeda Bungkus Sorong Papeda Daun Forest,Sago Paste Wrapped In Forest Leaf · Papeda Bungkus Sorong Papeda Daun Forest · 1 bungkus · Papua Barat/Bubur · src:Recipe calc · conf:medium
idn-mie-lendir,Mie Lendir,165.0,6.0,5.5,23.0,1.8,35,1.4,450,100,Olahan,Makanan Utama,,250,Mi Lendir Batam Mie Lendir Tanjungpinang,Riau Noodles With Sweet Potato Peanut Gravy · Mi Lendir Batam Mie Lendir Tanjungpinang · 1 piring · Riau/Mie & Bihun · src:Recipe calc · conf:medium
idn-mie-sagu-selatpanjang,Mie Sagu Selatpanjang,155.0,4.5,5.0,23.0,0.8,25,0.8,470,100,Olahan,Makanan Utama,,250,Mi Sagu Mie Sagu Riau,Riau Sago Noodles Stir-Fry · Mi Sagu Mie Sagu Riau · 1 piring · Riau/Mie & Bihun · src:Recipe calc · conf:medium
idn-roti-jala,Roti Jala,195.0,6.0,6.5,27.0,0.8,55,1.2,200,100,Olahan,Makanan Utama,,50,Roti Jala Melayu Roti Kirai,Malay Lace Crepe · Roti Jala Melayu Roti Kirai · 2 lembar · Riau/Roti & Pastry · src:Recipe calc · conf:medium
idn-buras,Buras,160.0,2.6,5.0,26.0,0.8,15,0.5,250,100,Olahan,Makanan Utama,,80,Buras Makassar Burasa,Rice Cooked In Coconut Milk & Banana Leaf · Buras Makassar Burasa · 1 buah · Sulawesi Selatan/Nasi · src:Recipe calc · conf:high
idn-coto-kuda,Coto Kuda,110.0,12.0,5.0,4.5,0.3,18,2.6,470,100,Olahan,Makanan Utama,,300,Coto Jarang Coto Kuda Jeneponto,Makassarese Horse Meat Soup · Coto Jarang Coto Kuda Jeneponto · 1 mangkok · Sulawesi Selatan/Soto & Sup · src:Recipe calc · conf:medium
idn-gogos,Gogos,195.0,5.0,6.0,30.0,0.8,18,0.8,300,100,Olahan,Makanan Utama,,90,Gogos Makassar Gogoso,Grilled Glutinous Rice Roll With Fish Floss · Gogos Makassar Gogoso · 1 buah · Sulawesi Selatan/Nasi · src:Recipe calc · conf:medium
idn-mie-titi,Mie Titi,195.0,7.0,9.0,21.0,1.0,25,1.4,560,100,Olahan,Makanan Utama,,300,Mi Titi Mie Kering Makassar,Makassarese Crispy Noodles With Thick Gravy · Mi Titi Mie Kering Makassar · 1 piring · Sulawesi Selatan/Mie & Bihun · src:Recipe calc · conf:medium
idn-nasi-goreng-merah,Nasi Goreng Merah,182.0,6.5,6.5,24.5,0.9,24,1.2,480,100,Olahan,Makanan Utama,,320,Nasgor Merah Nasi Goreng Saus Tomat,Makassar Red Fried Rice · Nasgor Merah Nasi Goreng Saus Tomat · 1 piring · Sulawesi Selatan/Nasi · src:Recipe calc · conf:medium
idn-pallubasa,Pallubasa,155.0,11.0,10.0,5.0,0.6,25,2.2,500,100,Olahan,Makanan Utama,,300,Pallu Basa Serigala Palubasa,Makassarese Beef Soup With Toasted Coconut · Pallu Basa Serigala Palubasa · 1 mangkok · Sulawesi Selatan/Soto & Sup · src:Recipe calc · conf:high
idn-songkolo-begadang,Songkolo Begadang,205.0,5.0,6.0,32.0,1.5,20,1.0,220,100,Olahan,Makanan Utama,,200,Sokko Begadang Songkolo Bagadang,Steamed Black Glutinous Rice With Coconut Floss · Sokko Begadang Songkolo Bagadang · 1 porsi · Sulawesi Selatan/Nasi · src:Recipe calc · conf:medium
idn-sop-konro,Sop Konro,105.0,9.0,6.0,4.0,0.4,20,1.6,460,100,Olahan,Makanan Utama,,350,Konro Kuah Sup Konro,Makassarese Beef Rib Soup · Konro Kuah Sup Konro · 1 mangkok · Sulawesi Selatan/Soto & Sup · src:Recipe calc · conf:high
idn-sop-saudara,Sop Saudara,115.0,8.0,6.5,6.5,0.5,22,1.6,470,100,Olahan,Makanan Utama,,350,Soto Saudara Pangkep Sup Saudara,Makassarese Beef Soup With Vermicelli · Soto Saudara Pangkep Sup Saudara · 1 mangkok · Sulawesi Selatan/Soto & Sup · src:Recipe calc · conf:medium
idn-kasoami,Kasoami,165.0,0.8,0.3,40.0,1.8,25,0.8,10,100,Olahan,Makanan Utama,,150,Kasoami Buton Kasuami,Buton Steamed Grated Cassava Cone · Kasoami Buton Kasuami · 1 buah · Sulawesi Tenggara/Serealia & Umbi · src:Recipe calc · conf:medium
idn-lapa-lapa,Lapa-Lapa,160.0,2.6,5.2,25.5,0.6,14,0.5,210,100,Olahan,Makanan Utama,,80,Lapa Lapa Lepa-Lepa,Buton Rice Cooked In Coconut Milk · Lapa Lapa Lepa-Lepa · 1 buah · Sulawesi Tenggara/Nasi · src:Recipe calc · conf:medium
idn-sinonggi,Sinonggi,105.0,0.3,0.1,26.0,0.3,8,0.5,5,100,Olahan,Makanan Utama,,200,Papeda Sagu Tolaki Sinonggi Kendari,Kendari Sago Porridge · Papeda Sagu Tolaki Sinonggi Kendari · 1 porsi · Sulawesi Tenggara/Serealia & Umbi · src:Recipe calc · conf:medium
idn-midal,Midal,95.0,2.8,2.0,16.5,1.8,30,1.0,380,100,Olahan,Makanan Utama,,350,Bubur Midal Tinutuan Mie,Manado Porridge With Noodles · Bubur Midal Tinutuan Mie · 1 mangkok · Sulawesi Utara/Bubur · src:Recipe calc · conf:medium
idn-mie-cakalang,Mie Cakalang,176.0,8.5,6.5,21.0,1.2,22,1.2,480,100,Olahan,Makanan Utama,,300,Mie Cakalang Manado,Skipjack Noodles · Mie Cakalang Manado · 1 porsi · Sulawesi Utara/Ikan · src:Recipe calc · conf:medium
idn-nasi-goreng-cakalang,Nasi Goreng Cakalang,198.0,9.0,7.5,23.5,1.0,25,1.2,520,100,Olahan,Makanan Utama,,280,Nasi Goreng Ikan Cakalang,Skipjack Fried Rice · Nasi Goreng Ikan Cakalang · 1 porsi · Sulawesi Utara/Ikan · src:Recipe calc · conf:medium
idn-nasi-jaha,Nasi Jaha,204.0,3.0,7.5,31.0,1.2,15,0.7,220,100,Olahan,Makanan Utama,,80,Nasi Bulu Manado Nasi Jahe,Glutinous Rice Cooked In Bamboo · Nasi Bulu Manado Nasi Jahe · 1 potong · Sulawesi Utara/Nasi · src:Recipe calc · conf:high
idn-nasi-kuning-manado,Nasi Kuning Manado,189.0,6.5,6.0,27.0,1.0,20,1.0,350,100,Olahan,Makanan Utama,,250,Nasi Kuning Cakalang,Manado Yellow Rice With Skipjack · Nasi Kuning Cakalang · 1 porsi · Sulawesi Utara/Nasi · src:Recipe calc · conf:medium
idn-tinutuan,Tinutuan,68.0,2.0,0.5,14.0,2.2,35,0.9,240,100,Olahan,Makanan Utama,,350,Bubur Manado Bubur Tinutuan Tinotuan,Manado Vegetable Rice Porridge · Bubur Manado Bubur Tinutuan Tinotuan · 1 mangkok · Sulawesi Utara/Bubur · src:Recipe calc · conf:high
idn-katupek-gulai-paku,Katupek Gulai Paku,128.0,3.5,6.0,15.0,1.8,46,1.3,350,100,Olahan,Makanan Utama,,320,Katupek Gulai Tunjang Katupek Pitalah Ketupat Gulai Pakis,Rice Cake With Fern Curry · Katupek Gulai Tunjang Katupek Pitalah Ketupat Gulai Pakis · 1 porsi · Sumatera Barat/Nasi · src:Recipe calc · conf:medium
idn-lontong-pical,Lontong Pical,147.0,5.0,7.0,16.0,2.2,45,1.2,330,100,Olahan,Makanan Utama,,320,Katupek Pical Lontong Pecal Padang,Rice Cake With Minang Peanut Sauce · Katupek Pical Lontong Pecal Padang · 1 porsi · Sumatera Barat/Nasi · src:Recipe calc · conf:medium
idn-lontong-sayur-padang,Lontong Sayur Padang,113.8,3.2,5.0,14.0,1.4,32,0.9,340,100,Olahan,Makanan Utama,,350,Lontong Gulai Padang Lontong Sayua,Rice Cake With Coconut Vegetable Curry · Lontong Gulai Padang Lontong Sayua · 1 porsi · Sumatera Barat/Nasi · src:Recipe calc · conf:high
idn-martabak-kubang,Martabak Kubang,298.0,12.0,18.0,22.0,1.4,40,2.2,520,100,Olahan,Makanan Utama,,120,Martabak Kubang Hayuda Martabak Mesir Martabak Padang,Kubang Minced Beef Stuffed Pancake · Martabak Kubang Hayuda Martabak Mesir Martabak Padang · 1 potong · Sumatera Barat/Martabak · src:Recipe calc · conf:medium
idn-nasi-kapau,Nasi Kapau,206.5,8.5,8.5,24.0,1.4,30,1.6,380,100,Olahan,Makanan Utama,,350,Nasi Ampera Kapau Nasi Kapau Bukittinggi,Bukittinggi Kapau Rice Plate · Nasi Ampera Kapau Nasi Kapau Bukittinggi · 1 piring · Sumatera Barat/Nasi · src:Recipe calc · conf:medium
idn-nasi-padang-ayam-gulai,Nasi Padang Ayam Gulai,177.0,9.1,6.6,21.0,1.3,30,1.7,425,100,Olahan,Makanan Utama,,380,,Padang Rice With Chicken Curry · 1 piring · Sumatera Barat/Nasi · src:Recipe calc · conf:medium
idn-nasi-padang-ayam-pop,Nasi Padang Ayam Pop,171.0,9.8,5.4,21.5,1.3,26,1.5,410,100,Olahan,Makanan Utama,,380,,Padang Rice With Ayam Pop · 1 piring · Sumatera Barat/Nasi · src:Recipe calc · conf:medium
idn-nasi-padang-dendeng-balado,Nasi Padang Dendeng Balado,196.0,10.2,8.1,21.0,1.6,30,2.6,520,100,Olahan,Makanan Utama,,380,,Padang Rice With Spicy Dried Beef · 1 piring · Sumatera Barat/Nasi · src:Recipe calc · conf:medium
idn-nasi-padang-gulai-kikil,Nasi Padang Gulai Kikil,178.0,8.6,7.6,19.4,1.2,38,1.9,430,100,Olahan,Makanan Utama,,380,,Padang Rice With Beef Tendon Curry · 1 piring · Sumatera Barat/Nasi · src:Recipe calc · conf:medium
idn-nasi-padang-gulai-tunjang,Nasi Padang Gulai Tunjang,181.0,8.9,7.9,19.2,1.2,40,1.8,440,100,Olahan,Makanan Utama,,380,,Padang Rice With Beef Trotter Curry · 1 piring · Sumatera Barat/Nasi · src:Recipe calc · conf:medium
idn-nasi-padang-ikan-bilih,Nasi Padang Ikan Bilih,185.0,10.6,6.4,22.0,1.2,120,2.0,470,100,Olahan,Makanan Utama,,370,,Padang Rice With Fried Bilih Fish · 1 piring · Sumatera Barat/Nasi · src:Recipe calc · conf:medium
idn-nasi-padang-kuah,Nasi Padang Kuah,153.0,3.5,3.0,28.0,0.6,16,0.7,180,100,Olahan,Makanan Utama,,320,Nasi Padang Polos Nasi Putih Siram Kuah Gulai,White Rice With Padang Curry Gravy · Nasi Padang Polos Nasi Putih Siram Kuah Gulai · 1 piring · Sumatera Barat/Nasi · src:Recipe calc · conf:high
idn-nasi-padang-rendang,Nasi Padang Rendang,188.0,8.4,6.9,23.2,1.5,34,2.2,455,100,Olahan,Makanan Utama,,380,,Padang Rice With Rendang · 1 piring · Sumatera Barat/Nasi · src:Recipe calc · conf:medium
idn-nasi-padang-telur-dadar,Nasi Padang Telur Dadar,192.0,8.8,8.4,21.2,1.3,42,1.8,415,100,Olahan,Makanan Utama,,380,,Padang Rice With Thick Padang Omelette · 1 piring · Sumatera Barat/Nasi · src:Recipe calc · conf:medium
idn-sate-danguang-danguang,Sate Danguang-Danguang,216.0,18.0,12.0,9.0,1.2,30,2.6,520,100,Olahan,Makanan Utama,,180,Sate Danguang Danguang Sate Payakumbuh,Payakumbuh Yellow Coconut Satay · Sate Danguang Danguang Sate Payakumbuh · 1 porsi (10 tusuk) · Sumatera Barat/Sate · src:Recipe calc · conf:medium
idn-sate-padang-daging,Sate Padang Daging,185.0,16.0,9.0,10.0,0.8,26,2.4,580,100,Olahan,Makanan Utama,,200,Sate Padang Pariaman Daging Sate Padang Sapi,Padang Beef Satay With Thick Gravy · Sate Padang Pariaman Daging Sate Padang Sapi · 1 porsi (10 tusuk + kuah) · Sumatera Barat/Sate · src:Recipe calc · conf:high
idn-sate-padang-jeroan,Sate Padang Jeroan,199.0,15.0,11.0,10.0,0.8,26,4.0,590,100,Olahan,Makanan Utama,,200,Sate Padang Campur Jeroan Sate Padang Jaroan,Padang Offal Satay · Sate Padang Campur Jeroan Sate Padang Jaroan · 1 porsi (10 tusuk + kuah) · Sumatera Barat/Sate · src:Recipe calc · conf:medium
idn-sate-padang-lidah,Sate Padang Lidah,222.0,14.0,14.0,10.0,0.8,24,2.4,580,100,Olahan,Makanan Utama,,200,Sate Lidah Padang Sate Padang Lidah Sapi,Padang Beef Tongue Satay · Sate Lidah Padang Sate Padang Lidah Sapi · 1 porsi (10 tusuk + kuah) · Sumatera Barat/Sate · src:Recipe calc · conf:medium
idn-soto-padang,Soto Padang,72.8,5.5,3.2,5.5,0.4,18,0.9,400,100,Olahan,Makanan Utama,,350,Sato Padang Soto Padang Kuah Bening,Padang Beef Soup With Crisp Beef · Sato Padang Soto Padang Kuah Bening · 1 mangkok · Sumatera Barat/Soto & Sup · src:Recipe calc · conf:high
idn-burgo,Burgo,115.0,3.5,5.0,14.0,0.5,25,0.7,420,100,Olahan,Makanan Utama,,250,Bergo Burgo Palembang,Palembang Rice Crepe Rolls In Coconut Gravy · Bergo Burgo Palembang · 1 porsi · Sumatera Selatan/Hidangan Utama · src:Recipe calc · conf:medium
idn-celimpungan,Celimpungan,130.0,5.0,6.5,13.0,0.6,30,0.8,450,100,Olahan,Makanan Utama,,250,Celimpung Celimpungan Palembang,Palembang Fishcake Dumplings In Coconut Gravy · Celimpung Celimpungan Palembang · 1 porsi · Sumatera Selatan/Ikan · src:Recipe calc · conf:medium
idn-laksan,Laksan,125.0,5.0,5.5,14.0,0.6,28,0.8,440,100,Olahan,Makanan Utama,,250,Laksan Palembang,Palembang Fishcake Slices In Coconut Gravy · Laksan Palembang · 1 porsi · Sumatera Selatan/Ikan · src:Recipe calc · conf:medium
idn-lakso,Lakso,120.0,3.5,5.0,15.0,0.6,25,0.7,430,100,Olahan,Makanan Utama,,250,Laksa Palembang Lakso Palembang,Palembang Rice Noodles In Coconut Curry · Laksa Palembang Lakso Palembang · 1 porsi · Sumatera Selatan/Hidangan Utama · src:Recipe calc · conf:medium
idn-mie-celor,Mie Celor,145.0,7.0,7.0,13.5,0.7,45,1.2,500,100,Olahan,Makanan Utama,,300,Mi Celor Palembang Mie Celor 26 Ilir,Palembang Noodles In Prawn Coconut Broth · Mi Celor Palembang Mie Celor 26 Ilir · 1 mangkok · Sumatera Selatan/Mie & Bihun · src:Recipe calc · conf:high
idn-model-ikan,Model Ikan,85.0,5.5,3.0,9.0,0.5,40,0.8,470,100,Olahan,Makanan Utama,,350,Model Palembang Model Tahu,Palembang Tofu-Fishcake Soup · Model Palembang Model Tahu · 1 mangkok · Sumatera Selatan/Ikan · src:Recipe calc · conf:medium
idn-pempek-keriting,Pempek Keriting,215.0,11.0,3.5,35.0,0.3,30,0.9,500,100,Olahan,Makanan Utama,,50,Empek-Empek Keriting Pempek Kerupuk,Palembang Curly Fishcake · Empek-Empek Keriting Pempek Kerupuk · 1 buah · Sumatera Selatan/Ikan · src:Recipe calc · conf:medium
idn-pempek-lenggang,Pempek Lenggang,210.0,12.5,10.5,17.0,0.3,45,1.5,500,100,Olahan,Makanan Utama,,150,Lenggang Panggang Pempek Lenggang Bakar,Palembang Grilled Fishcake Omelette · Lenggang Panggang Pempek Lenggang Bakar · 1 porsi · Sumatera Selatan/Ikan · src:Recipe calc · conf:medium
idn-pempek-lenjer,Pempek Lenjer,235.0,10.0,8.5,30.0,0.3,30,1.0,550,100,Olahan,Makanan Utama,,100,Empek-Empek Lenjer Pempek Lenjer Goreng,Palembang Cylindrical Fishcake · Empek-Empek Lenjer Pempek Lenjer Goreng · 1 potong · Sumatera Selatan/Ikan · src:Recipe calc · conf:high
idn-pempek-pistel,Pempek Pistel,225.0,9.0,9.0,28.0,1.2,35,1.0,520,100,Olahan,Makanan Utama,,60,Empek-Empek Pistel Pempek Pastel,Palembang Fishcake Filled With Papaya · Empek-Empek Pistel Pempek Pastel · 1 buah · Sumatera Selatan/Ikan · src:Recipe calc · conf:medium
idn-pempek-tahu,Pempek Tahu,230.0,12.0,11.0,22.0,0.6,90,1.4,520,100,Olahan,Makanan Utama,,60,Empek-Empek Tahu Pempek Tahu Goreng,Palembang Fishcake-Stuffed Tofu · Empek-Empek Tahu Pempek Tahu Goreng · 1 buah · Sumatera Selatan/Ikan · src:Recipe calc · conf:medium
idn-pindang-patin-palembang,Pindang Patin Palembang,85.0,11.0,3.0,3.5,0.8,30,0.9,480,100,Olahan,Makanan Utama,,300,Pindang Ikan Patin Pindang Meranjat,Palembang Sour-Spicy Catfish Broth · Pindang Ikan Patin Pindang Meranjat · 1 mangkok · Sumatera Selatan/Ikan · src:Recipe calc · conf:high
idn-pindang-tulang,Pindang Tulang,105.0,9.5,6.0,3.5,0.7,25,1.5,500,100,Olahan,Makanan Utama,,300,Pindang Iga Pindang Tulang Iga Sapi,Palembang Beef Rib Sour Soup · Pindang Iga Pindang Tulang Iga Sapi · 1 mangkok · Sumatera Selatan/Hidangan Utama · src:Recipe calc · conf:medium
idn-bihun-bebek-medan,Bihun Bebek Medan,130.0,7.0,4.5,15.0,0.6,20,1.4,460,100,Olahan,Makanan Utama,,350,Bihun Bebek Bihun Bebek Asie,Medan Duck Rice Vermicelli Soup · Bihun Bebek Bihun Bebek Asie · 1 mangkok · Sumatera Utara/Bebek & Unggas · src:Recipe calc · conf:medium
idn-gulai-kambing-medan,Gulai Kambing Medan,180.0,12.5,13.0,3.5,0.8,30,2.2,460,100,Olahan,Makanan Utama,,200,Gulai Kambing Melayu Gule Kambing Medan,Medan Goat Curry · Gulai Kambing Melayu Gule Kambing Medan · 1 porsi · Sumatera Utara/Kambing · src:Recipe calc · conf:medium
idn-lontong-medan,Lontong Medan,115.0,3.5,5.5,13.0,1.4,35,1.0,380,100,Olahan,Makanan Utama,,350,Lontong Gurih Medan Lontong Sayur Medan,Medan Rice Cake With Coconut Vegetable Curry · Lontong Gurih Medan Lontong Sayur Medan · 1 porsi · Sumatera Utara/Nasi · src:Recipe calc · conf:high
idn-mie-gomak,Mie Gomak,165.0,5.5,6.0,22.0,1.5,30,1.4,450,100,Olahan,Makanan Utama,,300,Mi Gomak Spaghetti Batak,Batak Thick Noodles With Andaliman Sauce · Mi Gomak Spaghetti Batak · 1 piring · Sumatera Utara/Mie & Bihun · src:Recipe calc · conf:medium
idn-mie-sop-medan,Mie Sop Medan,95.0,5.5,3.0,11.5,0.8,20,0.9,430,100,Olahan,Makanan Utama,,350,Mi Sop Medan Mie Sop Ayam,Medan Chicken Noodle Soup · Mi Sop Medan Mie Sop Ayam · 1 mangkok · Sumatera Utara/Mie & Bihun · src:Recipe calc · conf:medium
idn-nasi-goreng-teri-medan,Nasi Goreng Teri Medan,186.0,7.5,7.0,23.5,0.9,90,1.4,620,100,Olahan,Makanan Utama,,300,Nasgor Teri Nasi Goreng Ikan Teri,Fried Rice With Medan Anchovies · Nasgor Teri Nasi Goreng Ikan Teri · 1 piring · Sumatera Utara/Ikan · src:Recipe calc · conf:medium
idn-nasi-gurih-medan,Nasi Gurih Medan,180.0,3.5,5.8,28.5,0.7,18,0.6,290,100,Olahan,Makanan Utama,,200,Nasi Gurih Nasi Lemak Medan,Medan Coconut Rice · Nasi Gurih Nasi Lemak Medan · 1 porsi · Sumatera Utara/Nasi · src:Recipe calc · conf:high
idn-soto-medan,Soto Medan,125.0,7.0,8.5,5.0,0.6,30,1.0,440,100,Olahan,Makanan Utama,,350,Soto Ayam Medan Soto Santan Medan,Medan Coconut Chicken Soto · Soto Ayam Medan Soto Santan Medan · 1 mangkok · Sumatera Utara/Soto & Sup · src:Recipe calc · conf:high
idn-kopi-sanger,Kopi Sanger,88.0,1.8,2.4,14.5,0.0,60,0.2,38,100,Olahan,Minuman,,200,Kopi Sanger Espresso Sanger Aceh,Acehnese Coffee With Condensed Milk · Kopi Sanger Espresso Sanger Aceh · 1 gelas (200 ml) · Aceh/Kopi · src:Recipe calc · conf:medium
idn-es-daluman,Es Daluman,85.0,0.6,3.0,14.0,0.5,20,0.3,15,100,Olahan,Minuman,,250,Daluman Es Cincau Bali,Balinese Green Grass Jelly Coconut Drink · Daluman Es Cincau Bali · 1 gelas (250 ml) · Bali/Susu & Lainnya · src:Recipe calc · conf:medium
idn-es-kuwut-bali,Es Kuwut Bali,62.0,0.4,0.2,15.0,0.6,18,0.3,35,100,Olahan,Minuman,,250,Es Kuwut Kuwut Melon Bali,Balinese Melon Lime & Coconut Cooler · Es Kuwut Kuwut Melon Bali · 1 gelas (250 ml) · Bali/Es Manis · src:Recipe calc · conf:medium
idn-loloh-cemcem,Loloh Cemcem,38.0,0.4,0.2,8.8,0.5,22,0.5,25,100,Olahan,Minuman,,200,Loloh Cem Cem Loloh Daun Cemcem,Balinese Kloncing Leaf Herbal Drink · Loloh Cem Cem Loloh Daun Cemcem · 1 gelas (200 ml) · Bali/Jamu & Wedang · src:Estimate · conf:low
idn-kopi-joss,Kopi Joss,38.0,0.2,0.0,9.2,0.0,6,0.2,8,100,Olahan,Minuman,,200,Kopi Areng Kopi Joss Jogja,Charcoal Coffee · Kopi Areng Kopi Joss Jogja · 1 gelas (200 ml) · DI Yogyakarta/Kopi · src:Recipe calc · conf:medium
idn-wedang-uwuh,Wedang Uwuh,35.0,0.1,0.1,8.6,0.1,10,0.2,6,100,Olahan,Minuman,,200,Wedang Rempah Wedang Uwuh Imogiri,Jogja Spiced Herbal Drink · Wedang Rempah Wedang Uwuh Imogiri · 1 gelas (200 ml) · DI Yogyakarta/Jamu & Wedang · src:Recipe calc · conf:medium
idn-bir-pletok,Bir Pletok,42.0,0.1,0.0,10.5,0.1,8,0.2,8,100,Olahan,Minuman,,200,Bir Pletok Betawi Bir Pletok Merah,Betawi Non-Alcoholic Spiced Herbal Drink · Bir Pletok Betawi Bir Pletok Merah · 1 gelas (200 ml) · DKI Jakarta/Jamu & Wedang · src:Recipe calc · conf:medium
idn-es-selendang-mayang,Es Selendang Mayang,108.0,0.8,3.0,19.5,0.3,20,0.3,25,100,Olahan,Minuman,,250,Es Selendang Mayang Betawi Selendang Mayang,Betawi Iced Layered Starch Cake Drink · Es Selendang Mayang Betawi Selendang Mayang · 1 gelas (250 ml) · DKI Jakarta/Es Manis · src:Recipe calc · conf:medium
idn-bajigur,Bajigur,86.0,0.8,3.5,13.0,0.3,18,0.3,20,100,Olahan,Minuman,,200,Bajigur Bandung Bajigur Sunda,Hot Coconut Milk & Palm Sugar Coffee Drink · Bajigur Bandung Bajigur Sunda · 1 gelas (200 ml) · Jawa Barat/Jamu & Wedang · src:Recipe calc · conf:high
idn-bandrek,Bandrek,52.0,0.3,0.6,11.5,0.2,12,0.2,10,100,Olahan,Minuman,,200,Bandrek Jahe Bandrek Sunda,Hot Ginger & Palm Sugar Drink · Bandrek Jahe Bandrek Sunda · 1 gelas (200 ml) · Jawa Barat/Jamu & Wedang · src:Recipe calc · conf:high
idn-bir-kotjok,Bir Kotjok,55.0,0.3,1.5,10.0,0.2,15,0.3,12,100,Olahan,Minuman,,200,Bir Kocok Bogor Bir Kotjok Bogor,Bogor Non-Alcoholic Spiced Ginger Drink · Bir Kocok Bogor Bir Kotjok Bogor · 1 gelas (200 ml) · Jawa Barat/Jamu & Wedang · src:Recipe calc · conf:low
idn-es-cincau-hijau,Es Cincau Hijau,62.0,0.4,1.5,12.0,0.8,20,0.3,15,100,Olahan,Minuman,,250,Cincau Hijau Es Cincau Sunda,Iced Green Grass Jelly Drink · Cincau Hijau Es Cincau Sunda · 1 gelas (250 ml) · Jawa Barat/Es Manis · src:Recipe calc · conf:high
idn-es-doger,Es Doger,125.0,1.4,4.5,20.0,0.5,40,0.5,30,100,Olahan,Minuman,,250,Doger Es Doger Bandung,Pink Coconut Milk Shaved Ice With Tape · Doger Es Doger Bandung · 1 gelas (250 ml) · Jawa Barat/Es Manis · src:Recipe calc · conf:high
idn-es-goyobod,Es Goyobod,108.0,1.2,3.5,18.0,0.6,25,0.3,25,100,Olahan,Minuman,,250,Es Goyobod Bandung Goyobod Garut,Iced Coconut Milk Dessert Drink With Hunkwe · Es Goyobod Bandung Goyobod Garut · 1 gelas (250 ml) · Jawa Barat/Es Manis · src:Recipe calc · conf:medium
idn-es-oyen,Es Oyen,105.0,1.2,3.5,17.5,1.0,38,0.4,28,100,Olahan,Minuman,,300,Es Oyen Bandung Oyen,Bandung Mixed Fruit Ice With Coconut Milk · Es Oyen Bandung Oyen · 1 mangkok (300 ml) · Jawa Barat/Jus & Es Buah · src:Recipe calc · conf:medium
idn-es-tape-ketan-hijau,Es Tape Ketan Hijau,92.0,1.2,0.4,21.0,0.4,10,0.4,12,100,Olahan,Minuman,,250,Es Tape Ketan Tape Ketan Ijo,Iced Green Fermented Glutinous Rice Drink · Es Tape Ketan Tape Ketan Ijo · 1 gelas (250 ml) · Jawa Barat/Es Manis · src:Recipe calc · conf:medium
idn-dawet-telasih,Dawet Telasih,122.0,1.0,3.8,21.0,0.5,24,0.5,25,100,Olahan,Minuman,,250,Dawet Selasih Es Dawet Telasih Solo,Dawet With Basil Seed & Fermented Rice · Dawet Selasih Es Dawet Telasih Solo · 1 gelas (250 ml) · Jawa Tengah/Es Manis · src:Recipe calc · conf:medium
idn-es-bandung,Es Bandung,92.0,1.4,1.8,17.5,0.5,55,0.3,35,100,Olahan,Minuman,,250,Es Bandung Semarang Es Sirup Susu Cincau,Rose Syrup Milk Ice With Grass Jelly & Basil Seed · Es Bandung Semarang Es Sirup Susu Cincau · 1 gelas (250 ml) · Jawa Tengah/Es Manis · src:Recipe calc · conf:medium
idn-es-cendol-durian,Es Cendol Durian,145.0,1.3,5.0,23.5,1.0,24,0.5,25,100,Olahan,Minuman,,250,Cendol Durian Dawet Duren,Iced Cendol With Durian · Cendol Durian Dawet Duren · 1 gelas (250 ml) · Jawa Tengah/Es Manis · src:Recipe calc · conf:medium
idn-es-dawet-ayu-banjarnegara,Es Dawet Ayu Banjarnegara,125.0,0.9,4.5,20.5,0.4,22,0.4,25,100,Olahan,Minuman,,250,Dawet Ayu Es Dawet Banjarnegara,Iced Dawet Ayu With Coconut Milk · Dawet Ayu Es Dawet Banjarnegara · 1 gelas (250 ml) · Jawa Tengah/Es Manis · src:Recipe calc · conf:high
idn-es-dawet-ireng,Es Dawet Ireng,112.0,0.7,3.2,20.0,0.4,20,0.5,25,100,Olahan,Minuman,,250,Dawet Hitam Dawet Ireng Purworejo,Black Dawet With Palm Sugar & Coconut Milk · Dawet Hitam Dawet Ireng Purworejo · 1 gelas (250 ml) · Jawa Tengah/Es Manis · src:Recipe calc · conf:medium
idn-es-gempol-pleret,Es Gempol Pleret,118.0,1.2,4.0,19.5,0.4,25,0.5,30,100,Olahan,Minuman,,250,Es Gempol Pleret Solo Gempol Pleret,Rice Ball Drink In Sweet Coconut Milk · Es Gempol Pleret Solo Gempol Pleret · 1 gelas (250 ml) · Jawa Tengah/Es Manis · src:Recipe calc · conf:medium
idn-jamu-beras-kencur,Jamu Beras Kencur,62.0,0.8,0.4,14.2,0.3,20,0.5,10,100,Olahan,Minuman,,200,Beras Kencur Jamu Beras Kencur Gendong,Rice & Aromatic Ginger Tonic · Beras Kencur Jamu Beras Kencur Gendong · 1 gelas (200 ml) · Jawa Tengah/Jamu & Wedang · src:Recipe calc · conf:high
idn-jamu-gula-asem,Jamu Gula Asem,52.0,0.2,0.1,12.8,0.3,20,0.6,10,100,Olahan,Minuman,,200,Gula Asem Jamu Asem Gula Jawa,Tamarind Palm Sugar Tonic · Gula Asem Jamu Asem Gula Jawa · 1 gelas (200 ml) · Jawa Tengah/Jamu & Wedang · src:Recipe calc · conf:medium
idn-jamu-kunyit-asam,Jamu Kunyit Asam,45.0,0.3,0.2,10.8,0.3,18,0.5,8,100,Olahan,Minuman,,200,Jamu Kunir Asem Kunyit Asem,Turmeric Tamarind Herbal Tonic · Jamu Kunir Asem Kunyit Asem · 1 gelas (200 ml) · Jawa Tengah/Jamu & Wedang · src:Recipe calc · conf:high
idn-jamu-kunyit-asam-sirih,Jamu Kunyit Asam Sirih,44.0,0.3,0.2,10.5,0.3,20,0.5,8,100,Olahan,Minuman,,200,Jamu Sirih Kunyit Kunyit Asam Sirih,Turmeric Tamarind & Betel Leaf Tonic · Jamu Sirih Kunyit Kunyit Asam Sirih · 1 gelas (200 ml) · Jawa Tengah/Jamu & Wedang · src:Recipe calc · conf:medium
idn-jamu-pahitan,Jamu Pahitan,8.0,0.2,0.1,1.4,0.2,12,0.4,10,100,Olahan,Minuman,,150,Jamu Paitan Sambiloto Jamu,Bitter Herbal Tonic · Jamu Paitan Sambiloto Jamu · 1 gelas (150 ml) · Jawa Tengah/Jamu & Wedang · src:Estimate · conf:medium
idn-jamu-temulawak,Jamu Temulawak,48.0,0.3,0.2,11.5,0.4,16,0.5,8,100,Olahan,Minuman,,200,Jamu Temu Lawak Temulawak,Java Turmeric Tonic · Jamu Temu Lawak Temulawak · 1 gelas (200 ml) · Jawa Tengah/Jamu & Wedang · src:Recipe calc · conf:medium
idn-sekoteng,Sekoteng,95.0,2.5,2.2,16.5,1.0,30,0.8,35,100,Olahan,Minuman,,250,Sekoteng Jahe Sekoteng Komplit,Hot Ginger Drink With Nuts Bread & Pearls · Sekoteng Jahe Sekoteng Komplit · 1 mangkok (250 ml) · Jawa Tengah/Jamu & Wedang · src:Recipe calc · conf:high
idn-sirup-kawista,Sirup Kawista,65.0,0.2,0.1,16.0,0.3,10,0.2,8,100,Olahan,Minuman,,250,Es Kawista Sirup Kawis Rembang,Wood Apple Syrup Drink · Es Kawista Sirup Kawis Rembang · 1 gelas (250 ml) · Jawa Tengah/Es Manis · src:Recipe calc · conf:low
idn-susu-murni-boyolali,Susu Murni Boyolali,63.0,3.2,3.5,4.7,0.0,115,0.1,45,100,Olahan,Minuman,,250,Susu Sapi Murni Susu Segar Boyolali,Boyolali Fresh Whole Milk · Susu Sapi Murni Susu Segar Boyolali · 1 gelas (250 ml) · Jawa Tengah/Susu & Lainnya · src:TKPI · conf:high
idn-teh-poci-gula-batu,Teh Poci Gula Batu,38.0,0.1,0.0,9.5,0.0,3,0.1,4,100,Olahan,Minuman,,200,Teh Poci Teh Poci Tegal,Clay Pot Tea With Rock Sugar · Teh Poci Teh Poci Tegal · 1 gelas (200 ml) · Jawa Tengah/Teh · src:Recipe calc · conf:medium
idn-wedang-jahe,Wedang Jahe,42.0,0.1,0.1,10.5,0.1,12,0.2,8,100,Olahan,Minuman,,200,Air Jahe Wedang Jahe Gula Jawa,Hot Ginger Drink · Air Jahe Wedang Jahe Gula Jawa · 1 gelas (200 ml) · Jawa Tengah/Jamu & Wedang · src:Recipe calc · conf:high
idn-wedang-jahe-susu,Wedang Jahe Susu,82.0,2.8,2.6,11.5,0.2,100,0.2,45,100,Olahan,Minuman,,200,Jahe Susu Wedang Jahe Susu Panas,Ginger Brew With Milk · Jahe Susu Wedang Jahe Susu Panas · 1 gelas (200 ml) · Jawa Tengah/Jamu & Wedang · src:Recipe calc · conf:medium
idn-wedang-kacang-tanah,Wedang Kacang Tanah,118.0,3.5,5.5,14.0,1.2,30,0.7,30,100,Olahan,Minuman,,250,Kacang Kuah Jahe Wedang Kacang,Hot Peanut Ginger Soup · Kacang Kuah Jahe Wedang Kacang · 1 mangkok (250 ml) · Jawa Tengah/Jamu & Wedang · src:Recipe calc · conf:medium
idn-wedang-ronde,Wedang Ronde,88.0,1.5,1.8,16.5,0.6,25,0.5,20,100,Olahan,Minuman,,250,Ronde Wedang Ronde Jahe,Ginger Soup With Glutinous Rice Balls · Ronde Wedang Ronde Jahe · 1 mangkok (250 ml) · Jawa Tengah/Jamu & Wedang · src:Recipe calc · conf:high
idn-wedang-secang,Wedang Secang,32.0,0.1,0.1,7.8,0.1,10,0.2,6,100,Olahan,Minuman,,200,Secang Jahe Wedang Kayu Secang,Sappan Wood Spiced Drink · Secang Jahe Wedang Kayu Secang · 1 gelas (200 ml) · Jawa Tengah/Jamu & Wedang · src:Recipe calc · conf:medium
idn-wedang-tahu,Wedang Tahu,72.0,2.6,1.6,11.5,0.3,60,0.8,25,100,Olahan,Minuman,,250,Kembang Tahu Tahu Kembang,Silken Tofu Pudding In Ginger Syrup · Kembang Tahu Tahu Kembang · 1 mangkok (250 ml) · Jawa Tengah/Tahu & Tempe · src:Recipe calc · conf:high
idn-es-cao-susu,Es Cao Susu,85.0,1.5,2.2,15.0,0.6,60,0.4,35,100,Olahan,Minuman,,250,Cincau Susu Es Cao,Black Grass Jelly With Condensed Milk · Cincau Susu Es Cao · 1 gelas (250 ml) · Jawa Timur/Es Manis · src:Recipe calc · conf:medium
idn-es-podeng,Es Podeng,145.0,2.0,6.0,21.0,0.6,55,0.6,45,100,Olahan,Minuman,,250,Es Puter Podeng Podeng,Coconut Ice Cream Dessert With Bread & Nuts · Es Puter Podeng Podeng · 1 mangkok (250 ml) · Jawa Timur/Jus & Es Buah · src:Recipe calc · conf:medium
idn-jamu-sinom,Jamu Sinom,42.0,0.2,0.1,10.2,0.3,18,0.5,8,100,Olahan,Minuman,,200,Jamu Sinom Suroboyo Sinom,Young Tamarind Leaf Tonic · Jamu Sinom Suroboyo Sinom · 1 gelas (200 ml) · Jawa Timur/Jamu & Wedang · src:Recipe calc · conf:medium
idn-legen,Legen,60.0,0.3,0.2,14.5,0.2,25,0.4,20,100,Olahan,Minuman,,250,Air Nira Legen Tuban,Fresh Palm Sap Drink · Air Nira Legen Tuban · 1 gelas (250 ml) · Jawa Timur/Susu & Lainnya · src:Estimate · conf:low
idn-stmj,STMJ,115.0,4.5,5.0,12.5,0.1,110,0.4,55,100,Olahan,Minuman,,200,Es STMJ Susu Telur Madu Jahe,Milk Egg Honey & Ginger Drink · Es STMJ Susu Telur Madu Jahe · 1 gelas (200 ml) · Jawa Timur/Susu & Lainnya · src:Recipe calc · conf:medium
idn-wedang-angsle,Wedang Angsle,115.0,2.2,4.5,17.0,0.9,32,0.8,35,100,Olahan,Minuman,,250,Angsle Wedang Angsle Malang,Malang Coconut Milk Dessert Drink · Angsle Wedang Angsle Malang · 1 mangkok (250 ml) · Jawa Timur/Jamu & Wedang · src:Recipe calc · conf:medium
idn-es-kelapa-banjar,Es Kelapa Banjar,61.0,0.4,1.0,12.5,0.5,10,0.2,15,100,Olahan,Minuman,,250,Es Degan Banjar Es Kelapa Muda Banjar,Iced Young Coconut With Palm Sugar Syrup · Es Degan Banjar Es Kelapa Muda Banjar · 1 gelas (250 ml) · Kalimantan Selatan/Es Manis · src:Recipe calc · conf:medium
idn-es-sirup-pala,Es Sirup Pala,70.0,0.1,0.0,17.5,0.2,5,0.1,8,100,Olahan,Minuman,,250,Es Pala Sirup Pala Banda,Iced Nutmeg Syrup Drink · Es Pala Sirup Pala Banda · 1 gelas (250 ml) · Maluku/Es Manis · src:Recipe calc · conf:medium
idn-kopi-rarobang,Kopi Rarobang,53.0,0.6,1.2,10.0,0.2,10,0.3,8,100,Olahan,Minuman,,200,Kopi Rarobang Ambon Kopi Sibu-Sibu,Ambonese Ginger & Spice Coffee With Kenari · Kopi Rarobang Ambon Kopi Sibu-Sibu · 1 gelas (200 ml) · Maluku/Kopi · src:Recipe calc · conf:medium
idn-air-jahe-merah,Air Jahe Merah,38.0,0.1,0.1,9.4,0.1,12,0.2,8,100,Olahan,Minuman,,200,Jahe Merah Hangat Wedang Jahe Merah,Red Ginger Infusion · Jahe Merah Hangat Wedang Jahe Merah · 1 gelas (200 ml) · Nasional/Jamu & Wedang · src:Recipe calc · conf:medium
idn-air-kelapa-muda,Air Kelapa Muda,19.0,0.7,0.2,3.7,1.1,24,0.3,105,100,Olahan,Minuman,,250,Air Degan Air Kelapa Hijau,Fresh Young Coconut Water · Air Degan Air Kelapa Hijau · 1 gelas (250 ml) · Nasional/Susu & Lainnya · src:TKPI · conf:high
idn-es-alpukat-kocok,Es Alpukat Kocok,145.0,1.8,8.5,16.0,2.2,45,0.5,25,100,Olahan,Minuman,,250,Alpukat Kocok Es Pokat Kocok,Shaken Avocado Ice With Chocolate · Alpukat Kocok Es Pokat Kocok · 1 gelas (250 ml) · Nasional/Jus & Es Buah · src:Recipe calc · conf:high
idn-es-blewah,Es Blewah,60.0,0.4,0.1,14.5,0.5,12,0.2,10,100,Olahan,Minuman,,250,Blewah Sirup Es Blewah Serut,Iced Cantaloupe Shred Drink · Blewah Sirup Es Blewah Serut · 1 gelas (250 ml) · Nasional/Jus & Es Buah · src:Recipe calc · conf:high
idn-es-buah,Es Buah,85.0,0.7,1.2,18.0,0.9,25,0.3,20,100,Olahan,Minuman,,300,Es Buah Segar Es Koktail Buah,Iced Mixed Fruit Cocktail Drink · Es Buah Segar Es Koktail Buah · 1 mangkok (300 ml) · Nasional/Jus & Es Buah · src:Recipe calc · conf:high
idn-es-cincau-hitam,Es Cincau Hitam,58.0,0.4,0.9,12.5,0.7,25,0.4,18,100,Olahan,Minuman,,250,Cincau Hitam Es Cincau Item,Iced Black Grass Jelly Drink · Cincau Hitam Es Cincau Item · 1 gelas (250 ml) · Nasional/Es Manis · src:Recipe calc · conf:high
idn-es-cokelat-susu,Es Cokelat Susu,95.0,2.2,2.8,15.5,0.4,90,0.4,45,100,Olahan,Minuman,,250,Cokelat Dingin Es Coklat,Iced Chocolate Milk · Cokelat Dingin Es Coklat · 1 gelas (250 ml) · Nasional/Susu & Lainnya · src:Recipe calc · conf:high
idn-es-jeruk-manis,Es Jeruk Manis,48.0,0.4,0.1,11.5,0.2,12,0.2,5,100,Olahan,Minuman,,250,Es Jeruk Es Jeruk Peras Manis,Iced Sweet Orange Squash · Es Jeruk Es Jeruk Peras Manis · 1 gelas (250 ml) · Nasional/Es Manis · src:Recipe calc · conf:high
idn-es-jeruk-nipis,Es Jeruk Nipis,40.0,0.2,0.1,10.0,0.1,8,0.1,4,100,Olahan,Minuman,,250,Es Jeruk Nipis Peras Es Limau,Iced Lime Juice With Sugar · Es Jeruk Nipis Peras Es Limau · 1 gelas (250 ml) · Nasional/Es Manis · src:Recipe calc · conf:high
idn-es-kacang-hijau,Es Kacang Hijau,105.0,2.8,2.5,18.0,1.6,35,0.9,25,100,Olahan,Minuman,,250,Es Kacang Ijo Kacang Hijau Santan,Iced Sweet Mung Bean Drink · Es Kacang Ijo Kacang Hijau Santan · 1 mangkok (250 ml) · Nasional/Kacang & Camilan · src:Recipe calc · conf:high
idn-es-kolang-kaling,Es Kolang Kaling,70.0,0.3,0.2,17.0,1.2,30,0.3,10,100,Olahan,Minuman,,250,Es Buah Atap Kolang Kaling Sirup,Iced Palm Fruit In Syrup · Es Buah Atap Kolang Kaling Sirup · 1 gelas (250 ml) · Nasional/Jus & Es Buah · src:Recipe calc · conf:medium
idn-es-kopi-kelapa,Es Kopi Kelapa,52.0,0.5,0.4,12.0,0.2,18,0.3,40,100,Olahan,Minuman,,250,Es Kopi Degan Kopi Kelapa,Iced Coffee With Coconut Water · Es Kopi Degan Kopi Kelapa · 1 gelas (250 ml) · Nasional/Kopi · src:Recipe calc · conf:medium
idn-es-lemon-tea,Es Lemon Tea,42.0,0.1,0.0,10.5,0.1,4,0.1,5,100,Olahan,Minuman,,250,Es Teh Lemon Lemon Tea Dingin,Iced Lemon Tea · Es Teh Lemon Lemon Tea Dingin · 1 gelas (250 ml) · Nasional/Teh · src:Recipe calc · conf:high
idn-es-rumput-laut,Es Rumput Laut,75.0,0.6,1.5,15.0,1.5,45,0.6,40,100,Olahan,Minuman,,250,Es Rumput Laut Santan Seaweed Ice,Iced Seaweed Jelly Drink · Es Rumput Laut Santan Seaweed Ice · 1 gelas (250 ml) · Nasional/Jus & Es Buah · src:Recipe calc · conf:medium
idn-es-sarang-burung,Es Sarang Burung,88.0,1.0,1.8,17.5,0.6,40,0.3,30,100,Olahan,Minuman,,250,Es Sarang Burung Agar Sarang Burung Nata,Birds Nest Jelly Ice Dessert Drink · Es Sarang Burung Agar Sarang Burung Nata · 1 gelas (250 ml) · Nasional/Es Manis · src:Recipe calc · conf:medium
idn-es-selasih-sirup,Es Selasih Sirup,55.0,0.3,0.3,13.0,0.8,25,0.3,8,100,Olahan,Minuman,,250,Es Biji Selasih Es Selasih,Iced Basil Seed Syrup Drink · Es Biji Selasih Es Selasih · 1 gelas (250 ml) · Nasional/Es Manis · src:Recipe calc · conf:medium
idn-es-sirsak,Es Sirsak,68.0,0.6,0.2,16.5,1.4,14,0.4,8,100,Olahan,Minuman,,250,Es Sirsak Segar Sirsak Dingin,Iced Soursop Drink · Es Sirsak Segar Sirsak Dingin · 1 gelas (250 ml) · Nasional/Jus & Es Buah · src:Recipe calc · conf:high
idn-es-sirup-merah,Es Sirup Merah,60.0,0.0,0.0,15.0,0.0,3,0.1,6,100,Olahan,Minuman,,250,Es Sirop Merah Es Sirup Cocopandan,Iced Red Cocopandan Syrup Drink · Es Sirop Merah Es Sirup Cocopandan · 1 gelas (250 ml) · Nasional/Es Manis · src:Recipe calc · conf:high
idn-es-susu-kedelai,Es Susu Kedelai,40.0,2.4,1.4,4.6,0.3,22,0.5,22,100,Olahan,Minuman,,250,Es Soya Susu Kedelai Dingin,Iced Sweet Soy Milk · Es Soya Susu Kedelai Dingin · 1 gelas (250 ml) · Nasional/Susu & Lainnya · src:Recipe calc · conf:high
idn-es-tebu-murni,Es Tebu Murni,58.0,0.2,0.1,14.5,0.1,18,0.4,15,100,Olahan,Minuman,,250,Air Tebu Es Tebu Peras,Fresh Pressed Sugarcane Juice · Air Tebu Es Tebu Peras · 1 gelas (250 ml) · Nasional/Susu & Lainnya · src:Recipe calc · conf:high
idn-es-teh-leci,Es Teh Leci,55.0,0.1,0.0,13.8,0.1,4,0.1,6,100,Olahan,Minuman,,250,Lychee Tea Teh Leci,Iced Lychee Tea · Lychee Tea Teh Leci · 1 gelas (250 ml) · Nasional/Teh · src:Recipe calc · conf:medium
idn-es-timun-serut,Es Timun Serut,42.0,0.3,0.1,10.2,0.4,12,0.2,6,100,Olahan,Minuman,,250,Es Timun Timun Serut Sirup,Iced Shredded Cucumber Drink · Es Timun Timun Serut Sirup · 1 gelas (250 ml) · Nasional/Jus & Es Buah · src:Recipe calc · conf:medium
idn-jeruk-nipis-hangat-madu,Jeruk Nipis Hangat Madu,48.0,0.1,0.0,12.0,0.1,6,0.1,4,100,Olahan,Minuman,,200,Air Jeruk Nipis Madu Lemon Madu Hangat,Hot Lime Honey Drink · Air Jeruk Nipis Madu Lemon Madu Hangat · 1 gelas (200 ml) · Nasional/Jamu & Wedang · src:Recipe calc · conf:high
idn-jus-alpukat,Jus Alpukat,138.0,1.6,8.0,15.5,2.0,40,0.5,25,100,Olahan,Minuman,,250,Alpukat Blender Jus Pokat,Avocado Shake With Condensed Milk · Alpukat Blender Jus Pokat · 1 gelas (250 ml) · Nasional/Jus & Es Buah · src:Recipe calc · conf:high
idn-jus-buah-naga-merah,Jus Buah Naga Merah,62.0,0.8,0.3,14.5,1.5,12,0.4,6,100,Olahan,Minuman,,250,Dragon Fruit Juice Jus Naga Merah,Red Dragon Fruit Juice · Dragon Fruit Juice Jus Naga Merah · 1 gelas (250 ml) · Nasional/Jus & Es Buah · src:Recipe calc · conf:medium
idn-jus-jambu-biji-merah,Jus Jambu Biji Merah,72.0,0.7,0.4,17.0,1.6,15,0.4,6,100,Olahan,Minuman,,250,Jus Jambu Jus Jambu Merah,Red Guava Juice · Jus Jambu Jus Jambu Merah · 1 gelas (250 ml) · Nasional/Jus & Es Buah · src:Recipe calc · conf:high
idn-jus-jeruk-peras,Jus Jeruk Peras,52.0,0.6,0.2,12.2,0.3,14,0.2,4,100,Olahan,Minuman,,250,Jus Jeruk Orange Juice Peras,Fresh Squeezed Orange Juice · Jus Jeruk Orange Juice Peras · 1 gelas (250 ml) · Nasional/Jus & Es Buah · src:Recipe calc · conf:high
idn-jus-mangga,Jus Mangga,85.0,0.6,0.3,20.5,0.9,12,0.3,6,100,Olahan,Minuman,,250,Jus Mangga Harum Manis Mango Juice,Mango Juice · Jus Mangga Harum Manis Mango Juice · 1 gelas (250 ml) · Nasional/Jus & Es Buah · src:Recipe calc · conf:high
idn-jus-melon,Jus Melon,52.0,0.5,0.1,12.8,0.5,10,0.2,12,100,Olahan,Minuman,,250,Jus Melon Hijau Melon Juice,Melon Juice · Jus Melon Hijau Melon Juice · 1 gelas (250 ml) · Nasional/Jus & Es Buah · src:Recipe calc · conf:high
idn-jus-semangka,Jus Semangka,45.0,0.5,0.1,11.0,0.2,8,0.2,6,100,Olahan,Minuman,,250,Jus Semangka Merah Watermelon Juice,Watermelon Juice · Jus Semangka Merah Watermelon Juice · 1 gelas (250 ml) · Nasional/Jus & Es Buah · src:Recipe calc · conf:high
idn-jus-sirsak,Jus Sirsak,82.0,0.9,0.3,20.0,2.2,16,0.5,10,100,Olahan,Minuman,,250,Jus Sirsak Kental Soursop Juice,Soursop Juice · Jus Sirsak Kental Soursop Juice · 1 gelas (250 ml) · Nasional/Jus & Es Buah · src:Recipe calc · conf:medium
idn-jus-tomat,Jus Tomat,45.0,0.7,0.2,10.5,0.6,12,0.3,25,100,Olahan,Minuman,,250,Jus Tomat Segar Tomato Juice,Tomato Juice · Jus Tomat Segar Tomato Juice · 1 gelas (250 ml) · Nasional/Jus & Es Buah · src:Recipe calc · conf:high
idn-jus-wortel,Jus Wortel,55.0,0.7,0.2,13.0,0.9,25,0.4,40,100,Olahan,Minuman,,250,Carrot Juice Jus Wortel Segar,Carrot Juice · Carrot Juice Jus Wortel Segar · 1 gelas (250 ml) · Nasional/Jus & Es Buah · src:Recipe calc · conf:high
idn-kopi-hitam-tanpa-gula,Kopi Hitam Tanpa Gula,5.0,0.2,0.0,0.8,0.0,3,0.1,5,100,Olahan,Minuman,,200,Kopi Hitam Polos Kopi Pahit,Black Coffee No Sugar · Kopi Hitam Polos Kopi Pahit · 1 cangkir (200 ml) · Nasional/Kopi · src:USDA analog · conf:high
idn-kopi-luwak,Kopi Luwak,6.0,0.2,0.0,1.0,0.0,3,0.1,5,100,Olahan,Minuman,,150,Kopi Luwak Tubruk Luwak Coffee,Civet Coffee Brewed Black · Kopi Luwak Tubruk Luwak Coffee · 1 cangkir (150 ml) · Nasional/Kopi · src:USDA analog · conf:medium
idn-kopi-susu-panas,Kopi Susu Panas,95.0,1.8,2.5,16.5,0.0,65,0.2,40,100,Olahan,Minuman,,200,Kopi Susu Kopi Susu Warkop,Hot Coffee With Condensed Milk · Kopi Susu Kopi Susu Warkop · 1 gelas (200 ml) · Nasional/Kopi · src:Recipe calc · conf:high
idn-kopi-telur,Kopi Telur,105.0,4.0,4.5,12.0,0.0,30,0.8,35,100,Olahan,Minuman,,200,Kopi Talua Jawa Kopi Telor,Egg Yolk Coffee · Kopi Talua Jawa Kopi Telor · 1 gelas (200 ml) · Nasional/Telur · src:Recipe calc · conf:medium
idn-kopi-tubruk,Kopi Tubruk,35.0,0.2,0.0,8.5,0.0,4,0.1,5,100,Olahan,Minuman,,200,Kopi Jawa Kopi Tubruk Manis,Traditional Sweet Boiled Coffee · Kopi Jawa Kopi Tubruk Manis · 1 gelas (200 ml) · Nasional/Kopi · src:Recipe calc · conf:high
idn-sop-buah,Sop Buah,95.0,1.4,2.5,17.5,1.0,50,0.3,30,100,Olahan,Minuman,,300,Es Sop Buah Sup Buah,Fruit Soup With Milk & Syrup · Es Sop Buah Sup Buah · 1 mangkok (300 ml) · Nasional/Soto & Sup · src:Recipe calc · conf:high
idn-susu-jagung,Susu Jagung,68.0,1.6,0.8,14.0,0.6,20,0.4,30,100,Olahan,Minuman,,250,Corn Milk Susu Jagung Manis,Sweet Corn Milk · Corn Milk Susu Jagung Manis · 1 gelas (250 ml) · Nasional/Susu & Lainnya · src:Recipe calc · conf:medium
idn-susu-jahe,Susu Jahe,78.0,3.0,2.8,10.0,0.1,105,0.1,45,100,Olahan,Minuman,,200,Susu Jahe Hangat Wedang Susu Jahe,Hot Ginger Milk · Susu Jahe Hangat Wedang Susu Jahe · 1 gelas (200 ml) · Nasional/Susu & Lainnya · src:Recipe calc · conf:high
idn-teh-manis-hangat,Teh Manis Hangat,40.0,0.0,0.0,10.0,0.0,3,0.1,4,100,Olahan,Minuman,,200,Teh Anget Teh Manis Panas,Hot Sweet Tea · Teh Anget Teh Manis Panas · 1 gelas (200 ml) · Nasional/Teh · src:Recipe calc · conf:high
idn-teh-tawar,Teh Tawar,5.0,0.1,0.0,1.0,0.0,2,0.1,3,100,Olahan,Minuman,,200,Teh Pahit Teh Tawar Hangat,Plain Unsweetened Tea · Teh Pahit Teh Tawar Hangat · 1 gelas (200 ml) · Nasional/Teh · src:USDA analog · conf:high
idn-sarabba,Sarabba,95.0,0.8,3.5,15.0,0.2,10,0.3,15,100,Olahan,Minuman,,200,Saraba Sarabba Makassar,Makassarese Ginger Palm Sugar Coconut Drink · Saraba Sarabba Makassar · 1 gelas (200 ml) · Sulawesi Selatan/Jamu & Wedang · src:Recipe calc · conf:medium
idn-es-brenebon,Es Brenebon,118.0,2.8,2.5,21.5,2.3,55,0.9,45,100,Olahan,Minuman,,240,Es Brenebon Manado Es Kacang Merah Manado,Iced Red Bean Dessert Drink · Es Brenebon Manado Es Kacang Merah Manado · 1 gelas (240 ml) · Sulawesi Utara/Es Manis · src:Recipe calc · conf:medium
idn-es-kelapa-kopyor-manado,Es Kelapa Kopyor Manado,58.0,0.5,1.2,11.5,0.8,18,0.2,20,100,Olahan,Minuman,,240,Es Kelapa Muda Manado,Iced Young Coconut Drink · Es Kelapa Muda Manado · 1 gelas (240 ml) · Sulawesi Utara/Es Manis · src:Recipe calc · conf:low
idn-saraba,Saraba,73.0,1.2,1.6,13.5,0.2,45,0.3,25,100,Olahan,Minuman,,240,Saraba Manado Sarabba,Ginger Palm Sugar Milk Drink · Saraba Manado Sarabba · 1 gelas (240 ml) · Sulawesi Utara/Jamu & Wedang · src:Recipe calc · conf:medium
idn-es-durian-padang,Es Durian Padang,141.0,2.0,5.0,22.0,2.0,35,0.6,25,100,Olahan,Minuman,,250,Es Duren Padang Es Durian Ganti Nan Lamo,Padang Iced Durian Dessert · Es Duren Padang Es Durian Ganti Nan Lamo · 1 mangkok (250 ml) · Sumatera Barat/Es Manis · src:Recipe calc · conf:medium
idn-es-tebak,Es Tebak,108.5,1.5,2.5,20.0,0.8,45,0.5,40,100,Olahan,Minuman,,250,Es Campur Tebak Es Tebak Padang,Padang Shaved Ice Dessert Drink · Es Campur Tebak Es Tebak Padang · 1 gelas (250 ml) · Sumatera Barat/Es Manis · src:Recipe calc · conf:medium
idn-kopi-kawa-daun,Kopi Kawa Daun,31.7,0.2,0.1,7.5,0.0,8,0.2,8,100,Olahan,Minuman,,200,Aia Kawa Kawa Daun Kopi Daun Minang,Coffee Leaf Brew · Aia Kawa Kawa Daun Kopi Daun Minang · 1 mangkok tempurung (200 ml) · Sumatera Barat/Kopi · src:Estimate · conf:low
idn-teh-talua,Teh Talua,93.0,3.5,3.0,13.0,0.0,25,0.7,30,100,Olahan,Minuman,,200,Teh Talua Minang Teh Telur Padang,Minang Egg Yolk Tea · Teh Talua Minang Teh Telur Padang · 1 gelas (200 ml) · Sumatera Barat/Teh · src:Recipe calc · conf:medium
idn-es-kacang-merah-palembang,Es Kacang Merah Palembang,115.0,2.5,3.5,18.5,2.0,45,0.8,30,100,Olahan,Minuman,,250,Es Kacang Merah Es Kacang Merah Cek Lin,Palembang Red Bean Shaved Ice · Es Kacang Merah Es Kacang Merah Cek Lin · 1 gelas (250 ml) · Sumatera Selatan/Kacang & Camilan · src:Recipe calc · conf:medium
idn-es-campur-medan,Es Campur Medan,118.0,1.3,4.0,19.0,0.9,35,0.5,28,100,Olahan,Minuman,,300,Es Campur Durian Medan Es Campur Sumatera,Medan Style Mixed Ice With Syrup & Tape · Es Campur Durian Medan Es Campur Sumatera · 1 mangkok (300 ml) · Sumatera Utara/Jus & Es Buah · src:Recipe calc · conf:medium
idn-es-markisa,Es Markisa,62.0,0.3,0.1,15.2,0.6,10,0.3,8,100,Olahan,Minuman,,250,Es Markisa Medan Sirup Markisa,Iced Passion Fruit Drink · Es Markisa Medan Sirup Markisa · 1 gelas (250 ml) · Sumatera Utara/Jus & Es Buah · src:Recipe calc · conf:medium
idn-jus-terong-belanda,Jus Terong Belanda,68.0,1.0,0.3,15.8,1.5,12,0.5,8,100,Olahan,Minuman,,250,Jus Terung Belanda Jus Tiwul Belanda,Tamarillo Juice · Jus Terung Belanda Jus Tiwul Belanda · 1 gelas (250 ml) · Sumatera Utara/Jus & Es Buah · src:Recipe calc · conf:medium
idn-roti-buaya,Roti Buaya,306.0,8.0,6.0,55.0,1.8,60,2.2,300,100,Olahan,Roti & Bakery,,70,Roti Buaya Betawi Roti Pengantin Betawi,Betawi Crocodile Shaped Ceremonial Bread · Roti Buaya Betawi Roti Pengantin Betawi · 1 potong · DKI Jakarta/Roti & Pastry · src:Recipe calc · conf:medium
idn-roti-gambang,Roti Gambang,338.0,6.0,10.0,56.0,2.0,50,2.5,220,100,Olahan,Roti & Bakery,,60,Roti Gambang Betawi Roti Ganjel Rel Roti Kaliurang,Betawi Brown Sugar Sesame Bread · Roti Gambang Betawi Roti Ganjel Rel Roti Kaliurang · 1 potong · DKI Jakarta/Roti & Pastry · src:Recipe calc · conf:high
idn-pisang-bolen-keju-cokelat,Pisang Bolen Keju Cokelat,355.0,5.5,17.0,45.0,1.7,80,1.0,200,100,Olahan,Roti & Bakery,,70,Bolen Pisang Pisang Bolen Kartika Sari,Baked Puff Pastry Banana With Cheese · Bolen Pisang Pisang Bolen Kartika Sari · 1 buah · Jawa Barat/Roti & Pastry · src:Recipe calc · conf:high
idn-roti-unyil,Roti Unyil,337.0,7.5,11.0,52.0,1.8,60,2.0,300,100,Olahan,Roti & Bakery,,60,Roti Mini Bogor Roti Unyil Venus,Bogor Mini Filled Buns · Roti Mini Bogor Roti Unyil Venus · 3 buah · Jawa Barat/Roti & Pastry · src:Recipe calc · conf:medium
idn-roti-bluder,Roti Bluder,349.0,8.0,13.0,50.0,1.5,60,2.0,290,100,Olahan,Roti & Bakery,,70,Bluder Cokro Roti Bluder Madiun,Madiun Rich Soft Butter Bun · Bluder Cokro Roti Bluder Madiun · 1 buah · Jawa Timur/Roti & Pastry · src:Recipe calc · conf:medium
idn-roti-sisir,Roti Sisir,354.0,7.5,12.0,54.0,1.6,60,2.0,320,100,Olahan,Roti & Bakery,,60,Roti Sisir Manis Roti Sisir Mentega,Layered Butter Comb Bread · Roti Sisir Manis Roti Sisir Mentega · 2 potong · Jawa Timur/Roti & Pastry · src:Recipe calc · conf:medium
idn-roti-gembong,Roti Gembong,344.0,7.0,12.0,52.0,1.5,55,2.0,280,100,Olahan,Roti & Bakery,,80,Roti Gembong Kutai Roti Gembong Samarinda,Kutai Sweet Butter Filled Bun · Roti Gembong Kutai Roti Gembong Samarinda · 1 buah · Kalimantan Timur/Roti & Pastry · src:Recipe calc · conf:medium
idn-donat-cokelat,Donat Cokelat,424.0,6.0,21.0,53.0,1.8,50,2.2,250,100,Olahan,Roti & Bakery,,65,Donat Coklat Donat Glazed Coklat,Chocolate Glazed Doughnut · Donat Coklat Donat Glazed Coklat · 1 buah · Nasional/Roti & Pastry · src:Recipe calc · conf:high
idn-donat-keju,Donat Keju,419.0,7.5,21.0,50.0,1.5,120,1.9,350,100,Olahan,Roti & Bakery,,65,Donat Cheese Donat Parutan Keju,Cheese Topped Doughnut · Donat Cheese Donat Parutan Keju · 1 buah · Nasional/Roti & Pastry · src:Recipe calc · conf:medium
idn-donat-meses,Donat Meses,426.0,6.0,21.0,54.0,1.6,50,2.1,240,100,Olahan,Roti & Bakery,,65,Donat Ceres Donat Coklat Meses,Chocolate Sprinkle Doughnut · Donat Ceres Donat Coklat Meses · 1 buah · Nasional/Roti & Pastry · src:Recipe calc · conf:medium
idn-kue-bagelen,Kue Bagelen,448.0,7.0,20.0,60.0,2.0,60,2.0,380,100,Olahan,Roti & Bakery,,40,Bagelan Bagelen Mentega Roti Bagelen,Twice Baked Buttered Sweet Rusk · Bagelan Bagelen Mentega Roti Bagelen · 3 buah · Nasional/Roti & Pastry · src:Recipe calc · conf:medium
idn-muffin-cokelat,Muffin Cokelat,383.0,6.0,18.0,50.0,2.0,55,1.8,300,100,Olahan,Roti & Bakery,,70,Muffin Choco Chip Muffin Coklat,Chocolate Chip Muffin · Muffin Choco Chip Muffin Coklat · 1 buah · Nasional/Roti & Pastry · src:USDA analog · conf:medium
idn-muffin-pisang,Muffin Pisang,349.0,5.5,15.0,48.0,1.8,45,1.3,280,100,Olahan,Roti & Bakery,,70,Bolu Muffin Pisang Muffin Banana,Banana Muffin · Bolu Muffin Pisang Muffin Banana · 1 buah · Nasional/Roti & Pastry · src:USDA analog · conf:medium
idn-roti-bakar-srikaya,Roti Bakar Srikaya,338.0,7.0,12.0,50.0,1.9,90,2.0,380,100,Olahan,Roti & Bakery,,110,Roti Bakar Kaya Roti Panggang Srikaya,Grilled Coconut Custard Toast · Roti Bakar Kaya Roti Panggang Srikaya · 1 porsi · Nasional/Roti & Pastry · src:Recipe calc · conf:medium
idn-roti-boy,Roti Boy,376.0,7.0,16.0,51.0,1.6,60,1.9,320,100,Olahan,Roti & Bakery,,70,Kopi Roti Mexican Bun Papa Roti Roti O,Coffee Topped Mexican Bun · Kopi Roti Mexican Bun Papa Roti Roti O · 1 buah · Nasional/Roti & Pastry · src:Recipe calc · conf:high
idn-roti-gandum,Roti Gandum,264.0,13.0,3.5,45.0,6.0,100,2.5,450,100,Olahan,Roti & Bakery,,50,Roti Gandum Utuh Roti Tawar Gandum Whole Wheat Bread,Whole Wheat Bread · Roti Gandum Utuh Roti Tawar Gandum Whole Wheat Bread · 2 lembar · Nasional/Roti & Pastry · src:USDA analog · conf:high
idn-roti-isi-abon,Roti Isi Abon,330.0,10.0,10.0,50.0,1.5,55,2.4,550,100,Olahan,Roti & Bakery,,60,Roti Abon Roti Manis Abon Sapi,Beef Floss Topped Bun · Roti Abon Roti Manis Abon Sapi · 1 buah · Nasional/Roti & Pastry · src:Recipe calc · conf:medium
idn-roti-isi-cokelat,Roti Isi Cokelat,325.0,7.0,9.0,54.0,1.8,60,2.1,250,100,Olahan,Roti & Bakery,,60,Roti Coklat Roti Manis Isi Coklat,Chocolate Filled Sweet Bun · Roti Coklat Roti Manis Isi Coklat · 1 buah · Nasional/Roti & Pastry · src:Recipe calc · conf:high
idn-roti-isi-kacang,Roti Isi Kacang,341.0,8.5,11.0,52.0,2.5,60,2.2,260,100,Olahan,Roti & Bakery,,60,Roti Kacang Roti Manis Isi Kacang Tanah,Peanut Filled Sweet Bun · Roti Kacang Roti Manis Isi Kacang Tanah · 1 buah · Nasional/Roti & Pastry · src:Recipe calc · conf:medium
idn-roti-isi-keju,Roti Isi Keju,330.0,9.0,10.5,50.0,1.6,150,1.9,430,100,Olahan,Roti & Bakery,,60,Roti Keju Roti Manis Isi Keju,Cheese Filled Sweet Bun · Roti Keju Roti Manis Isi Keju · 1 buah · Nasional/Roti & Pastry · src:Recipe calc · conf:high
idn-roti-isi-pisang-cokelat,Roti Isi Pisang Cokelat,302.0,6.5,7.5,52.0,2.0,50,1.9,240,100,Olahan,Roti & Bakery,,65,Roti Isi Pisang Roti Pisang Coklat,Banana Chocolate Filled Bun · Roti Isi Pisang Roti Pisang Coklat · 1 buah · Nasional/Roti & Pastry · src:Recipe calc · conf:medium
idn-roti-isi-srikaya,Roti Isi Srikaya,316.0,7.0,8.0,54.0,1.6,55,2.0,250,100,Olahan,Roti & Bakery,,60,Roti Kaya Roti Manis Srikaya Roti Srikaya,Coconut Custard Filled Bun · Roti Kaya Roti Manis Srikaya Roti Srikaya · 1 buah · Nasional/Roti & Pastry · src:Recipe calc · conf:medium
idn-roti-kasur,Roti Kasur,330.0,8.0,10.0,52.0,1.6,60,2.0,300,100,Olahan,Roti & Bakery,,70,Roti Bantal Roti Kasur Manis,Soft Pillow Sweet Bread · Roti Bantal Roti Kasur Manis · 1 potong · Nasional/Roti & Pastry · src:Recipe calc · conf:medium
idn-roti-manis,Roti Manis,311.0,8.0,7.0,54.0,1.8,60,2.2,280,100,Olahan,Roti & Bakery,,60,Roti Empuk Roti Manis Polos Sweet Bun,Plain Sweet Enriched Bun · Roti Empuk Roti Manis Polos Sweet Bun · 1 buah · Nasional/Roti & Pastry · src:Recipe calc · conf:high
idn-roti-sobek-cokelat,Roti Sobek Cokelat,316.0,7.0,8.0,54.0,1.8,60,2.0,280,100,Olahan,Roti & Bakery,,70,Roti Sobek Coklat Roti Sobek Isi Cokelat,Chocolate Pull Apart Bread · Roti Sobek Coklat Roti Sobek Isi Cokelat · 2 potong · Nasional/Roti & Pastry · src:Recipe calc · conf:high
idn-roti-sobek-keju,Roti Sobek Keju,328.0,8.5,10.0,51.0,1.6,130,1.9,400,100,Olahan,Roti & Bakery,,70,Roti Sobek Cheese Roti Sobek Isi Keju,Cheese Pull Apart Bread · Roti Sobek Cheese Roti Sobek Isi Keju · 2 potong · Nasional/Roti & Pastry · src:Recipe calc · conf:medium
idn-roti-tawar,Roti Tawar,266.0,8.5,3.5,50.0,2.4,130,3.0,490,100,Olahan,Roti & Bakery,,50,Roti Sandwich Roti Tawar Biasa Roti Tawar Putih,White Sandwich Bread · Roti Sandwich Roti Tawar Biasa Roti Tawar Putih · 2 lembar · Nasional/Roti & Pastry · src:FatSecret ID · conf:high
idn-roti-tawar-gandum,Roti Tawar Gandum,247.0,13.0,3.5,41.0,6.0,110,2.5,450,100,Olahan,Roti & Bakery,,32,Roti Gandum Whole Wheat Bread,Whole Wheat Bread · Roti Gandum Whole Wheat Bread · 1 lembar · Nasional/Roti & Pastry · src:USDA analog · conf:high
idn-roti-tawar-putih,Roti Tawar Putih,265.0,9.0,3.3,49.0,2.4,150,3.6,490,100,Olahan,Roti & Bakery,,30,Roti Tawar Biasa White Bread,White Sandwich Bread · Roti Tawar Biasa White Bread · 1 lembar · Nasional/Roti & Pastry · src:USDA analog · conf:high
idn-roti-gambang-manado,Roti Gambang Manado,353.0,6.0,9.0,62.0,2.0,40,1.8,220,100,Olahan,Roti & Bakery,,60,Roti Gambang Manado Klasik Roti Gambang Sulut,Manado Spiced Palm Sugar Bread · Roti Gambang Manado Klasik Roti Gambang Sulut · 1 potong · Sulawesi Utara/Roti & Pastry · src:Recipe calc · conf:medium
idn-roti-canai-padang,Roti Canai Padang,340.0,7.0,16.0,42.0,1.8,40,2.4,420,100,Olahan,Roti & Bakery,,90,Roti Canai Kuah Kari Roti Cane Padang,Padang Flatbread With Curry · Roti Canai Kuah Kari Roti Cane Padang · 1 lembar · Sumatera Barat/Roti & Pastry · src:Recipe calc · conf:medium
idn-sambal-embe,Sambal Embe,235.0,2.5,19.0,13.0,2.5,40,1.4,700,100,Olahan,Sambal & Bumbu,,20,Sambal Bawang Bali Sambel Embe,Balinese Fried Shallot & Garlic Sambal · Sambal Bawang Bali Sambel Embe · 1 sdm · Bali/Sambal · src:Recipe calc · conf:medium
idn-sambal-matah,Sambal Matah,180.0,2.0,15.0,9.0,2.5,35,1.2,620,100,Olahan,Sambal & Bumbu,,20,Sambal Mentah Bali Sambel Matah,Balinese Raw Shallot & Lemongrass Sambal · Sambal Mentah Bali Sambel Matah · 1 sdm · Bali/Sambal · src:Recipe calc · conf:high
idn-sambal-geprek,Sambal Geprek,175.0,2.5,14.5,9.5,3.2,28,1.3,800,100,Olahan,Sambal & Bumbu,,20,Sambal Ayam Geprek,Chili Sambal For Ayam Geprek · Sambal Ayam Geprek · 1 sdm · DI Yogyakarta/Sambal · src:Recipe calc · conf:high
idn-bumbu-gado-gado,Bumbu Gado-Gado,285.0,9.5,19.5,19.0,3.2,42,1.4,650,100,Olahan,Sambal & Bumbu,,45,Bumbu Pecel Gado-Gado Saus Gado-Gado,Peanut Dressing For Gado-Gado · Bumbu Pecel Gado-Gado Saus Gado-Gado · 3 sdm · DKI Jakarta/Sayur · src:Recipe calc · conf:high
idn-duo-sale,Duo Sale,195.0,4.5,13.5,14.0,5.5,55,2.5,820,100,Olahan,Sambal & Bumbu,,18,Duosale Sambal Duo Sale,Gorontalo Dried Chili Sambal · Duosale Sambal Duo Sale · 1 sendok makan · Gorontalo/Sambal · src:Recipe calc · conf:low
idn-sambal-sagela,Sambal Sagela,231.0,12.0,15.0,12.0,3.5,90,3.0,900,100,Olahan,Sambal & Bumbu,,18,Sagela Sambal Sagela Gorontalo,Gorontalo Smoked Fish Chili Sambal · Sagela Sambal Sagela Gorontalo · 1 sendok makan · Gorontalo/Sambal · src:Recipe calc · conf:medium
idn-tempoyak,Tempoyak,175.0,2.0,4.5,32.0,3.5,25,0.8,400,100,Olahan,Sambal & Bumbu,,30,Tempoyak Jambi Tempuyak,Fermented Durian Paste · Tempoyak Jambi Tempuyak · 2 sdm · Jambi/Bumbu & Saus · src:Recipe calc · conf:medium
idn-sambal-dadak,Sambal Dadak,82.0,2.5,4.5,8.5,2.2,35,1.2,620,100,Olahan,Sambal & Bumbu,,20,Sambal Dadakan Sunda Sambel Dadak,Sundanese Fresh Pounded Sambal · Sambal Dadakan Sunda Sambel Dadak · 1 sdm · Jawa Barat/Sambal · src:Recipe calc · conf:medium
idn-sambal-hejo,Sambal Hejo,110.0,2.8,8.0,7.0,2.5,40,1.3,580,100,Olahan,Sambal & Bumbu,,20,Sambal Ijo Sunda Sambel Hejo,Sundanese Green Chilli Sambal · Sambal Ijo Sunda Sambel Hejo · 1 sdm · Jawa Barat/Sambal · src:Recipe calc · conf:medium
idn-sambal-oncom,Sambal Oncom,148.0,8.0,8.5,10.0,3.0,60,2.2,480,100,Olahan,Sambal & Bumbu,,40,Sambal Oncom Sunda Sambel Oncom,Fermented Oncom Chilli Sambal · Sambal Oncom Sunda Sambel Oncom · 2 sdm · Jawa Barat/Tahu & Tempe · src:Recipe calc · conf:medium
idn-sambal-bajak,Sambal Bajak,180.0,3.0,12.0,15.0,2.8,40,1.5,900,100,Olahan,Sambal & Bumbu,,15,Sambal Bajack Sambal Bajag,Cooked Fried Chili Paste Sambal · Sambal Bajack Sambal Bajag · 1 sdm · Jawa Tengah/Sambal · src:Recipe calc · conf:high
idn-koya-soto,Koya Soto,476.0,16.0,28.0,40.0,3.0,60,2.4,880,100,Olahan,Sambal & Bumbu,,8,Bubuk Koya Koya Bawang,Cracker & Garlic Sprinkle · Bubuk Koya Koya Bawang · 1 sdm · Jawa Timur/Soto & Sup · src:Recipe calc · conf:medium
idn-petis-udang,Petis Udang,165.0,12.0,1.5,26.0,0.5,90,2.0,3200,100,Olahan,Sambal & Bumbu,,10,Petis Hitam Petis Sidoarjo,Shrimp Paste Reduction · Petis Hitam Petis Sidoarjo · 1 sdt · Jawa Timur/Seafood · src:Recipe calc · conf:medium
idn-sambal-bawang,Sambal Bawang,190.0,2.5,16.0,9.0,3.0,25,1.2,700,100,Olahan,Sambal & Bumbu,,15,Sambal Bawang Merah Sambal Bawang Putih,Shallot And Garlic Chili Sambal · Sambal Bawang Merah Sambal Bawang Putih · 1 sdm · Jawa Timur/Sambal · src:Recipe calc · conf:high
idn-sambal-korek,Sambal Korek,210.0,2.2,19.0,8.0,2.8,22,1.1,750,100,Olahan,Sambal & Bumbu,,12,Sambal Korek Lamongan,Crushed Raw Chili Sambal With Hot Oil · Sambal Korek Lamongan · 1 sdm · Jawa Timur/Sambal · src:Recipe calc · conf:high
idn-sambal-pecel,Sambal Pecel,478.0,17.0,30.0,35.0,6.0,80,3.0,720,100,Olahan,Sambal & Bumbu,,20,Bumbu Pecel Sambel Pecel Madiun,Javanese Peanut Chili Sauce · Bumbu Pecel Sambel Pecel Madiun · 1 sdm · Jawa Timur/Sayur · src:NilaiGizi · conf:high
idn-bumbu-habang,Bumbu Habang,208.0,2.0,16.0,14.0,3.0,30,2.0,900,100,Olahan,Sambal & Bumbu,,30,Bumbu Merah Banjar Sambal Habang,Banjarese Dried Red Chilli Paste · Bumbu Merah Banjar Sambal Habang · 2 sdm · Kalimantan Selatan/Bumbu & Saus · src:Recipe calc · conf:medium
idn-sambal-acan-banjar,Sambal Acan Banjar,130.0,4.0,6.0,15.0,3.0,60,2.0,1600,100,Olahan,Sambal & Bumbu,,20,Acan Banjar Sambal Acan,Banjarese Shrimp Paste Chilli Sambal · Acan Banjar Sambal Acan · 2 sdm · Kalimantan Selatan/Sambal · src:Recipe calc · conf:medium
idn-sambal-raja,Sambal Raja,176.0,5.0,12.0,12.0,2.5,40,1.6,700,100,Olahan,Sambal & Bumbu,,40,Sambal Raja Kutai Sambal Raja Tenggarong,Kutai Royal Mixed Sambal · Sambal Raja Kutai Sambal Raja Tenggarong · 2 sdm · Kalimantan Timur/Sambal · src:Recipe calc · conf:medium
idn-calok,Calok,95.0,12.0,2.0,7.0,0.4,150,1.8,3000,100,Olahan,Sambal & Bumbu,,15,Calok Bangka Cencalok,Bangka Fermented Shrimp Condiment · Calok Bangka Cencalok · 1 sdm · Kepulauan Bangka Belitung/Bumbu & Saus · src:Recipe calc · conf:low
idn-sambal-seruit,Sambal Seruit,120.0,3.5,6.0,12.5,2.5,50,1.8,950,100,Olahan,Sambal & Bumbu,,25,Sambal Lampung Sambal Seruit Terasi,Lampung Terasi & Mango Sambal · Sambal Lampung Sambal Seruit Terasi · 1 sdm · Lampung/Sambal · src:Recipe calc · conf:medium
idn-sambal-tempoyak-lampung,Sambal Tempoyak Lampung,190.0,5.0,9.0,22.0,3.0,60,1.5,800,100,Olahan,Sambal & Bumbu,,30,Sambal Tempoyak Tempoyak Lampung,Lampung Stir-Fried Fermented Durian Sambal · Sambal Tempoyak Tempoyak Lampung · 2 sdm · Lampung/Sambal · src:Recipe calc · conf:medium
idn-colo-colo,Colo-Colo,84.0,1.6,4.0,10.5,1.8,25,1.0,780,100,Olahan,Sambal & Bumbu,,30,Dabu-Dabu Maluku Sambal Colo-Colo,"Moluccan Fresh Chilli, Tomato & Lime Sambal · Dabu-Dabu Maluku Sambal Colo-Colo · 2 sdm · Maluku/Sambal · src:Recipe calc · conf:medium"
idn-acar-timun,Acar Timun,45.0,0.6,0.1,10.5,0.8,15,0.3,450,100,Olahan,Sambal & Bumbu,,30,Acar Mentimun Acar Segar,Pickled Cucumber And Carrot · Acar Mentimun Acar Segar · 2 sdm · Nasional/Sayur · src:Recipe calc · conf:high
idn-bawang-goreng,Bawang Goreng,480.0,4.0,35.0,36.0,4.0,60,2.0,60,100,Olahan,Sambal & Bumbu,,8,Bawang Merah Goreng,Crispy Fried Shallots · Bawang Merah Goreng · 1 sdm · Nasional/Gorengan · src:Recipe calc · conf:medium
idn-bumbu-kacang-sate,Bumbu Kacang Sate,300.0,11.0,20.0,20.0,3.0,45,1.4,620,100,Olahan,Sambal & Bumbu,,50,Bumbu Sate Sambal Kacang Sate Saus Kacang Sate,Satay Peanut Sauce · Bumbu Sate Sambal Kacang Sate Saus Kacang Sate · 2 sdm (1 porsi sate) · Nasional/Kacang & Camilan · src:Recipe calc · conf:high
idn-kecap-asin,Kecap Asin,55.0,8.0,0.1,5.0,0.8,20,1.5,5500,100,Olahan,Sambal & Bumbu,,15,Kecap Asin Botol Soy Sauce,Salty Soy Sauce · Kecap Asin Botol Soy Sauce · 1 sdm · Nasional/Bumbu & Saus · src:USDA analog · conf:high
idn-kecap-manis,Kecap Manis,270.0,3.0,0.1,64.0,0.5,30,1.5,2500,100,Olahan,Sambal & Bumbu,,15,Kecap Manis Botol,Indonesian Sweet Soy Sauce · Kecap Manis Botol · 1 sdm · Nasional/Bumbu & Saus · src:FatSecret ID · conf:high
idn-kelapa-parut-sangrai,Kelapa Parut Sangrai,420.0,4.5,36.0,18.0,10.0,20,2.5,20,100,Olahan,Sambal & Bumbu,,20,Kelapa Gongseng Kelapa Sangrai,Toasted Grated Coconut · Kelapa Gongseng Kelapa Sangrai · 2 sdm · Nasional/Bumbu & Saus · src:TKPI · conf:medium
idn-mayones,Mayones,680.0,1.0,75.0,2.5,0.0,8,0.2,600,100,Olahan,Sambal & Bumbu,,14,Mayo Mayonaise,Mayonnaise · Mayo Mayonaise · 1 sdm · Nasional/Bumbu & Saus · src:USDA analog · conf:high
idn-sambal-kacang,Sambal Kacang,300.0,10.0,21.0,19.0,3.5,45,1.5,700,100,Olahan,Sambal & Bumbu,,30,Bumbu Sate Kacang Saus Kacang,Peanut Sauce For Satay · Bumbu Sate Kacang Saus Kacang · 2 sdm · Nasional/Kacang & Camilan · src:Recipe calc · conf:high
idn-sambal-kecap,Sambal Kecap,120.0,2.0,0.6,27.0,1.2,25,1.0,1500,100,Olahan,Sambal & Bumbu,,15,Sambal Kecap Manis,Sweet Soy Chili Dipping Sambal · Sambal Kecap Manis · 1 sdm · Nasional/Sambal · src:Recipe calc · conf:high
idn-sambal-kecap-sate,Sambal Kecap Sate,110.0,2.5,0.5,24.0,0.8,25,1.2,1800,100,Olahan,Sambal & Bumbu,,30,Kecap Sambal Sate Sambal Kecap,Sweet Soy Chilli Dip For Satay · Kecap Sambal Sate Sambal Kecap · 2 sdm · Nasional/Sambal · src:Recipe calc · conf:medium
idn-sambal-rawit-mentah,Sambal Rawit Mentah,85.0,2.8,2.5,14.0,5.5,25,1.4,800,100,Olahan,Sambal & Bumbu,,12,Sambal Mentah Rawit Sambal Uleg Mentah,Raw Bird's Eye Chili Sambal · Sambal Mentah Rawit Sambal Uleg Mentah · 1 sdm · Nasional/Sambal · src:Recipe calc · conf:medium
idn-sambal-terasi,Sambal Terasi,105.0,3.5,6.0,9.5,2.0,40,1.4,900,100,Olahan,Sambal & Bumbu,,20,Sambal Terasi Matang Sambel Terasi,Shrimp Paste Chilli Sambal · Sambal Terasi Matang Sambel Terasi · 1 sdm · Nasional/Sambal · src:Recipe calc · conf:high
idn-sambal-tomat,Sambal Tomat,130.0,2.0,10.0,9.0,2.2,20,0.9,650,100,Olahan,Sambal & Bumbu,,15,Sambal Lado Tomat,Tomato Chili Sambal · Sambal Lado Tomat · 1 sdm · Nasional/Sambal · src:Recipe calc · conf:high
idn-saus-sambal-botol,Saus Sambal Botol,105.0,1.0,0.3,25.0,1.0,15,0.7,1200,100,Olahan,Sambal & Bumbu,,15,Chili Sauce Saus Sambal,Bottled Chili Sauce · Chili Sauce Saus Sambal · 1 sdm · Nasional/Sambal · src:FatSecret ID · conf:high
idn-saus-tiram,Saus Tiram,90.0,2.0,0.3,20.0,0.3,30,0.5,3000,100,Olahan,Sambal & Bumbu,,16,Oyster Sauce Saori Saus Tiram,Oyster Sauce · Oyster Sauce Saori Saus Tiram · 1 sdm · Nasional/Bumbu & Saus · src:FatSecret ID · conf:medium
idn-saus-tomat-botol,Saus Tomat Botol,90.0,1.2,0.2,21.5,0.8,15,0.5,900,100,Olahan,Sambal & Bumbu,,15,Ketchup Saus Tomat,Bottled Tomato Ketchup · Ketchup Saus Tomat · 1 sdm · Nasional/Bumbu & Saus · src:USDA analog · conf:high
idn-serundeng-kelapa,Serundeng Kelapa,400.0,5.0,28.0,33.0,8.0,30,2.0,500,100,Olahan,Sambal & Bumbu,,20,Sambal Serundeng Serundeng,Spiced Toasted Coconut Relish · Sambal Serundeng Serundeng · 2 sdm · Nasional/Bumbu & Saus · src:Recipe calc · conf:medium
idn-terasi-bakar,Terasi Bakar,155.0,30.0,3.5,2.0,0.5,100,3.0,4200,100,Olahan,Sambal & Bumbu,,5,Belacan Bakar Terasi Panggang,Grilled Shrimp Paste · Belacan Bakar Terasi Panggang · 1 sdt · Nasional/Bumbu & Saus · src:TKPI · conf:medium
idn-sambal-luat,Sambal Luat,110.0,2.5,6.0,12.0,3.0,40,1.8,800,100,Olahan,Sambal & Bumbu,,20,Sambal Lu'at Sambal Lu'at Kupang,"Timorese Chilli, Lime & Basil Sambal · Sambal Lu'at Sambal Lu'at Kupang · 1 sdm · Nusa Tenggara Timur/Sambal · src:Recipe calc · conf:medium"
idn-bakasang,Bakasang,95.0,13.5,2.5,4.0,0.3,60,2.5,2400,100,Olahan,Sambal & Bumbu,,15,Bakasang Manado Kecap Ikan Fermentasi,Fermented Fish Condiment · Bakasang Manado Kecap Ikan Fermentasi · 1 sendok makan · Sulawesi Utara/Bumbu & Saus · src:Estimate · conf:low
idn-bumbu-rica-rica,Bumbu Rica-Rica,132.0,2.5,8.5,11.5,3.2,45,1.5,750,100,Olahan,Sambal & Bumbu,,30,Bumbu Rica Sambal Rica-Rica,Rica-Rica Chili Paste · Bumbu Rica Sambal Rica-Rica · 2 sendok makan · Sulawesi Utara/Gulai & Kari · src:Recipe calc · conf:medium
idn-bumbu-woku,Bumbu Woku,146.0,3.0,10.0,11.0,3.5,55,1.8,700,100,Olahan,Sambal & Bumbu,,30,Bumbu Woku Manado,Woku Spice Paste · Bumbu Woku Manado · 2 sendok makan · Sulawesi Utara/Gulai & Kari · src:Recipe calc · conf:medium
idn-dabu-dabu-bakar,Dabu-Dabu Bakar,110.0,2.0,7.5,8.5,2.8,28,1.0,480,100,Olahan,Sambal & Bumbu,,20,Sambal Dabu-Dabu Bakar,Grilled Chili Relish · Sambal Dabu-Dabu Bakar · 1 sendok makan · Sulawesi Utara/Sambal · src:Recipe calc · conf:medium
idn-dabu-dabu-iris,Dabu-Dabu Iris,96.0,1.5,6.5,8.0,2.5,25,0.8,450,100,Olahan,Sambal & Bumbu,,20,Dabu Dabu Mentah Dabu-Dabu Manado,Fresh Sliced Chili Relish · Dabu Dabu Mentah Dabu-Dabu Manado · 1 sendok makan · Sulawesi Utara/Sambal · src:Recipe calc · conf:high
idn-dabu-dabu-lilang,Dabu-Dabu Lilang,140.0,1.4,12.0,7.0,2.2,24,0.8,460,100,Olahan,Sambal & Bumbu,,20,Dabu Dabu Lilang Dabu-Dabu Siram Minyak,Chili Relish With Hot Oil · Dabu Dabu Lilang Dabu-Dabu Siram Minyak · 1 sendok makan · Sulawesi Utara/Sambal · src:Recipe calc · conf:medium
idn-dabu-dabu-roa,Dabu-Dabu Roa,165.0,8.0,10.5,9.5,2.6,70,2.0,700,100,Olahan,Sambal & Bumbu,,20,Dabu Dabu Roa Manado,Chili Relish With Smoked Fish · Dabu Dabu Roa Manado · 1 sendok makan · Sulawesi Utara/Sambal · src:Recipe calc · conf:medium
idn-sambal-goroho,Sambal Goroho,135.0,2.0,8.0,15.0,2.8,25,1.0,520,100,Olahan,Sambal & Bumbu,,20,Sambal Pisang Goroho,Goroho Banana Chili Sambal · Sambal Pisang Goroho · 1 sendok makan · Sulawesi Utara/Sambal · src:Recipe calc · conf:low
idn-sambal-roa,Sambal Roa,226.0,13.5,14.0,11.5,3.2,100,3.0,880,100,Olahan,Sambal & Bumbu,,18,Sambal Ikan Roa Sambal Roa Manado,Smoked Halfbeak Chili Sambal · Sambal Ikan Roa Sambal Roa Manado · 1 sendok makan · Sulawesi Utara/Sambal · src:Recipe calc · conf:high
idn-kuah-gulai-padang,Kuah Gulai Padang,109.5,2.0,9.5,4.0,0.6,22,0.8,420,100,Olahan,Sambal & Bumbu,,60,Kuah Nasi Padang Kuah Santan Padang Siraman Kuah Gulai,Padang Curry Gravy · Kuah Nasi Padang Kuah Santan Padang Siraman Kuah Gulai · 1 sendok sayur · Sumatera Barat/Soto & Sup · src:Recipe calc · conf:high
idn-kuah-sate-padang,Kuah Sate Padang,95.5,2.0,3.5,14.0,1.0,20,1.2,620,100,Olahan,Sambal & Bumbu,,60,Kuah Sate Pariaman Saus Sate Padang,Padang Satay Spiced Rice-Flour Gravy · Kuah Sate Pariaman Saus Sate Padang · 1 sendok sayur · Sumatera Barat/Soto & Sup · src:Recipe calc · conf:medium
idn-sambal-ijo-padang,Sambal Ijo Padang,132.0,2.5,10.0,8.0,3.0,30,1.0,480,100,Olahan,Sambal & Bumbu,,20,Lado Mudo Sambal Hijau Padang Sambal Lado Ijo,Padang Steamed Green Chili Sambal · Lado Mudo Sambal Hijau Padang Sambal Lado Ijo · 1 sendok makan · Sumatera Barat/Sambal · src:Recipe calc · conf:high
idn-sambal-lado-tanak,Sambal Lado Tanak,218.0,6.0,18.0,8.0,2.8,90,2.0,620,100,Olahan,Sambal & Bumbu,,25,Lado Tanak Sambal Lado Tanak Padang,Cooked Coconut Milk Chili Sambal · Lado Tanak Sambal Lado Tanak Padang · 1 sendok makan · Sumatera Barat/Sambal · src:Recipe calc · conf:medium
idn-sambal-merah-padang,Sambal Merah Padang,154.0,2.5,12.0,9.0,3.2,28,1.2,520,100,Olahan,Sambal & Bumbu,,20,Lado Merah Sambal Lado Padang,Padang Red Chili Sambal · Lado Merah Sambal Lado Padang · 1 sendok makan · Sumatera Barat/Sambal · src:Recipe calc · conf:high
idn-cuko-pempek,Cuko Pempek,130.0,0.8,0.3,32.0,0.5,25,0.8,700,100,Olahan,Sambal & Bumbu,,50,Cuka Pempek Kuah Cuko,Palembang Sweet-Sour Chilli Dipping Sauce · Cuka Pempek Kuah Cuko · 1 mangkuk kecil · Sumatera Selatan/Bumbu & Saus · src:Recipe calc · conf:high
idn-sambal-andaliman,Sambal Andaliman,150.0,3.0,10.5,10.0,3.5,60,2.5,900,100,Olahan,Sambal & Bumbu,,20,Sambal Batak Sambal Tombur Andaliman,Batak Andaliman Pepper Chilli Paste · Sambal Batak Sambal Tombur Andaliman · 1 sdm · Sumatera Utara/Sambal · src:Recipe calc · conf:medium
idn-sambal-tinombur,Sambal Tinombur,165.0,4.0,12.0,9.0,3.0,70,2.4,850,100,Olahan,Sambal & Bumbu,,25,Sambal Tombur Tinombur,Batak Roasted Chilli & Candlenut Sambal · Sambal Tombur Tinombur · 1 sdm · Sumatera Utara/Sambal · src:Recipe calc · conf:medium
idn-kuah-pliek-u,Kuah Pliek U,110.0,3.5,7.5,7.5,2.8,55,1.4,400,100,Olahan,Sayur & Sup,,250,Gulai Pliek U Kuah Pliek,Acehnese Vegetable Curry With Fermented Coconut · Gulai Pliek U Kuah Pliek · 1 porsi · Aceh/Soto & Sup · src:Recipe calc · conf:medium
idn-jukut-ares,Jukut Ares,65.0,3.0,3.5,5.5,2.0,40,1.0,380,100,Olahan,Sayur & Sup,,250,Ares Jukut Ares Bali,Balinese Banana Stem Soup · Ares Jukut Ares Bali · 1 mangkok · Bali/Soto & Sup · src:Recipe calc · conf:medium
idn-jukut-urab,Jukut Urab,115.0,3.5,7.5,8.5,3.5,70,1.6,320,100,Olahan,Sayur & Sup,,100,Urab Bali Urap Sayur Bali,Balinese Vegetables With Spiced Grated Coconut · Urab Bali Urap Sayur Bali · 1 porsi · Bali/Sayur · src:Recipe calc · conf:high
idn-komoh,Komoh,70.0,8.0,3.5,1.5,0.5,15,1.4,450,100,Olahan,Sayur & Sup,,200,Komoh Bali Kuah Komoh,Balinese Spiced Clear Meat Broth · Komoh Bali Kuah Komoh · 1 mangkok · Bali/Soto & Sup · src:Recipe calc · conf:low
idn-lawar-nangka,Lawar Nangka,130.0,3.5,9.0,9.0,3.5,45,1.4,350,100,Olahan,Sayur & Sup,,100,Lawar Nangka Muda Lawar Vegetarian,Balinese Young Jackfruit & Coconut Salad · Lawar Nangka Muda Lawar Vegetarian · 1 porsi · Bali/Sayur · src:Recipe calc · conf:medium
idn-plecing-kangkung-bali,Plecing Kangkung Bali,75.0,3.0,4.0,7.0,2.5,90,2.2,380,100,Olahan,Sayur & Sup,,120,Kangkung Plecing Bali Plecing Kangkung,Balinese Water Spinach With Chilli Tomato Sambal · Kangkung Plecing Bali Plecing Kangkung · 1 porsi · Bali/Sayur · src:Recipe calc · conf:high
idn-srombotan,Srombotan,120.0,4.5,7.0,10.0,3.5,75,1.8,340,100,Olahan,Sayur & Sup,,150,Serombotan Srombotan Klungkung,Klungkung Mixed Vegetable Salad With Spicy Sauce · Serombotan Srombotan Klungkung · 1 porsi · Bali/Sayur · src:Recipe calc · conf:medium
idn-angeun-lada,Angeun Lada,128.0,11.0,8.0,3.5,0.8,30,2.0,450,100,Olahan,Sayur & Sup,,200,Angeun Lada Pandeglang Sayur Lada Banten,Banten Peppery Offal Soup · Angeun Lada Pandeglang Sayur Lada Banten · 1 mangkok · Banten/Soto & Sup · src:Recipe calc · conf:low
idn-lotek,Lotek,132.0,5.5,6.5,13.0,3.2,95,2.5,330,100,Olahan,Sayur & Sup,,220,Lotek Jogja Lotek Sayur,Javanese Salad With Peanut Sauce · Lotek Jogja Lotek Sayur · 1 porsi · DI Yogyakarta/Sayur · src:Recipe calc · conf:medium
idn-asinan-betawi,Asinan Betawi,92.0,2.5,3.0,14.5,1.8,40,0.8,420,100,Olahan,Sayur & Sup,,250,Asinan Jakarta Asinan Sayur Betawi,Betawi Pickled Vegetable Salad With Peanut Sauce · Asinan Jakarta Asinan Sayur Betawi · 1 porsi · DKI Jakarta/Sayur · src:Recipe calc · conf:high
idn-sayur-babanci,Sayur Babanci,142.0,6.0,11.0,5.0,1.2,45,1.3,430,100,Olahan,Sayur & Sup,,200,Babanci Ketupat Babanci,Betawi Rare Spiced Coconut Beef Stew · Babanci Ketupat Babanci · 1 mangkok · DKI Jakarta/Sayur · src:Recipe calc · conf:low
idn-sayur-besan,Sayur Besan,118.0,3.5,8.5,7.0,1.5,45,1.0,380,100,Olahan,Sayur & Sup,,200,Sayur Besan Betawi Sayur Terubuk,Betawi Terubuk Coconut Stew · Sayur Besan Betawi Sayur Terubuk · 1 mangkok · DKI Jakarta/Sayur · src:Recipe calc · conf:low
idn-sayur-godog-betawi,Sayur Godog Betawi,88.0,1.8,6.5,6.0,1.4,35,0.7,360,100,Olahan,Sayur & Sup,,200,Sayur Godog Sayur Lodeh Betawi,Betawi Coconut Chayote & Papaya Stew · Sayur Godog Sayur Lodeh Betawi · 1 mangkok · DKI Jakarta/Sayur · src:Recipe calc · conf:medium
idn-sop-kaki-kambing-betawi,Sop Kaki Kambing Betawi,115.0,8.0,8.0,3.0,0.3,40,1.6,460,100,Olahan,Sayur & Sup,,350,Sop Kaki Kambing Sup Kaki Kambing Betawi,Betawi Goat Trotter Soup · Sop Kaki Kambing Sup Kaki Kambing Betawi · 1 mangkok · DKI Jakarta/Kambing · src:Recipe calc · conf:medium
idn-binte-biluhuta,Binte Biluhuta,98.0,5.0,2.5,14.0,2.2,20,0.8,340,100,Olahan,Sayur & Sup,,300,Binthe Biluhuta Milu Siram,Gorontalo Corn And Fish Soup · Binthe Biluhuta Milu Siram · 1 mangkok · Gorontalo/Soto & Sup · src:Recipe calc · conf:high
idn-uta-dada,Uta Dada,115.0,9.0,7.5,3.0,0.6,20,0.8,400,100,Olahan,Sayur & Sup,,300,Ayam Uta Dada Uta Dada Gorontalo,Grilled Chicken In Coconut Broth · Ayam Uta Dada Uta Dada Gorontalo · 1 mangkok · Gorontalo/Ayam · src:Recipe calc · conf:medium
idn-asinan-bogor,Asinan Bogor,68.0,0.8,0.6,15.5,1.6,22,0.5,260,100,Olahan,Sayur & Sup,,250,Asinan Buah Asinan Buah Bogor,Bogor Pickled Fruit Salad · Asinan Buah Asinan Buah Bogor · 1 porsi · Jawa Barat/Sayur · src:Recipe calc · conf:high
idn-cobek-terong,Cobek Terong,96.0,1.8,7.0,6.5,2.2,25,0.7,340,100,Olahan,Sayur & Sup,,100,Cobek Terong Sunda Terong Cobek,Grilled Eggplant In Chilli Paste · Cobek Terong Sunda Terong Cobek · 1 porsi · Jawa Barat/Sayur · src:Recipe calc · conf:medium
idn-lalapan-sunda,Lalapan Sunda,28.0,1.8,0.3,4.8,2.0,45,0.9,12,100,Olahan,Sayur & Sup,,80,Lalab Sunda Lalapan Segar,Sundanese Raw Vegetable Platter · Lalab Sunda Lalapan Segar · 1 porsi · Jawa Barat/Sayur · src:TKPI · conf:high
idn-sayur-asem-sunda,Sayur Asem Sunda,42.0,1.5,0.6,7.5,1.8,35,0.8,300,100,Olahan,Sayur & Sup,,200,Sayur Asem Sayur Asem Bening Sunda,Sundanese Sour Tamarind Vegetable Soup · Sayur Asem Sayur Asem Bening Sunda · 1 mangkok · Jawa Barat/Sayur · src:Recipe calc · conf:high
idn-sop-gurih,Sop Gurih,78.0,4.5,5.0,4.0,0.6,28,0.8,400,100,Olahan,Sayur & Sup,,300,Sayur Sop Santan Sop Gurih Sunda,Sundanese Savoury Coconut Soup · Sayur Sop Santan Sop Gurih Sunda · 1 mangkok · Jawa Barat/Soto & Sup · src:Recipe calc · conf:medium
idn-tumis-genjer,Tumis Genjer,78.0,2.5,5.0,6.0,2.2,60,2.0,320,100,Olahan,Sayur & Sup,,100,Genjer Tumis Oseng Genjer,Stir-Fried Yellow Velvetleaf · Genjer Tumis Oseng Genjer · 1 porsi · Jawa Barat/Sayur · src:Recipe calc · conf:medium
idn-tumis-leunca,Tumis Leunca,112.0,5.5,7.0,7.0,2.5,80,2.2,340,100,Olahan,Sayur & Sup,,100,Oseng Leunca Oncom Ulukutek Leunca,Stir-Fried Black Nightshade Berries · Oseng Leunca Oncom Ulukutek Leunca · 1 porsi · Jawa Barat/Sayur · src:Recipe calc · conf:medium
idn-gado-gado-jawa,Gado-Gado Jawa,137.0,6.1,3.2,21.0,1.1,301,7.5,320,100,Olahan,Sayur & Sup,,250,Gado-Gado Gadogado,Javanese Vegetable Salad With Peanut Sauce · Gado-Gado Gadogado · 1 porsi · Jawa Tengah/Sayur · src:NilaiGizi · conf:high
idn-gudangan,Gudangan,101.0,3.8,5.5,9.0,3.2,105,2.1,290,100,Olahan,Sayur & Sup,,120,Gudhangan Kluban Urap Gudangan,Steamed Vegetables With Coconut Sambal · Gudhangan Kluban Urap Gudangan · 1 porsi · Jawa Tengah/Sayur · src:Recipe calc · conf:medium
idn-jangan-gori,Jangan Gori,82.0,2.5,4.0,9.0,2.4,55,1.1,330,100,Olahan,Sayur & Sup,,200,Jangan Tewel Sayur Gori Sayur Nangka Muda,Young Jackfruit Coconut Stew · Jangan Tewel Sayur Gori Sayur Nangka Muda · 1 mangkok · Jawa Tengah/Soto & Sup · src:Recipe calc · conf:medium
idn-pindang-serani,Pindang Serani,77.0,10.0,3.0,2.5,0.5,30,0.8,420,100,Olahan,Sayur & Sup,,300,Pindang Srani Sup Ikan Jepara,Jepara Clear Sour Fish Soup · Pindang Srani Sup Ikan Jepara · 1 mangkok · Jawa Tengah/Ikan · src:Recipe calc · conf:medium
idn-sayur-asem-jawa,Sayur Asem Jawa,43.0,1.8,0.6,7.5,1.8,40,0.9,290,100,Olahan,Sayur & Sup,,200,Jangan Asem Sayur Asam,Javanese Sour Tamarind Vegetable Soup · Jangan Asem Sayur Asam · 1 mangkok · Jawa Tengah/Soto & Sup · src:Recipe calc · conf:high
idn-sayur-bening-bayam,Sayur Bening Bayam,28.0,1.8,0.3,4.5,1.4,80,1.9,180,100,Olahan,Sayur & Sup,,200,Bening Bayam Jangan Bayem Sayur Bening,Clear Spinach Soup · Bening Bayam Jangan Bayem Sayur Bening · 1 mangkok · Jawa Tengah/Sayur · src:TKPI · conf:high
idn-sop-ayam-kampung,Sop Ayam Kampung,56.0,5.5,2.5,3.0,0.6,20,0.6,450,100,Olahan,Sayur & Sup,,400,Sop Ayam Sup Ayam Kampung Klaten,Free-Range Chicken Soup · Sop Ayam Sup Ayam Kampung Klaten · 1 mangkok · Jawa Tengah/Ayam · src:Recipe calc · conf:high
idn-trancam,Trancam,97.0,3.5,5.5,8.5,3.2,100,2.0,280,100,Olahan,Sayur & Sup,,120,Terancam Trancam Jawa,Raw Vegetables With Grated Coconut · Terancam Trancam Jawa · 1 porsi · Jawa Tengah/Sayur · src:Recipe calc · conf:medium
idn-urap-sayur,Urap Sayur,106.0,3.5,6.0,9.5,3.4,110,2.2,300,100,Olahan,Sayur & Sup,,120,Urap Urap-Urap Urapan,Vegetables With Seasoned Grated Coconut · Urap Urap-Urap Urapan · 1 porsi · Jawa Tengah/Sayur · src:Recipe calc · conf:high
idn-gangan-asam-banjar,Gangan Asam Banjar,68.0,8.0,2.0,4.5,0.6,30,0.6,400,100,Olahan,Sayur & Sup,,250,Gangan Asam Sayur Asam Banjar,Banjarese Sour Fish & Vegetable Soup · Gangan Asam Sayur Asam Banjar · 1 mangkok · Kalimantan Selatan/Soto & Sup · src:Recipe calc · conf:high
idn-gangan-humbut,Gangan Humbut,96.0,2.0,6.5,7.5,1.8,25,0.6,320,100,Olahan,Sayur & Sup,,200,Gangan Umbut Sayur Humbut Kelapa,Banjarese Palm Heart Coconut Soup · Gangan Umbut Sayur Humbut Kelapa · 1 mangkok · Kalimantan Selatan/Soto & Sup · src:Recipe calc · conf:medium
idn-juhu-singkah,Juhu Singkah,85.0,2.0,5.5,7.0,2.5,30,0.8,300,100,Olahan,Sayur & Sup,,200,Juhu Singkah Uwei Umbut Rotan,Dayak Rattan Shoot Soup In Coconut Milk · Juhu Singkah Uwei Umbut Rotan · 1 mangkok · Kalimantan Tengah/Sayur · src:Recipe calc · conf:medium
idn-juhu-umbut-sawit,Juhu Umbut Sawit,80.0,1.8,5.0,7.0,2.2,25,0.7,300,100,Olahan,Sayur & Sup,,200,Juhu Umbut Kelapa Sawit Umbut Sawit,Dayak Palm Heart Soup · Juhu Umbut Kelapa Sawit Umbut Sawit · 1 mangkok · Kalimantan Tengah/Sayur · src:Recipe calc · conf:medium
idn-kalumpe,Kalumpe,114.0,4.5,7.5,7.0,3.0,90,2.0,330,100,Olahan,Sayur & Sup,,150,Karuang Sayur Kalumpe,Dayak Pounded Cassava Leaves In Coconut Milk · Karuang Sayur Kalumpe · 1 porsi · Kalimantan Tengah/Sayur · src:Recipe calc · conf:medium
idn-lempah-darat,Lempah Darat,55.0,2.0,1.5,8.0,2.5,45,1.0,380,100,Olahan,Sayur & Sup,,250,Lempah Darat Bangka Lempah Sayur,Bangka Vegetable Land Soup · Lempah Darat Bangka Lempah Sayur · 1 mangkok · Kepulauan Bangka Belitung/Sayur · src:Recipe calc · conf:medium
idn-sop-ikan-batam,Sop Ikan Batam,65.0,8.5,2.0,3.0,0.5,30,0.5,450,100,Olahan,Sayur & Sup,,350,Sop Ikan Tenggiri Batam Sup Ikan Batam,Batam Clear Fish Soup · Sop Ikan Tenggiri Batam Sup Ikan Batam · 1 mangkok · Kepulauan Riau/Ikan · src:Recipe calc · conf:medium
idn-gulai-taboh,Gulai Taboh,130.0,7.5,8.5,6.0,1.8,45,1.2,420,100,Olahan,Sayur & Sup,,250,Gulai Taboh Lampung Taboh Iwa,Lampung Coconut Fish & Vegetable Curry · Gulai Taboh Lampung Taboh Iwa · 1 porsi · Lampung/Gulai & Kari · src:Recipe calc · conf:low
idn-bayam-rebus,Bayam Rebus,23.0,2.9,0.3,3.8,2.4,136,3.6,70,100,Olahan,Sayur & Sup,,80,Bayam Kukus,Boiled Spinach · Bayam Kukus · 1 porsi · Nasional/Sayur · src:USDA analog · conf:high
idn-brokoli-rebus,Brokoli Rebus,35.0,2.4,0.4,7.2,3.3,40,0.7,41,100,Olahan,Sayur & Sup,,80,Brokoli Kukus,Boiled Broccoli · Brokoli Kukus · 1 porsi · Nasional/Sayur · src:USDA analog · conf:high
idn-cah-brokoli,Cah Brokoli,72.0,3.0,4.8,5.5,2.2,50,0.8,300,100,Olahan,Sayur & Sup,,100,Brokoli Tumis Tumis Brokoli,Stir-Fried Broccoli · Brokoli Tumis Tumis Brokoli · 1 porsi · Nasional/Sayur · src:Recipe calc · conf:high
idn-cah-kailan,Cah Kailan,68.0,2.4,4.8,4.2,1.8,90,1.0,310,100,Olahan,Sayur & Sup,,100,Kailan Tumis Tumis Kailan,Stir-Fried Chinese Kale · Kailan Tumis Tumis Kailan · 1 porsi · Nasional/Sayur · src:Recipe calc · conf:high
idn-cah-kangkung-terasi,Cah Kangkung Terasi,79.0,3.0,5.5,4.5,2.0,90,2.0,480,100,Olahan,Sayur & Sup,,120,Kangkung Terasi Tumis Kangkung Terasi,Stir-Fried Water Spinach With Shrimp Paste · Kangkung Terasi Tumis Kangkung Terasi · 1 porsi · Nasional/Sayur · src:Recipe calc · conf:high
idn-cah-tauge-ikan-asin,Cah Tauge Ikan Asin,96.0,6.0,6.0,4.5,1.5,60,1.2,720,100,Olahan,Sayur & Sup,,120,Tumis Tauge Ikan Asin,Stir-Fried Bean Sprouts With Salted Fish · Tumis Tauge Ikan Asin · 1 porsi · Nasional/Ikan · src:Recipe calc · conf:medium
idn-lalapan-segar-campur,Lalapan Segar Campur,20.0,1.2,0.2,4.0,1.5,40,0.6,10,100,Olahan,Sayur & Sup,,80,Lalap Mentah Lalapan Mentah,Fresh Raw Vegetable Platter · Lalap Mentah Lalapan Mentah · 1 porsi · Nasional/Sayur · src:Recipe calc · conf:high
idn-oseng-kacang-panjang,Oseng Kacang Panjang,80.0,2.5,5.0,6.5,2.5,45,1.0,320,100,Olahan,Sayur & Sup,,100,Cah Kacang Panjang Tumis Kacang Panjang,Stir-Fried Long Beans · Cah Kacang Panjang Tumis Kacang Panjang · 1 porsi · Nasional/Sayur · src:Recipe calc · conf:high
idn-sapo-tahu-seafood,Sapo Tahu Seafood,106.0,7.5,6.0,5.5,0.9,90,1.3,520,100,Olahan,Sayur & Sup,,200,Sapo Tahu Tahu Sapo Seafood,Claypot Tofu With Seafood · Sapo Tahu Tahu Sapo Seafood · 1 porsi · Nasional/Seafood · src:Recipe calc · conf:medium
idn-soto-ayam-kampung,Soto Ayam Kampung,61.0,6.5,2.8,2.5,0.4,20,0.7,520,100,Olahan,Sayur & Sup,,350,Soto Ayam Kampung Bening,Free-Range Chicken Clear Soto · Soto Ayam Kampung Bening · 1 mangkok · Nasional/Ayam · src:Recipe calc · conf:high
idn-soto-daging-bening,Soto Daging Bening,65.0,7.0,3.2,2.0,0.4,18,1.2,540,100,Olahan,Sayur & Sup,,350,Soto Daging Kuah Bening Soto Sapi Bening,Clear Beef Soto · Soto Daging Kuah Bening Soto Sapi Bening · 1 mangkok · Nasional/Daging Sapi · src:Recipe calc · conf:high
idn-sup-kepala-ikan-kakap,Sup Kepala Ikan Kakap,75.0,8.0,3.5,3.0,0.4,35,0.6,420,100,Olahan,Sayur & Sup,,350,Sop Kepala Ikan Sup Kepala Kakap,Snapper Head Soup · Sop Kepala Ikan Sup Kepala Kakap · 1 mangkok · Nasional/Ikan · src:Recipe calc · conf:medium
idn-terong-goreng,Terong Goreng,165.0,1.0,14.0,7.5,2.5,15,0.4,120,100,Olahan,Sayur & Sup,,90,Terong Krispi Terung Goreng,Fried Eggplant · Terong Krispi Terung Goreng · 3 potong · Nasional/Sayur · src:Recipe calc · conf:medium
idn-tumis-bayam,Tumis Bayam,70.0,3.0,5.0,3.5,2.0,120,2.5,300,100,Olahan,Sayur & Sup,,100,Bayam Tumis Cah Bayam,Stir-Fried Spinach · Bayam Tumis Cah Bayam · 1 porsi · Nasional/Sayur · src:Recipe calc · conf:high
idn-tumis-sawi-hijau,Tumis Sawi Hijau,58.0,2.0,4.3,3.0,1.5,100,1.2,300,100,Olahan,Sayur & Sup,,100,Cah Sawi Hijau Tumis Caisim,Stir-Fried Mustard Greens · Cah Sawi Hijau Tumis Caisim · 1 porsi · Nasional/Sayur · src:Recipe calc · conf:high
idn-tumis-toge,Tumis Toge,60.0,3.0,4.0,4.0,1.4,25,0.7,280,100,Olahan,Sayur & Sup,,100,Cah Tauge Tumis Tauge,Stir-Fried Bean Sprouts · Cah Tauge Tumis Tauge · 1 porsi · Nasional/Sayur · src:Recipe calc · conf:high
idn-ares-lombok,Ares Lombok,90.0,3.0,6.0,6.0,2.2,45,1.0,380,100,Olahan,Sayur & Sup,,250,Ares Sasak Sayur Ares,Sasak Banana Stem In Coconut Milk · Ares Sasak Sayur Ares · 1 mangkok · Nusa Tenggara Barat/Soto & Sup · src:Recipe calc · conf:medium
idn-beberuk-terong,Beberuk Terong,85.0,2.0,5.5,7.5,3.0,30,0.9,420,100,Olahan,Sayur & Sup,,100,Beberok Lombok Beberuk Terung,Sasak Raw Eggplant & Chilli Salad · Beberok Lombok Beberuk Terung · 1 porsi · Nusa Tenggara Barat/Sayur · src:Recipe calc · conf:medium
idn-kelaq-batih,Kelaq Batih,95.0,5.5,3.0,12.0,3.5,40,1.4,340,100,Olahan,Sayur & Sup,,250,Kelaq Batih Lombok Sayur Batih,Sasak Mung Bean & Long Bean Soup · Kelaq Batih Lombok Sayur Batih · 1 mangkok · Nusa Tenggara Barat/Soto & Sup · src:Recipe calc · conf:low
idn-plecing-kangkung-lombok,Plecing Kangkung Lombok,80.0,3.2,4.2,7.5,2.8,95,2.4,400,100,Olahan,Sayur & Sup,,120,Kangkung Plecing Plecing Kangkung Sasak,Lombok Water Spinach With Chilli Sambal · Kangkung Plecing Plecing Kangkung Sasak · 1 porsi · Nusa Tenggara Barat/Sayur · src:Recipe calc · conf:high
idn-katemak,Katemak,90.0,4.0,2.0,14.0,3.2,45,1.4,300,100,Olahan,Sayur & Sup,,250,Catemak Jagung Jagung Katemak,Timorese Savoury Corn & Vegetable Stew · Catemak Jagung Jagung Katemak · 1 mangkok · Nusa Tenggara Timur/Soto & Sup · src:Recipe calc · conf:medium
idn-muku-loto,Muku Loto,95.0,6.0,5.5,5.5,2.0,45,1.4,400,100,Olahan,Sayur & Sup,,250,Muku Loto Flores Sayur Muku Loto,Flores Banana Stem & Beef Stew · Muku Loto Flores Sayur Muku Loto · 1 mangkok · Nusa Tenggara Timur/Soto & Sup · src:Recipe calc · conf:medium
idn-rumpu-rampe,Rumpu Rampe,110.0,3.5,7.5,7.0,3.5,90,2.2,380,100,Olahan,Sayur & Sup,,100,Rumpu Rampe NTT Tumis Bunga Pepaya,Flores Papaya Flower & Leaf Stir-Fry · Rumpu Rampe NTT Tumis Bunga Pepaya · 1 porsi · Nusa Tenggara Timur/Sayur · src:Recipe calc · conf:medium
idn-kaledo,Kaledo,115.0,11.5,6.5,2.5,0.4,20,1.4,420,100,Olahan,Sayur & Sup,,350,Kaledo Palu Sup Kaki Lembu Donggala,Palu Beef Shank Bone Soup · Kaledo Palu Sup Kaki Lembu Donggala · 1 mangkok · Sulawesi Tengah/Daging Sapi · src:Recipe calc · conf:medium
idn-palumara,Palumara,85.0,11.0,3.0,3.2,0.5,25,0.9,400,100,Olahan,Sayur & Sup,,300,Ikan Palumara Palu Mara,Sour Yellow Fish Soup · Ikan Palumara Palu Mara · 1 mangkok · Sulawesi Tengah/Ikan · src:Recipe calc · conf:medium
idn-uta-kelo,Uta Kelo,112.0,3.5,8.5,5.5,2.5,120,2.2,320,100,Olahan,Sayur & Sup,,200,Sayur Kelor Santan Palu,Moringa Leaves In Coconut Milk · Sayur Kelor Santan Palu · 1 mangkok · Sulawesi Tengah/Sayur · src:Recipe calc · conf:medium
idn-brenebon,Brenebon,95.0,5.5,2.5,12.5,4.0,35,1.5,350,100,Olahan,Sayur & Sup,,300,Sup Brenebon Sup Kacang Merah,Red Kidney Bean Soup · Sup Brenebon Sup Kacang Merah · 1 mangkok · Sulawesi Utara/Soto & Sup · src:Recipe calc · conf:high
idn-garo-bunga-pepaya,Garo Bunga Pepaya,130.0,7.5,8.5,6.0,2.5,70,1.9,450,100,Olahan,Sayur & Sup,,110,Bunga Pepaya Garo Cakalang,Papaya Flower Stir-Fried With Smoked Fish · Bunga Pepaya Garo Cakalang · 1 porsi · Sulawesi Utara/Sayur · src:Recipe calc · conf:high
idn-gohu-manado,Gohu Manado,62.0,0.6,0.2,14.5,1.4,20,0.4,180,100,Olahan,Sayur & Sup,,80,Acar Gohu Gohu Pepaya,Pickled Young Papaya Relish · Acar Gohu Gohu Pepaya · 1 porsi · Sulawesi Utara/Sayur · src:Recipe calc · conf:medium
idn-kohu-kohu,Kohu-Kohu,165.0,11.0,10.0,7.5,3.5,45,1.6,320,100,Olahan,Sayur & Sup,,120,Kohu Kohu Kohu-Kohu Ambon Urap Ikan Manado,Fish And Coconut Vegetable Salad · Kohu Kohu Kohu-Kohu Ambon Urap Ikan Manado · 1 porsi · Sulawesi Utara/Sayur · src:Recipe calc · conf:medium
idn-kuah-asam-ikan-manado,Kuah Asam Ikan Manado,72.0,10.5,1.8,3.0,0.5,25,0.8,380,100,Olahan,Sayur & Sup,,300,Ikan Kuah Asam Kuah Asam Manado,Manado Sour Fish Soup · Ikan Kuah Asam Kuah Asam Manado · 1 mangkok · Sulawesi Utara/Ikan · src:Recipe calc · conf:high
idn-rica-rodo,Rica Rodo,105.0,2.5,6.5,9.5,3.0,35,1.0,380,100,Olahan,Sayur & Sup,,120,Sayur Rica Rodo,Mixed Vegetables In Chili · Sayur Rica Rodo · 1 porsi · Sulawesi Utara/Gulai & Kari · src:Recipe calc · conf:medium
idn-sayur-pakis-tumis,Sayur Pakis Tumis,85.0,2.5,6.0,5.5,3.0,45,1.8,300,100,Olahan,Sayur & Sup,,100,Sayur Paku Tumis Pakis Tumis Paku,Sauteed Fiddlehead Fern · Sayur Paku Tumis Pakis Tumis Paku · 1 porsi · Sulawesi Utara/Sayur · src:Recipe calc · conf:high
idn-sup-brenebon-babi,Sup Brenebon Babi,130.0,7.5,6.5,10.5,3.4,32,1.6,400,100,Olahan,Sayur & Sup,,300,Brenebon Babi Sup Kacang Merah Babi,Red Kidney Bean Soup With Pork · Brenebon Babi Sup Kacang Merah Babi · 1 mangkok · Sulawesi Utara/Babi · src:Recipe calc · conf:high
idn-tumis-bunga-pepaya,Tumis Bunga Pepaya,95.0,3.5,6.5,6.0,2.6,60,1.5,340,100,Olahan,Sayur & Sup,,100,Sayur Bunga Pepaya,Sauteed Papaya Flower · Sayur Bunga Pepaya · 1 porsi · Sulawesi Utara/Sayur · src:Recipe calc · conf:high
idn-tumis-jantung-pisang,Tumis Jantung Pisang,90.0,2.0,6.0,7.5,3.2,30,1.2,320,100,Olahan,Sayur & Sup,,100,Jantung Pisang Tumis Sayur Jantung Pisang,Sauteed Banana Blossom · Jantung Pisang Tumis Sayur Jantung Pisang · 1 porsi · Sulawesi Utara/Sayur · src:Recipe calc · conf:high
idn-tumis-kangkung-bunga-pepaya,Tumis Kangkung Bunga Pepaya,88.0,2.8,6.2,5.5,2.4,80,2.0,330,100,Olahan,Sayur & Sup,,100,Kangkung Bunga Manado,Sauteed Water Spinach With Papaya Flower · Kangkung Bunga Manado · 1 porsi · Sulawesi Utara/Sayur · src:Recipe calc · conf:medium
idn-daun-singkong-rebus-padang,Daun Singkong Rebus Padang,61.5,5.0,1.5,7.0,3.6,130,2.4,15,100,Olahan,Sayur & Sup,,80,Daun Ubi Rebus Pucuak Ubi Rabuih,Boiled Cassava Leaves · Daun Ubi Rebus Pucuak Ubi Rabuih · 1 porsi · Sumatera Barat/Sayur · src:TKPI · conf:high
idn-gulai-kol,Gulai Kol,76.7,1.8,5.5,5.0,1.6,42,0.6,350,100,Olahan,Sayur & Sup,,100,Gulai Kubis Sayur Gulai Kol Padang,Cabbage Curry Padang Style · Gulai Kubis Sayur Gulai Kol Padang · 1 porsi · Sumatera Barat/Gulai & Kari · src:Recipe calc · conf:high
idn-gulai-paku,Gulai Paku,117.0,3.0,9.0,6.0,2.6,55,2.0,380,100,Olahan,Sayur & Sup,,100,Gulai Pakis Gulai Paku Padang Gulai Pucuak Paku,Fern Shoot Curry · Gulai Pakis Gulai Paku Padang Gulai Pucuak Paku · 1 porsi · Sumatera Barat/Gulai & Kari · src:Recipe calc · conf:high
idn-gulai-rebung,Gulai Rebung,108.4,2.6,8.0,6.5,2.4,24,0.7,370,100,Olahan,Sayur & Sup,,100,Gulai Rabuang Gulai Rebung Padang,Bamboo Shoot Curry · Gulai Rabuang Gulai Rebung Padang · 1 porsi · Sumatera Barat/Gulai & Kari · src:Recipe calc · conf:medium
idn-sop-daging-padang,Sop Daging Padang,68.3,6.0,3.5,3.2,0.5,20,0.9,390,100,Olahan,Sayur & Sup,,350,Sop Daging Minang Sup Daging Padang,Padang Clear Beef Soup · Sop Daging Minang Sup Daging Padang · 1 mangkok · Sumatera Barat/Daging Sapi · src:Recipe calc · conf:high
